OK_SIGN,0.0,0.0,0.14538494642485827,-0.044419240934365174,0.2768381120776782,-0.1580771343141537,0.3930882722487989,-0.2908820921521645,0.4407432176244876,-0.4422410452475405,0.10121942139838624,-0.39590956669286864,0.2616816175052452,-0.5738054182639852,0.3636067482686357,-0.5463179117493314,0.41468597667748336,-0.48211323861629346,0.03340023340898188,-0.4612172757973204,0.14441813671849918,-0.7329330708996348,0.27111286162093756,-0.8599827445776465,0.37322304408256984,-0.9277416447296845,0.00021095232307014242,-0.4851861548751851,0.05299785852379283,-0.7328142035639863,0.13174666932906645,-0.8673962198037847,0.2064323884990314,-0.9567327100694808,-0.005176157210379399,-0.4779727757527741,-0.007940139633552352,-0.6851083386620392,0.014590979227776319,-0.8065007096927005,0.05486931643692294,-0.8873781661048786
OK_SIGN,-0.0,0.0,-0.14538494642485827,-0.044419240934365174,-0.2768381120776782,-0.1580771343141537,-0.3930882722487989,-0.2908820921521645,-0.4407432176244876,-0.4422410452475405,-0.10121942139838624,-0.39590956669286864,-0.2616816175052452,-0.5738054182639852,-0.3636067482686357,-0.5463179117493314,-0.41468597667748336,-0.48211323861629346,-0.03340023340898188,-0.4612172757973204,-0.14441813671849918,-0.7329330708996348,-0.27111286162093756,-0.8599827445776465,-0.37322304408256984,-0.9277416447296845,-0.00021095232307014242,-0.4851861548751851,-0.05299785852379283,-0.7328142035639863,-0.13174666932906645,-0.8673962198037847,-0.2064323884990314,-0.9567327100694808,0.005176157210379399,-0.4779727757527741,0.007940139633552352,-0.6851083386620392,-0.014590979227776319,-0.8065007096927005,-0.05486931643692294,-0.8873781661048786
OK_SIGN,0.0,0.0,0.15655198683360505,0.0023990233025791277,0.2985705414484421,-0.08154778058569398,0.4188089100222233,-0.2115816117513934,0.4747100313595242,-0.373606814100387,0.10248486101555179,-0.3410528232826809,0.2985595146612842,-0.4939612174286859,0.41419996647958873,-0.4798392618134589,0.4740652811724881,-0.4190665819566138,0.03155359505865829,-0.4297016646810307,0.15015239445227446,-0.720707830139166,0.28765021982174,-0.8525202693989636,0.3998254720895102,-0.9165912894351551,0.0021035814535558845,-0.47117258734140377,0.05192209885414533,-0.7498906025865397,0.15525260037449468,-0.8768584799436281,0.24954113642538106,-0.9486426742244177,0.0036351641663816543,-0.4725760311827742,0.021021619131401572,-0.6969911755051021,0.07938969891974858,-0.819755819040158,0.14871358884519087,-0.8895752806643051
OK_SIGN,-0.0,0.0,-0.15655198683360505,0.0023990233025791277,-0.2985705414484421,-0.08154778058569398,-0.4188089100222233,-0.2115816117513934,-0.4747100313595242,-0.373606814100387,-0.10248486101555179,-0.3410528232826809,-0.2985595146612842,-0.4939612174286859,-0.41419996647958873,-0.4798392618134589,-0.4740652811724881,-0.4190665819566138,-0.03155359505865829,-0.4297016646810307,-0.15015239445227446,-0.720707830139166,-0.28765021982174,-0.8525202693989636,-0.3998254720895102,-0.9165912894351551,-0.0021035814535558845,-0.47117258734140377,-0.05192209885414533,-0.7498906025865397,-0.15525260037449468,-0.8768584799436281,-0.24954113642538106,-0.9486426742244177,-0.0036351641663816543,-0.4725760311827742,-0.021021619131401572,-0.6969911755051021,-0.07938969891974858,-0.819755819040158,-0.14871358884519087,-0.8895752806643051
OK_SIGN,0.0,0.0,0.1608698443817123,-0.011016964048781082,0.29939252076410156,-0.09573907904199633,0.4207627145638108,-0.22663179059772534,0.47503709460375265,-0.38835512711302705,0.10838211942124554,-0.357363552267123,0.3045811442711134,-0.5146686226483455,0.407231789992248,-0.49615084956178185,0.45989580518178635,-0.441886428373377,0.033850940505224664,-0.43962811961085946,0.18006692248429845,-0.7181051346043614,0.31401372308219627,-0.8412060654600088,0.4248222146176743,-0.9052768007451283,-0.0019474812533649825,-0.47409019957686566,0.06557823324045421,-0.7342724950157452,0.1544045084788977,-0.863542779758029,0.24081839110899303,-0.9481825641214567,-0.006714369047461,-0.46958224192273235,-0.015366817202736497,-0.6635977421809415,0.010857003861981379,-0.7782037108192839,0.05271906722598529,-0.85956876500121
OK_SIGN,-0.0,0.0,-0.1608698443817123,-0.011016964048781082,-0.29939252076410156,-0.09573907904199633,-0.4207627145638108,-0.22663179059772534,-0.47503709460375265,-0.38835512711302705,-0.10838211942124554,-0.357363552267123,-0.3045811442711134,-0.5146686226483455,-0.407231789992248,-0.49615084956178185,-0.45989580518178635,-0.441886428373377,-0.033850940505224664,-0.43962811961085946,-0.18006692248429845,-0.7181051346043614,-0.31401372308219627,-0.8412060654600088,-0.4248222146176743,-0.9052768007451283,0.0019474812533649825,-0.47409019957686566,-0.06557823324045421,-0.7342724950157452,-0.1544045084788977,-0.863542779758029,-0.24081839110899303,-0.9481825641214567,0.006714369047461,-0.46958224192273235,0.015366817202736497,-0.6635977421809415,-0.010857003861981379,-0.7782037108192839,-0.05271906722598529,-0.85956876500121
OK_SIGN,0.0,0.0,0.15753986142723314,-0.02697907878240112,0.2993637500068823,-0.1063150407986408,0.42025388844184486,-0.23235900559245468,0.47321514972340323,-0.38803773990052226,0.12738336181897736,-0.3695037576454124,0.3057474112620494,-0.5419256693036466,0.4146780097083888,-0.5415795363389772,0.47926059745038824,-0.5053157816723538,0.05740114746384216,-0.4456789713336655,0.18757679540792033,-0.7230416931537598,0.31837694748643053,-0.8408337242170117,0.42497280078487887,-0.9052061193966022,0.021129294726825735,-0.4758466057887118,0.07842171368671357,-0.7290431969399351,0.15956199724009668,-0.8556932070312556,0.23971419711625197,-0.9414012786434252,0.011876415677823464,-0.4662041261913124,0.00804698109605432,-0.6658930744879845,0.029386468385289015,-0.7838713016256424,0.06703797032089344,-0.8690831282476941
OK_SIGN,-0.0,0.0,-0.15753986142723314,-0.02697907878240112,-0.2993637500068823,-0.1063150407986408,-0.42025388844184486,-0.23235900559245468,-0.47321514972340323,-0.38803773990052226,-0.12738336181897736,-0.3695037576454124,-0.3057474112620494,-0.5419256693036466,-0.4146780097083888,-0.5415795363389772,-0.47926059745038824,-0.5053157816723538,-0.05740114746384216,-0.4456789713336655,-0.18757679540792033,-0.7230416931537598,-0.31837694748643053,-0.8408337242170117,-0.42497280078487887,-0.9052061193966022,-0.021129294726825735,-0.4758466057887118,-0.07842171368671357,-0.7290431969399351,-0.15956199724009668,-0.8556932070312556,-0.23971419711625197,-0.9414012786434252,-0.011876415677823464,-0.4662041261913124,-0.00804698109605432,-0.6658930744879845,-0.029386468385289015,-0.7838713016256424,-0.06703797032089344,-0.8690831282476941
OK_SIGN,0.0,0.0,0.15703844667422256,-0.02123738380070182,0.29638696646247514,-0.10140072197363571,0.4121589161157129,-0.22754542241846454,0.44881400258507864,-0.3889040475798635,0.12356813517721099,-0.3631712264178438,0.2918367311782451,-0.5396860240748701,0.4008586159996561,-0.5340011529191344,0.46558145840237,-0.49207719892217544,0.055452663611786523,-0.43841432522791873,0.1731847018998803,-0.716407967328422,0.3036489903370266,-0.8419128075440739,0.4104924215247355,-0.9118640095270559,0.021265963751875835,-0.471255287304243,0.07163056936188489,-0.7245728578423345,0.15250285566249489,-0.8519131922776002,0.2325303800178663,-0.9375971259365051,0.014570933040904814,-0.46499663229404875,0.011782970613776696,-0.6643269703118528,0.03642266769287619,-0.7822755430647299,0.07786513218183323,-0.8621541446166697
OK_SIGN,-0.0,0.0,-0.15703844667422256,-0.02123738380070182,-0.29638696646247514,-0.10140072197363571,-0.4121589161157129,-0.22754542241846454,-0.44881400258507864,-0.3889040475798635,-0.12356813517721099,-0.3631712264178438,-0.2918367311782451,-0.5396860240748701,-0.4008586159996561,-0.5340011529191344,-0.46558145840237,-0.49207719892217544,-0.055452663611786523,-0.43841432522791873,-0.1731847018998803,-0.716407967328422,-0.3036489903370266,-0.8419128075440739,-0.4104924215247355,-0.9118640095270559,-0.021265963751875835,-0.471255287304243,-0.07163056936188489,-0.7245728578423345,-0.15250285566249489,-0.8519131922776002,-0.2325303800178663,-0.9375971259365051,-0.014570933040904814,-0.46499663229404875,-0.011782970613776696,-0.6643269703118528,-0.03642266769287619,-0.7822755430647299,-0.07786513218183323,-0.8621541446166697
OK_SIGN,0.0,0.0,0.1539766429449899,-0.01883206808136956,0.2902495082774906,-0.10234675692198092,0.40559208532572916,-0.23075588062017013,0.4520020205091734,-0.3929231074680528,0.10843078584646178,-0.36311152052678486,0.27412779012680105,-0.5516654559868014,0.38270895913727676,-0.5497154161858212,0.4454941087154213,-0.5068932446588041,0.040936845304533766,-0.44046258333670535,0.15841895922859667,-0.7210461929102624,0.29018092498178827,-0.8489295708755114,0.39844584879541445,-0.9171918586521043,0.009252315235839855,-0.4743498755069491,0.05914237640328951,-0.7248874528107002,0.14124967886334303,-0.8550622987026697,0.22115159972096912,-0.9398401227732428,0.004981814396153959,-0.46978337106810364,0.0011759177575625358,-0.6686091434123125,0.025693017152478154,-0.7866084896914637,0.06648781406851738,-0.8657967751622985
OK_SIGN,-0.0,0.0,-0.1539766429449899,-0.01883206808136956,-0.2902495082774906,-0.10234675692198092,-0.40559208532572916,-0.23075588062017013,-0.4520020205091734,-0.3929231074680528,-0.10843078584646178,-0.36311152052678486,-0.27412779012680105,-0.5516654559868014,-0.38270895913727676,-0.5497154161858212,-0.4454941087154213,-0.5068932446588041,-0.040936845304533766,-0.44046258333670535,-0.15841895922859667,-0.7210461929102624,-0.29018092498178827,-0.8489295708755114,-0.39844584879541445,-0.9171918586521043,-0.009252315235839855,-0.4743498755069491,-0.05914237640328951,-0.7248874528107002,-0.14124967886334303,-0.8550622987026697,-0.22115159972096912,-0.9398401227732428,-0.004981814396153959,-0.46978337106810364,-0.0011759177575625358,-0.6686091434123125,-0.025693017152478154,-0.7866084896914637,-0.06648781406851738,-0.8657967751622985
OK_SIGN,0.0,0.0,0.159010786612209,-0.01094978631217253,0.29533607350382635,-0.0874377442454474,0.4055683631921872,-0.22080380586988702,0.4299263002992539,-0.3842090625557095,0.10795393527275368,-0.3413543354697448,0.2784235897234072,-0.5305565217601917,0.3885723421677277,-0.5366811557528842,0.4529231001694894,-0.500309088055018,0.03866867699603508,-0.42555020600146404,0.16458638385553925,-0.7142107953643058,0.2966002543445355,-0.8440873334278151,0.40546632927906123,-0.9141099801560881,0.006497287472800146,-0.4650803683824941,0.06499100871730111,-0.7198721059303923,0.14928081331359244,-0.8529049857247665,0.23203648241513397,-0.9407226370460414,0.0016373783404957797,-0.46371856623272195,0.001655391436533425,-0.6605381160683769,0.029238518987172644,-0.7785740658186842,0.07174253472008225,-0.8625511799928187
OK_SIGN,-0.0,0.0,-0.159010786612209,-0.01094978631217253,-0.29533607350382635,-0.0874377442454474,-0.4055683631921872,-0.22080380586988702,-0.4299263002992539,-0.3842090625557095,-0.10795393527275368,-0.3413543354697448,-0.2784235897234072,-0.5305565217601917,-0.3885723421677277,-0.5366811557528842,-0.4529231001694894,-0.500309088055018,-0.03866867699603508,-0.42555020600146404,-0.16458638385553925,-0.7142107953643058,-0.2966002543445355,-0.8440873334278151,-0.40546632927906123,-0.9141099801560881,-0.006497287472800146,-0.4650803683824941,-0.06499100871730111,-0.7198721059303923,-0.14928081331359244,-0.8529049857247665,-0.23203648241513397,-0.9407226370460414,-0.0016373783404957797,-0.46371856623272195,-0.001655391436533425,-0.6605381160683769,-0.029238518987172644,-0.7785740658186842,-0.07174253472008225,-0.8625511799928187
OK_SIGN,0.0,0.0,0.15706663688946723,-0.015689687444706373,0.29118078527154406,-0.09789981787412495,0.4060282302885853,-0.2273544722477754,0.4492069437372534,-0.3930295200737493,0.10766079453566393,-0.3519263950012389,0.2746637484378955,-0.556086891667305,0.3798092698715767,-0.534850883340945,0.43050942958981925,-0.4675872446351678,0.03788806693116296,-0.43620714219243045,0.16308289658935987,-0.724545861660365,0.2965348501871756,-0.8513137828652053,0.4034243169398905,-0.9150130165749462,0.004934751682894896,-0.47427515731254116,0.0640063824716038,-0.7272349593774803,0.14938500762959628,-0.8618428133197327,0.23037054455484846,-0.9468529327188221,0.0011062448300336676,-0.4726525315103822,-0.0016463319146516613,-0.6713643813286205,0.027531102837900254,-0.7899235608899269,0.07093572159385239,-0.8729909916534832
OK_SIGN,-0.0,0.0,-0.15706663688946723,-0.015689687444706373,-0.29118078527154406,-0.09789981787412495,-0.4060282302885853,-0.2273544722477754,-0.4492069437372534,-0.3930295200737493,-0.10766079453566393,-0.3519263950012389,-0.2746637484378955,-0.556086891667305,-0.3798092698715767,-0.534850883340945,-0.43050942958981925,-0.4675872446351678,-0.03788806693116296,-0.43620714219243045,-0.16308289658935987,-0.724545861660365,-0.2965348501871756,-0.8513137828652053,-0.4034243169398905,-0.9150130165749462,-0.004934751682894896,-0.47427515731254116,-0.0640063824716038,-0.7272349593774803,-0.14938500762959628,-0.8618428133197327,-0.23037054455484846,-0.9468529327188221,-0.0011062448300336676,-0.4726525315103822,0.0016463319146516613,-0.6713643813286205,-0.027531102837900254,-0.7899235608899269,-0.07093572159385239,-0.8729909916534832
OK_SIGN,0.0,0.0,0.16326809167108863,0.0009915076849781588,0.30409750548072795,-0.09454332730466576,0.42260437569305825,-0.24348076360040358,0.44731738214596073,-0.4238732500605175,0.10801398955454189,-0.36697762726767064,0.2869904461093577,-0.5888048901190619,0.40668238111356675,-0.5804655766658288,0.4648939315503652,-0.5203586003377523,0.033864542876944306,-0.4628672517825559,0.16516078039115803,-0.7734193328271015,0.32432806822567734,-0.8785126955312229,0.4442241179971633,-0.8959156952468476,0.00013581582854571333,-0.5110941881867233,0.057769692798823394,-0.8050183451629063,0.1793003551478447,-0.9106407639592227,0.2892668601645889,-0.9438412821350862,-0.0037190336236994615,-0.5161711194129076,0.0049716153053926525,-0.7484704734550498,0.07299383906158387,-0.8556167797364355,0.1554867049492277,-0.903678377965449
OK_SIGN,-0.0,0.0,-0.16326809167108863,0.0009915076849781588,-0.30409750548072795,-0.09454332730466576,-0.42260437569305825,-0.24348076360040358,-0.44731738214596073,-0.4238732500605175,-0.10801398955454189,-0.36697762726767064,-0.2869904461093577,-0.5888048901190619,-0.40668238111356675,-0.5804655766658288,-0.4648939315503652,-0.5203586003377523,-0.033864542876944306,-0.4628672517825559,-0.16516078039115803,-0.7734193328271015,-0.32432806822567734,-0.8785126955312229,-0.4442241179971633,-0.8959156952468476,-0.00013581582854571333,-0.5110941881867233,-0.057769692798823394,-0.8050183451629063,-0.1793003551478447,-0.9106407639592227,-0.2892668601645889,-0.9438412821350862,0.0037190336236994615,-0.5161711194129076,-0.0049716153053926525,-0.7484704734550498,-0.07299383906158387,-0.8556167797364355,-0.1554867049492277,-0.903678377965449
OK_SIGN,0.0,0.0,0.17333046523868598,0.008631146333041548,0.323753853821322,-0.085015499950822,0.4536889859812509,-0.23858530571987274,0.48919450829320055,-0.42617287938153486,0.11948801593910333,-0.3699745326968924,0.31196241430257193,-0.6013533175755814,0.4380081450762725,-0.596530514811111,0.5026590361228475,-0.5337572800254184,0.04060941710171939,-0.47928896820323025,0.18798626821563016,-0.8007250492910176,0.35399693774760976,-0.8896624424481967,0.4741141821695434,-0.8749232460893577,0.002519936426216861,-0.5368817841238394,0.07387389683464553,-0.8437290379738486,0.20730811638086366,-0.936960640754081,0.32184995680929973,-0.9467906871647249,-0.005383338181489558,-0.5473574079669766,0.004046021576277753,-0.7893676812551284,0.08219248971824628,-0.8914729168907157,0.17311916536825084,-0.920645625465534
OK_SIGN,-0.0,0.0,-0.17333046523868598,0.008631146333041548,-0.323753853821322,-0.085015499950822,-0.4536889859812509,-0.23858530571987274,-0.48919450829320055,-0.42617287938153486,-0.11948801593910333,-0.3699745326968924,-0.31196241430257193,-0.6013533175755814,-0.4380081450762725,-0.596530514811111,-0.5026590361228475,-0.5337572800254184,-0.04060941710171939,-0.47928896820323025,-0.18798626821563016,-0.8007250492910176,-0.35399693774760976,-0.8896624424481967,-0.4741141821695434,-0.8749232460893577,-0.002519936426216861,-0.5368817841238394,-0.07387389683464553,-0.8437290379738486,-0.20730811638086366,-0.936960640754081,-0.32184995680929973,-0.9467906871647249,0.005383338181489558,-0.5473574079669766,-0.004046021576277753,-0.7893676812551284,-0.08219248971824628,-0.8914729168907157,-0.17311916536825084,-0.920645625465534
OK_SIGN,0.0,0.0,0.16443802493168844,0.009008620121437924,0.3156609845210494,-0.07844298705646069,0.43745917142566654,-0.21813084923603704,0.4843877257612607,-0.3944687536472496,0.11626388888830255,-0.3645819577938529,0.3046225844086092,-0.5751143107915103,0.42721878806838776,-0.5688161583534683,0.49059682582450836,-0.5066193440515164,0.04163543983434767,-0.46258473599911,0.17491882411114912,-0.7834578434219163,0.33441546583226583,-0.8818417811451509,0.4572325091456293,-0.8893471946210838,0.008892314649184954,-0.5099050056298664,0.07170776146856596,-0.8029235921921583,0.19417819144382895,-0.905520884372258,0.3047908370994922,-0.9386617384468577,0.005079567930080184,-0.5110839260053767,0.012556512794818111,-0.7437424034958503,0.07502982448460127,-0.8538893154672441,0.15237488276504135,-0.9036227637112317
OK_SIGN,-0.0,0.0,-0.16443802493168844,0.009008620121437924,-0.3156609845210494,-0.07844298705646069,-0.43745917142566654,-0.21813084923603704,-0.4843877257612607,-0.3944687536472496,-0.11626388888830255,-0.3645819577938529,-0.3046225844086092,-0.5751143107915103,-0.42721878806838776,-0.5688161583534683,-0.49059682582450836,-0.5066193440515164,-0.04163543983434767,-0.46258473599911,-0.17491882411114912,-0.7834578434219163,-0.33441546583226583,-0.8818417811451509,-0.4572325091456293,-0.8893471946210838,-0.008892314649184954,-0.5099050056298664,-0.07170776146856596,-0.8029235921921583,-0.19417819144382895,-0.905520884372258,-0.3047908370994922,-0.9386617384468577,-0.005079567930080184,-0.5110839260053767,-0.012556512794818111,-0.7437424034958503,-0.07502982448460127,-0.8538893154672441,-0.15237488276504135,-0.9036227637112317
OK_SIGN,0.0,0.0,0.15181084447299772,0.013769989647941516,0.2869859176045219,-0.08488378586336259,0.3957754048715959,-0.2418782691268622,0.4459305012004063,-0.43120937382163776,0.055428063182458846,-0.40002742067737357,0.22486663278122565,-0.6323649029490221,0.3554892729592207,-0.623967996299348,0.43023130024407735,-0.556902891475204,-0.004065938578853846,-0.49057804143896633,0.0867287539368133,-0.8134194190237926,0.23488415663806314,-0.9202581188195345,0.3568124277161059,-0.9341760494828257,-0.01798352567267142,-0.5262008361717212,0.020770561242845015,-0.7986491612102934,0.14937095149899074,-0.9081737497231691,0.265163346633389,-0.9399513149069368,-0.005639211912549473,-0.5234034935173383,-0.008894051678032287,-0.738714772097668,0.05900956880347927,-0.8311574986644951,0.1394145830084613,-0.8661011252617569
OK_SIGN,-0.0,0.0,-0.15181084447299772,0.013769989647941516,-0.2869859176045219,-0.08488378586336259,-0.3957754048715959,-0.2418782691268622,-0.4459305012004063,-0.43120937382163776,-0.055428063182458846,-0.40002742067737357,-0.22486663278122565,-0.6323649029490221,-0.3554892729592207,-0.623967996299348,-0.43023130024407735,-0.556902891475204,0.004065938578853846,-0.49057804143896633,-0.0867287539368133,-0.8134194190237926,-0.23488415663806314,-0.9202581188195345,-0.3568124277161059,-0.9341760494828257,0.01798352567267142,-0.5262008361717212,-0.020770561242845015,-0.7986491612102934,-0.14937095149899074,-0.9081737497231691,-0.265163346633389,-0.9399513149069368,0.005639211912549473,-0.5234034935173383,0.008894051678032287,-0.738714772097668,-0.05900956880347927,-0.8311574986644951,-0.1394145830084613,-0.8661011252617569
OK_SIGN,0.0,0.0,0.1655132715819316,0.0026673423504698156,0.3069593141822188,-0.10502443774309543,0.4165085587995022,-0.2633905606660001,0.4674378165976803,-0.44410237622595733,0.09504913588877056,-0.4051160038370133,0.2645843992012672,-0.6345056591902527,0.38541727094129186,-0.6179625909593988,0.4473000634778479,-0.5461697473886827,0.01848464410592043,-0.4892969737074998,0.12528078058882577,-0.8011857027907704,0.2728946801272484,-0.9076837767036734,0.38875935706701575,-0.9213393306989779,-0.014432607880066542,-0.5230814792414178,0.03245242261394063,-0.8024024386726674,0.15145813903474553,-0.9147568729613165,0.25805746422031806,-0.9519117885063849,-0.017949666793331782,-0.5177135073573718,-0.005113917220138577,-0.747398313479308,0.0649524928856081,-0.8481159323823156,0.1464253551873474,-0.8855305276619954
OK_SIGN,-0.0,0.0,-0.1655132715819316,0.0026673423504698156,-0.3069593141822188,-0.10502443774309543,-0.4165085587995022,-0.2633905606660001,-0.4674378165976803,-0.44410237622595733,-0.09504913588877056,-0.4051160038370133,-0.2645843992012672,-0.6345056591902527,-0.38541727094129186,-0.6179625909593988,-0.4473000634778479,-0.5461697473886827,-0.01848464410592043,-0.4892969737074998,-0.12528078058882577,-0.8011857027907704,-0.2728946801272484,-0.9076837767036734,-0.38875935706701575,-0.9213393306989779,0.014432607880066542,-0.5230814792414178,-0.03245242261394063,-0.8024024386726674,-0.15145813903474553,-0.9147568729613165,-0.25805746422031806,-0.9519117885063849,0.017949666793331782,-0.5177135073573718,0.005113917220138577,-0.747398313479308,-0.0649524928856081,-0.8481159323823156,-0.1464253551873474,-0.8855305276619954
OK_SIGN,0.0,0.0,0.17519358275656036,-0.04798857479058993,0.3194792240996971,-0.14986032642079164,0.4298379729232541,-0.303425360833287,0.47058152814756854,-0.46706938779001694,0.13877849000491388,-0.37425165949301187,0.3060021910586275,-0.5838191438063454,0.40561664352777316,-0.5930313890433543,0.4625699684798152,-0.5480928308790591,0.04208239552909401,-0.447721936210427,0.1575357610197144,-0.7687361700484922,0.2851265474324598,-0.8801720498570675,0.38878633521143513,-0.9213279467990003,-0.020441112251307503,-0.48308022241673176,0.020015971282120675,-0.7887105920014003,0.10142847302813884,-0.906238851238763,0.18106978990131783,-0.9758914778250052,-0.04789981616162203,-0.4762638813012324,-0.08266341955384186,-0.6831774826084256,-0.07120776781074564,-0.7988690814046235,-0.03594312838978673,-0.8843087808275955
OK_SIGN,-0.0,0.0,-0.17519358275656036,-0.04798857479058993,-0.3194792240996971,-0.14986032642079164,-0.4298379729232541,-0.303425360833287,-0.47058152814756854,-0.46706938779001694,-0.13877849000491388,-0.37425165949301187,-0.3060021910586275,-0.5838191438063454,-0.40561664352777316,-0.5930313890433543,-0.4625699684798152,-0.5480928308790591,-0.04208239552909401,-0.447721936210427,-0.1575357610197144,-0.7687361700484922,-0.2851265474324598,-0.8801720498570675,-0.38878633521143513,-0.9213279467990003,0.020441112251307503,-0.48308022241673176,-0.020015971282120675,-0.7887105920014003,-0.10142847302813884,-0.906238851238763,-0.18106978990131783,-0.9758914778250052,0.04789981616162203,-0.4762638813012324,0.08266341955384186,-0.6831774826084256,0.07120776781074564,-0.7988690814046235,0.03594312838978673,-0.8843087808275955
OK_SIGN,0.0,0.0,0.1714123699068701,-0.07044143409381466,0.31212918186203276,-0.19337641228241728,0.4184714663732127,-0.3593112082065773,0.44933751717428483,-0.5208414576349206,0.16066612321710264,-0.368942976731576,0.3111154782810892,-0.5954704876582414,0.397202705245818,-0.6265275031266503,0.4453086887494844,-0.5854320715044236,0.05562693646909629,-0.4369831869997293,0.1532146349962466,-0.7705998552022264,0.2687821671640889,-0.8903117579749404,0.3637048533008732,-0.9312584361706026,-0.020703029092662806,-0.4726291220861859,0.010881500124913995,-0.7936932700992713,0.08732162054622541,-0.9182661204861197,0.16290205137319408,-0.9866422460336903,-0.06125326387837102,-0.4681568854925546,-0.10800132571005322,-0.6873190419464259,-0.09538079852161983,-0.8050921431347293,-0.05696172435296969,-0.8896735189440476
OK_SIGN,-0.0,0.0,-0.1714123699068701,-0.07044143409381466,-0.31212918186203276,-0.19337641228241728,-0.4184714663732127,-0.3593112082065773,-0.44933751717428483,-0.5208414576349206,-0.16066612321710264,-0.368942976731576,-0.3111154782810892,-0.5954704876582414,-0.397202705245818,-0.6265275031266503,-0.4453086887494844,-0.5854320715044236,-0.05562693646909629,-0.4369831869997293,-0.1532146349962466,-0.7705998552022264,-0.2687821671640889,-0.8903117579749404,-0.3637048533008732,-0.9312584361706026,0.020703029092662806,-0.4726291220861859,-0.010881500124913995,-0.7936932700992713,-0.08732162054622541,-0.9182661204861197,-0.16290205137319408,-0.9866422460336903,0.06125326387837102,-0.4681568854925546,0.10800132571005322,-0.6873190419464259,0.09538079852161983,-0.8050921431347293,0.05696172435296969,-0.8896735189440476
OK_SIGN,0.0,0.0,0.16424663552188115,-0.04700518579813444,0.3071937478478981,-0.16196237412276035,0.4194330970191965,-0.314051914920128,0.4592723947318435,-0.4815677497781913,0.11772590846181981,-0.36631822008278636,0.28276703068140335,-0.6095640553234732,0.39236902749501185,-0.6281443936472931,0.45328984197139016,-0.5767490248218241,0.02443415066035935,-0.4420862850805443,0.12170141787882753,-0.7840625041941551,0.26170883970876446,-0.9034241657972518,0.374993363750165,-0.9270274953545533,-0.025255359486868165,-0.48223394462488545,0.0061712097081897685,-0.7927887851727747,0.10501168618852227,-0.9135626824464608,0.20108062293053983,-0.9691429160721762,-0.03783680418010122,-0.4828131163278887,-0.07110796924492555,-0.7061844163301891,-0.040406934683791355,-0.8246216973384837,0.016689090871868643,-0.8926222739024697
OK_SIGN,-0.0,0.0,-0.16424663552188115,-0.04700518579813444,-0.3071937478478981,-0.16196237412276035,-0.4194330970191965,-0.314051914920128,-0.4592723947318435,-0.4815677497781913,-0.11772590846181981,-0.36631822008278636,-0.28276703068140335,-0.6095640553234732,-0.39236902749501185,-0.6281443936472931,-0.45328984197139016,-0.5767490248218241,-0.02443415066035935,-0.4420862850805443,-0.12170141787882753,-0.7840625041941551,-0.26170883970876446,-0.9034241657972518,-0.374993363750165,-0.9270274953545533,0.025255359486868165,-0.48223394462488545,-0.0061712097081897685,-0.7927887851727747,-0.10501168618852227,-0.9135626824464608,-0.20108062293053983,-0.9691429160721762,0.03783680418010122,-0.4828131163278887,0.07110796924492555,-0.7061844163301891,0.040406934683791355,-0.8246216973384837,-0.016689090871868643,-0.8926222739024697
OK_SIGN,0.0,0.0,0.1611793073624,-0.021927881748676225,0.30613015164152224,-0.13615007601206952,0.4218695519581863,-0.2915550052351727,0.46017239653386427,-0.46671530654239174,0.09886431314012707,-0.3650071361688434,0.2788477963152285,-0.601480407643304,0.3955963878646914,-0.6007879530646876,0.45497757348486517,-0.5311490894729313,0.01748239042296194,-0.4569805695321363,0.13257293101293466,-0.7869167980209578,0.28368268238166694,-0.9005595687019023,0.4020559218969882,-0.9156151132804455,-0.020192504174006785,-0.508505410502451,0.030489174222801344,-0.8078549516984789,0.14946485119413655,-0.9196428041700636,0.2571682013853592,-0.954027635402143,-0.024138791705128376,-0.5203229688242869,-0.03603591227557548,-0.7496541805304295,0.01807154558623256,-0.8650746743134036,0.09209731375699845,-0.9194049722252479
OK_SIGN,-0.0,0.0,-0.1611793073624,-0.021927881748676225,-0.30613015164152224,-0.13615007601206952,-0.4218695519581863,-0.2915550052351727,-0.46017239653386427,-0.46671530654239174,-0.09886431314012707,-0.3650071361688434,-0.2788477963152285,-0.601480407643304,-0.3955963878646914,-0.6007879530646876,-0.45497757348486517,-0.5311490894729313,-0.01748239042296194,-0.4569805695321363,-0.13257293101293466,-0.7869167980209578,-0.28368268238166694,-0.9005595687019023,-0.4020559218969882,-0.9156151132804455,0.020192504174006785,-0.508505410502451,-0.030489174222801344,-0.8078549516984789,-0.14946485119413655,-0.9196428041700636,-0.2571682013853592,-0.954027635402143,0.024138791705128376,-0.5203229688242869,0.03603591227557548,-0.7496541805304295,-0.01807154558623256,-0.8650746743134036,-0.09209731375699845,-0.9194049722252479
OK_SIGN,0.0,0.0,0.1613105379395164,-0.012022852129050727,0.30203683016026744,-0.12189543320498256,0.41373979425990687,-0.2849565013229501,0.46034347285586846,-0.4750998891331859,0.08008162690415983,-0.34050876242660155,0.25553923249857335,-0.5830985901070997,0.37953654840113543,-0.5991360278011654,0.44883025067418614,-0.5506659350196121,0.003471845901320655,-0.4370709778554941,0.12343951456399019,-0.7593977018642889,0.2776846987236209,-0.8854105555179337,0.39849919707208326,-0.9171686812865477,-0.02658723205167827,-0.49595595913088525,0.024091798176908024,-0.7845137588538889,0.14228751272703322,-0.904715727450323,0.25002159565438986,-0.9509640933453996,-0.02740575617606308,-0.5149029618378438,-0.04010430620221066,-0.7364478642955605,0.016715083221534584,-0.8522796100210328,0.08988223277863475,-0.9147070712592397
OK_SIGN,-0.0,0.0,-0.1613105379395164,-0.012022852129050727,-0.30203683016026744,-0.12189543320498256,-0.41373979425990687,-0.2849565013229501,-0.46034347285586846,-0.4750998891331859,-0.08008162690415983,-0.34050876242660155,-0.25553923249857335,-0.5830985901070997,-0.37953654840113543,-0.5991360278011654,-0.44883025067418614,-0.5506659350196121,-0.003471845901320655,-0.4370709778554941,-0.12343951456399019,-0.7593977018642889,-0.2776846987236209,-0.8854105555179337,-0.39849919707208326,-0.9171686812865477,0.02658723205167827,-0.49595595913088525,-0.024091798176908024,-0.7845137588538889,-0.14228751272703322,-0.904715727450323,-0.25002159565438986,-0.9509640933453996,0.02740575617606308,-0.5149029618378438,0.04010430620221066,-0.7364478642955605,-0.016715083221534584,-0.8522796100210328,-0.08988223277863475,-0.9147070712592397
OK_SIGN,0.0,0.0,0.13804375552495093,0.0290920927966609,0.2627893188432286,-0.06011303960934083,0.3753609628527506,-0.19371110772748154,0.45625692565119375,-0.37779273288010173,0.04250062795905489,-0.3205135426070879,0.2223716870380821,-0.5165985378414341,0.35774538245134313,-0.5067030210057476,0.43559652750545713,-0.43510375149771396,0.0017504885362228805,-0.42030371209282025,0.08869961097708086,-0.728599677042367,0.23514682405962872,-0.860646887944941,0.3572338051869456,-0.9159175125070566,0.00511760347795704,-0.47307045993539704,0.02982153930483632,-0.7406727596487666,0.13260744610085992,-0.8883927544317943,0.22789756649387496,-0.973685112952935,0.02708423125267847,-0.498645309403855,0.032688695736285175,-0.707236097814418,0.0809950390835095,-0.8293582168708379,0.13916894383985923,-0.9223960593833634
OK_SIGN,-0.0,0.0,-0.13804375552495093,0.0290920927966609,-0.2627893188432286,-0.06011303960934083,-0.3753609628527506,-0.19371110772748154,-0.45625692565119375,-0.37779273288010173,-0.04250062795905489,-0.3205135426070879,-0.2223716870380821,-0.5165985378414341,-0.35774538245134313,-0.5067030210057476,-0.43559652750545713,-0.43510375149771396,-0.0017504885362228805,-0.42030371209282025,-0.08869961097708086,-0.728599677042367,-0.23514682405962872,-0.860646887944941,-0.3572338051869456,-0.9159175125070566,-0.00511760347795704,-0.47307045993539704,-0.02982153930483632,-0.7406727596487666,-0.13260744610085992,-0.8883927544317943,-0.22789756649387496,-0.973685112952935,-0.02708423125267847,-0.498645309403855,-0.032688695736285175,-0.707236097814418,-0.0809950390835095,-0.8293582168708379,-0.13916894383985923,-0.9223960593833634
OK_SIGN,0.0,0.0,0.134711286503268,0.024484230332448276,0.2537098444805956,-0.05991763745043207,0.3676740750260782,-0.1930529113173773,0.45463791337252046,-0.3607600018781527,0.04060080777813029,-0.3200697185908581,0.2250642084018482,-0.5142121583283219,0.35173085206108595,-0.4983921973774989,0.4218540868147166,-0.4276936247359831,-0.007575846450455055,-0.41415193825557245,0.10463238404451715,-0.7050146396773666,0.25073580292347697,-0.8294370026503687,0.36993783995446394,-0.8842789259276511,-0.009205820764505464,-0.4641567947795151,0.02784581484779288,-0.7259714621570229,0.12406314816825673,-0.8803326759616901,0.2159952609837941,-0.9763944117171824,0.010860944951402059,-0.48368380553203144,0.022513489059943513,-0.6859949101513246,0.07571217215617983,-0.8098225200873489,0.1396795609723631,-0.9055285647840167
OK_SIGN,-0.0,0.0,-0.134711286503268,0.024484230332448276,-0.2537098444805956,-0.05991763745043207,-0.3676740750260782,-0.1930529113173773,-0.45463791337252046,-0.3607600018781527,-0.04060080777813029,-0.3200697185908581,-0.2250642084018482,-0.5142121583283219,-0.35173085206108595,-0.4983921973774989,-0.4218540868147166,-0.4276936247359831,0.007575846450455055,-0.41415193825557245,-0.10463238404451715,-0.7050146396773666,-0.25073580292347697,-0.8294370026503687,-0.36993783995446394,-0.8842789259276511,0.009205820764505464,-0.4641567947795151,-0.02784581484779288,-0.7259714621570229,-0.12406314816825673,-0.8803326759616901,-0.2159952609837941,-0.9763944117171824,-0.010860944951402059,-0.48368380553203144,-0.022513489059943513,-0.6859949101513246,-0.07571217215617983,-0.8098225200873489,-0.1396795609723631,-0.9055285647840167
OK_SIGN,0.0,0.0,0.11566875323097131,0.04886549689491586,0.22788604889340539,-0.012322566330545816,0.34300050501843143,-0.13336172844739194,0.4402843215627562,-0.3045732354833678,0.008007655603153009,-0.32908120333982094,0.20851091363008956,-0.49452572249961196,0.3528513929702845,-0.48904855058161484,0.4435912636633471,-0.4329455049549577,-0.004928298602453856,-0.4319933442767652,0.09478366326602179,-0.7301689335183967,0.23415744927697021,-0.8519253205502357,0.34858986375895284,-0.9060707346701099,0.023285331314795734,-0.47963813150292955,0.07338695286171071,-0.7411137857211877,0.18187103931735962,-0.8797133970179228,0.27763069939307716,-0.9606878758236261,0.06477218956185679,-0.501003084187124,0.09815925913459511,-0.7151918499800823,0.15113249223668246,-0.8428931394864223,0.21114116651237577,-0.9350990036325977
OK_SIGN,-0.0,0.0,-0.11566875323097131,0.04886549689491586,-0.22788604889340539,-0.012322566330545816,-0.34300050501843143,-0.13336172844739194,-0.4402843215627562,-0.3045732354833678,-0.008007655603153009,-0.32908120333982094,-0.20851091363008956,-0.49452572249961196,-0.3528513929702845,-0.48904855058161484,-0.4435912636633471,-0.4329455049549577,0.004928298602453856,-0.4319933442767652,-0.09478366326602179,-0.7301689335183967,-0.23415744927697021,-0.8519253205502357,-0.34858986375895284,-0.9060707346701099,-0.023285331314795734,-0.47963813150292955,-0.07338695286171071,-0.7411137857211877,-0.18187103931735962,-0.8797133970179228,-0.27763069939307716,-0.9606878758236261,-0.06477218956185679,-0.501003084187124,-0.09815925913459511,-0.7151918499800823,-0.15113249223668246,-0.8428931394864223,-0.21114116651237577,-0.9350990036325977
OK_SIGN,0.0,0.0,0.12434177542325885,0.03818159801972707,0.24646828018792002,-0.029163312257531143,0.3692395878362056,-0.14124203555050854,0.4666187526545635,-0.32083964437249246,0.043660681356650674,-0.33579881542662043,0.24056271585191893,-0.49317534993706325,0.38293409810403395,-0.47554621310150846,0.4689588903545508,-0.41484697266339965,0.024409125802892236,-0.43200243913420666,0.11829059209590467,-0.7222344497453766,0.26086764607128754,-0.8442723323127624,0.38001702776773416,-0.8975114599439784,0.041508803641092024,-0.474010071325961,0.07798163493163741,-0.7263407063102323,0.18123779462063574,-0.8685921963034832,0.2778153798374947,-0.9606344854968244,0.07233774415647673,-0.4964745546396419,0.09234617733732653,-0.6950624007961528,0.1371089151600153,-0.8159838000281766,0.19409611501425214,-0.9159080635865716
OK_SIGN,-0.0,0.0,-0.12434177542325885,0.03818159801972707,-0.24646828018792002,-0.029163312257531143,-0.3692395878362056,-0.14124203555050854,-0.4666187526545635,-0.32083964437249246,-0.043660681356650674,-0.33579881542662043,-0.24056271585191893,-0.49317534993706325,-0.38293409810403395,-0.47554621310150846,-0.4689588903545508,-0.41484697266339965,-0.024409125802892236,-0.43200243913420666,-0.11829059209590467,-0.7222344497453766,-0.26086764607128754,-0.8442723323127624,-0.38001702776773416,-0.8975114599439784,-0.041508803641092024,-0.474010071325961,-0.07798163493163741,-0.7263407063102323,-0.18123779462063574,-0.8685921963034832,-0.2778153798374947,-0.9606344854968244,-0.07233774415647673,-0.4964745546396419,-0.09234617733732653,-0.6950624007961528,-0.1371089151600153,-0.8159838000281766,-0.19409611501425214,-0.9159080635865716
OK_SIGN,0.0,0.0,0.1314154973954134,0.05657111393785547,0.26049401926974847,-0.0009552706094627417,0.38766604400998794,-0.11499802951783172,0.4849209401998368,-0.29716585272307966,0.048072975178424945,-0.28464493279490694,0.25148639803755113,-0.45444738890633224,0.3969529959586505,-0.4499029930103335,0.48598886745813247,-0.39918020346291727,0.017017870043220702,-0.39807660159915786,0.12381456774181632,-0.6868824643892284,0.27706306811265086,-0.8166233495860606,0.40355799750708427,-0.882730198905418,0.027082152868830433,-0.45962193987779,0.05729421074860165,-0.7131768150900343,0.16363717657244262,-0.8649807828027887,0.26432087897164214,-0.9644347945504965,0.05200743642311417,-0.4962196077039729,0.05936998171914876,-0.688745270964001,0.11419159567326939,-0.8095037382430221,0.18131156045831723,-0.9102739551712613
OK_SIGN,-0.0,0.0,-0.1314154973954134,0.05657111393785547,-0.26049401926974847,-0.0009552706094627417,-0.38766604400998794,-0.11499802951783172,-0.4849209401998368,-0.29716585272307966,-0.048072975178424945,-0.28464493279490694,-0.25148639803755113,-0.45444738890633224,-0.3969529959586505,-0.4499029930103335,-0.48598886745813247,-0.39918020346291727,-0.017017870043220702,-0.39807660159915786,-0.12381456774181632,-0.6868824643892284,-0.27706306811265086,-0.8166233495860606,-0.40355799750708427,-0.882730198905418,-0.027082152868830433,-0.45962193987779,-0.05729421074860165,-0.7131768150900343,-0.16363717657244262,-0.8649807828027887,-0.26432087897164214,-0.9644347945504965,-0.05200743642311417,-0.4962196077039729,-0.05936998171914876,-0.688745270964001,-0.11419159567326939,-0.8095037382430221,-0.18131156045831723,-0.9102739551712613
OK_SIGN,0.0,0.0,0.1698981394740079,0.005985225065787161,0.3074299898831494,-0.0660602543378774,0.4249106405779668,-0.19671225136608875,0.49707432617378144,-0.3715229052536966,0.10721371905177934,-0.2532233850280036,0.29796576402295216,-0.4489272293482175,0.4258862281876145,-0.4787034534834219,0.5044847721532449,-0.4545713993304705,0.02541334743195277,-0.35381601122174017,0.15697712040365708,-0.6571764612898866,0.31557715138717257,-0.7894946596318235,0.4413746126632131,-0.8526609002998196,-0.0072505654282498545,-0.42576745977814145,0.03180407174191709,-0.7257994427400976,0.1349911903267338,-0.8725434348172589,0.23220137655127682,-0.9726677339809787,-0.008773260770292576,-0.4642052039907023,-0.020936129780646285,-0.6818509848823188,0.015771742006365053,-0.8084592338152174,0.06897422672272346,-0.9029578458911761
OK_SIGN,-0.0,0.0,-0.1698981394740079,0.005985225065787161,-0.3074299898831494,-0.0660602543378774,-0.4249106405779668,-0.19671225136608875,-0.49707432617378144,-0.3715229052536966,-0.10721371905177934,-0.2532233850280036,-0.29796576402295216,-0.4489272293482175,-0.4258862281876145,-0.4787034534834219,-0.5044847721532449,-0.4545713993304705,-0.02541334743195277,-0.35381601122174017,-0.15697712040365708,-0.6571764612898866,-0.31557715138717257,-0.7894946596318235,-0.4413746126632131,-0.8526609002998196,0.0072505654282498545,-0.42576745977814145,-0.03180407174191709,-0.7257994427400976,-0.1349911903267338,-0.8725434348172589,-0.23220137655127682,-0.9726677339809787,0.008773260770292576,-0.4642052039907023,0.020936129780646285,-0.6818509848823188,-0.015771742006365053,-0.8084592338152174,-0.06897422672272346,-0.9029578458911761
OK_SIGN,0.0,0.0,0.16915107589707057,1.8720829378655757e-05,0.3026372254817778,-0.07812719018136188,0.4212781764922568,-0.20920540801416,0.4943658311710301,-0.3811210195212667,0.11170146088747974,-0.26622053213294766,0.2993163040284544,-0.45594125901749816,0.4241722211234423,-0.48580552237611685,0.4991751284137976,-0.46540533680681834,0.031507016136595706,-0.36552475244898136,0.15724979759647692,-0.663047419402974,0.3100998510197649,-0.7983620631287845,0.4311884806176622,-0.8644249361447401,-0.0015076554495504744,-0.43524796673150995,0.03135305827110855,-0.7254004247791124,0.128101326546228,-0.8733945185938681,0.22073338738863596,-0.9753341846218343,-0.004565018360912434,-0.46962737280859196,-0.022034276470995894,-0.6847663057820123,0.009760607344217126,-0.8114354888807731,0.05819362826971045,-0.9060542628140704
OK_SIGN,-0.0,0.0,-0.16915107589707057,1.8720829378655757e-05,-0.3026372254817778,-0.07812719018136188,-0.4212781764922568,-0.20920540801416,-0.4943658311710301,-0.3811210195212667,-0.11170146088747974,-0.26622053213294766,-0.2993163040284544,-0.45594125901749816,-0.4241722211234423,-0.48580552237611685,-0.4991751284137976,-0.46540533680681834,-0.031507016136595706,-0.36552475244898136,-0.15724979759647692,-0.663047419402974,-0.3100998510197649,-0.7983620631287845,-0.4311884806176622,-0.8644249361447401,0.0015076554495504744,-0.43524796673150995,-0.03135305827110855,-0.7254004247791124,-0.128101326546228,-0.8733945185938681,-0.22073338738863596,-0.9753341846218343,0.004565018360912434,-0.46962737280859196,0.022034276470995894,-0.6847663057820123,-0.009760607344217126,-0.8114354888807731,-0.05819362826971045,-0.9060542628140704
OK_SIGN,0.0,0.0,0.16574292627570175,0.0028282152843320816,0.30476018600879434,-0.07687255227870478,0.42645143587955797,-0.21032680428706563,0.5014500605725375,-0.3854496085328456,0.1062019247036733,-0.25614103029262036,0.2922270065069165,-0.455564014002278,0.42195030642594983,-0.5025635598745427,0.5047094797941792,-0.4965999981995872,0.027663892806335712,-0.3581384360584439,0.1532836714566353,-0.6651025455093463,0.30668180693826885,-0.8024945142796419,0.42835566276601805,-0.8697099359590906,-0.00150262087718308,-0.4333191371049133,0.030514622154408262,-0.7230922509386594,0.12756587748708073,-0.8729221527978747,0.2217713832178662,-0.9750986891518388,-0.0014801769507128324,-0.4726288326703094,-0.01646262006592665,-0.6881631188593641,0.01786929315744942,-0.8146240537914063,0.06769424882323744,-0.9097767633565066
OK_SIGN,-0.0,0.0,-0.16574292627570175,0.0028282152843320816,-0.30476018600879434,-0.07687255227870478,-0.42645143587955797,-0.21032680428706563,-0.5014500605725375,-0.3854496085328456,-0.1062019247036733,-0.25614103029262036,-0.2922270065069165,-0.455564014002278,-0.42195030642594983,-0.5025635598745427,-0.5047094797941792,-0.4965999981995872,-0.027663892806335712,-0.3581384360584439,-0.1532836714566353,-0.6651025455093463,-0.30668180693826885,-0.8024945142796419,-0.42835566276601805,-0.8697099359590906,0.00150262087718308,-0.4333191371049133,-0.030514622154408262,-0.7230922509386594,-0.12756587748708073,-0.8729221527978747,-0.2217713832178662,-0.9750986891518388,0.0014801769507128324,-0.4726288326703094,0.01646262006592665,-0.6881631188593641,-0.01786929315744942,-0.8146240537914063,-0.06769424882323744,-0.9097767633565066
OK_SIGN,0.0,0.0,0.15609083723288442,0.019763614378791462,0.2956032975798788,-0.04889725344612898,0.41258515639173254,-0.16918975964739758,0.4937477462978559,-0.35008154499372474,0.08933835882683162,-0.2526045113345816,0.26772411972463245,-0.4535964384827533,0.4057860708064072,-0.4938262089887421,0.4976505950125744,-0.4781607668838836,0.022569796655888038,-0.3591861151121812,0.1293218738514518,-0.6677715466876363,0.27876540697399393,-0.8080506664944256,0.4044773450001575,-0.8827848219016261,0.00356385801235788,-0.43324431769761956,0.016812533318894863,-0.7162207730973477,0.10447390608299047,-0.8758838724719923,0.19706089562019855,-0.9803912501738096,0.0089037404054956,-0.47635431375871573,-0.008478245129803342,-0.6937542168242046,0.028095656636749584,-0.8218376407790646,0.08294274390221297,-0.9184890411738132
OK_SIGN,-0.0,0.0,-0.15609083723288442,0.019763614378791462,-0.2956032975798788,-0.04889725344612898,-0.41258515639173254,-0.16918975964739758,-0.4937477462978559,-0.35008154499372474,-0.08933835882683162,-0.2526045113345816,-0.26772411972463245,-0.4535964384827533,-0.4057860708064072,-0.4938262089887421,-0.4976505950125744,-0.4781607668838836,-0.022569796655888038,-0.3591861151121812,-0.1293218738514518,-0.6677715466876363,-0.27876540697399393,-0.8080506664944256,-0.4044773450001575,-0.8827848219016261,-0.00356385801235788,-0.43324431769761956,-0.016812533318894863,-0.7162207730973477,-0.10447390608299047,-0.8758838724719923,-0.19706089562019855,-0.9803912501738096,-0.0089037404054956,-0.47635431375871573,0.008478245129803342,-0.6937542168242046,-0.028095656636749584,-0.8218376407790646,-0.08294274390221297,-0.9184890411738132
OK_SIGN,0.0,0.0,0.15494017876202376,0.01757052009500952,0.29370765334817683,-0.05127689889768831,0.4101308800807397,-0.17127406379977156,0.4855352030009341,-0.35450975599007345,0.08048300111265375,-0.2559055034018233,0.25667990844819755,-0.457910638324002,0.3955760531889912,-0.49327332929135814,0.4869279616989473,-0.4736750080169818,0.01766147782925574,-0.3627131466240603,0.12366112160764076,-0.6695237709248181,0.27239515085024213,-0.8094235573210116,0.3967840788238848,-0.8851886768455155,0.000849179673018297,-0.4366052159356432,0.016050608408693465,-0.7121560005222957,0.10398325746955903,-0.8738953241037362,0.19533653865382064,-0.9807362727393866,0.005498138561826737,-0.48040103986812444,-0.010353215334514809,-0.6967233845351606,0.02962195028352876,-0.8249729228701338,0.08727159801372268,-0.9219919533735305
OK_SIGN,-0.0,0.0,-0.15494017876202376,0.01757052009500952,-0.29370765334817683,-0.05127689889768831,-0.4101308800807397,-0.17127406379977156,-0.4855352030009341,-0.35450975599007345,-0.08048300111265375,-0.2559055034018233,-0.25667990844819755,-0.457910638324002,-0.3955760531889912,-0.49327332929135814,-0.4869279616989473,-0.4736750080169818,-0.01766147782925574,-0.3627131466240603,-0.12366112160764076,-0.6695237709248181,-0.27239515085024213,-0.8094235573210116,-0.3967840788238848,-0.8851886768455155,-0.000849179673018297,-0.4366052159356432,-0.016050608408693465,-0.7121560005222957,-0.10398325746955903,-0.8738953241037362,-0.19533653865382064,-0.9807362727393866,-0.005498138561826737,-0.48040103986812444,0.010353215334514809,-0.6967233845351606,-0.02962195028352876,-0.8249729228701338,-0.08727159801372268,-0.9219919533735305
OK_SIGN,0.0,0.0,0.14988330863483243,0.025578289372652954,0.2863145988485201,-0.05765230950695852,0.41055081167307894,-0.2002337868557122,0.4808589713867892,-0.37304101099348,0.08058018353925495,-0.3216952865179784,0.27576878873771493,-0.5166396144682329,0.4039250972018626,-0.5043872463632609,0.47528233916950463,-0.44076237972965454,0.015770780974308823,-0.42623256172339535,0.15594230564807274,-0.7219081468583364,0.3243469254037738,-0.8123669483779117,0.4562151828363817,-0.825435421290604,-0.0020814667112861044,-0.48716498063215724,0.04179300142148504,-0.7785993974097001,0.1438921824068184,-0.9080158137293525,0.23835377684299724,-0.9711783961068526,0.0064155525487766514,-0.5057335781855747,0.0223125746230715,-0.7344221377674414,0.08792843757874932,-0.8536047480631982,0.16257327416735007,-0.9240844200581323
OK_SIGN,-0.0,0.0,-0.14988330863483243,0.025578289372652954,-0.2863145988485201,-0.05765230950695852,-0.41055081167307894,-0.2002337868557122,-0.4808589713867892,-0.37304101099348,-0.08058018353925495,-0.3216952865179784,-0.27576878873771493,-0.5166396144682329,-0.4039250972018626,-0.5043872463632609,-0.47528233916950463,-0.44076237972965454,-0.015770780974308823,-0.42623256172339535,-0.15594230564807274,-0.7219081468583364,-0.3243469254037738,-0.8123669483779117,-0.4562151828363817,-0.825435421290604,0.0020814667112861044,-0.48716498063215724,-0.04179300142148504,-0.7785993974097001,-0.1438921824068184,-0.9080158137293525,-0.23835377684299724,-0.9711783961068526,-0.0064155525487766514,-0.5057335781855747,-0.0223125746230715,-0.7344221377674414,-0.08792843757874932,-0.8536047480631982,-0.16257327416735007,-0.9240844200581323
OK_SIGN,0.0,0.0,0.14130019742491684,0.01847556172712617,0.2820383720112984,-0.07028397893336422,0.409410777746026,-0.2137243707753742,0.4870451997409313,-0.3779340644027871,0.08068029242602508,-0.32730907911881174,0.2812974033905637,-0.5232707377584445,0.4043733216101794,-0.5004219872453076,0.4712372967677133,-0.43663786862306975,0.017067893066993415,-0.43919190646448986,0.2028906024596956,-0.6977862345168699,0.37043129204484354,-0.7625648223221506,0.49382138496643363,-0.765484836843279,-0.003421935617541384,-0.5031902448675775,0.07165243836173156,-0.7720894459049611,0.1733264124104156,-0.8956030335966736,0.2653916204373182,-0.9641406991729238,0.0026906977550550178,-0.5213957065036189,0.0076608256297862245,-0.7263998153449176,0.05105499893892088,-0.8420839347804369,0.10922597259541333,-0.9175871060698743
OK_SIGN,-0.0,0.0,-0.14130019742491684,0.01847556172712617,-0.2820383720112984,-0.07028397893336422,-0.409410777746026,-0.2137243707753742,-0.4870451997409313,-0.3779340644027871,-0.08068029242602508,-0.32730907911881174,-0.2812974033905637,-0.5232707377584445,-0.4043733216101794,-0.5004219872453076,-0.4712372967677133,-0.43663786862306975,-0.017067893066993415,-0.43919190646448986,-0.2028906024596956,-0.6977862345168699,-0.37043129204484354,-0.7625648223221506,-0.49382138496643363,-0.765484836843279,0.003421935617541384,-0.5031902448675775,-0.07165243836173156,-0.7720894459049611,-0.1733264124104156,-0.8956030335966736,-0.2653916204373182,-0.9641406991729238,-0.0026906977550550178,-0.5213957065036189,-0.0076608256297862245,-0.7263998153449176,-0.05105499893892088,-0.8420839347804369,-0.10922597259541333,-0.9175871060698743
OK_SIGN,0.0,0.0,0.1459206196615193,0.02250637721800784,0.2856155362638248,-0.06052691227174985,0.41481564071132937,-0.19844539253884444,0.4974822038971027,-0.3633800255075937,0.08067474447992536,-0.32134372577215436,0.28579634220037964,-0.5015264221026802,0.4143832191825888,-0.4970431552184964,0.4923025100031132,-0.45678782997524126,0.01795525408193776,-0.43007652616741143,0.20618086118541015,-0.6923376981673623,0.37528267480344163,-0.7673553058260131,0.5016946220476425,-0.7825094365418663,-0.0027633053913071266,-0.4920755301202111,0.07469460613693286,-0.7625161898077334,0.17342790179561657,-0.8882678712294395,0.26213547225521455,-0.9650310845695779,0.0020274036192575555,-0.5139513196216448,0.0009814664882708897,-0.721848756690761,0.033655908559002815,-0.8412354208375971,0.0796174979736243,-0.9280107449059013
OK_SIGN,-0.0,0.0,-0.1459206196615193,0.02250637721800784,-0.2856155362638248,-0.06052691227174985,-0.41481564071132937,-0.19844539253884444,-0.4974822038971027,-0.3633800255075937,-0.08067474447992536,-0.32134372577215436,-0.28579634220037964,-0.5015264221026802,-0.4143832191825888,-0.4970431552184964,-0.4923025100031132,-0.45678782997524126,-0.01795525408193776,-0.43007652616741143,-0.20618086118541015,-0.6923376981673623,-0.37528267480344163,-0.7673553058260131,-0.5016946220476425,-0.7825094365418663,0.0027633053913071266,-0.4920755301202111,-0.07469460613693286,-0.7625161898077334,-0.17342790179561657,-0.8882678712294395,-0.26213547225521455,-0.9650310845695779,-0.0020274036192575555,-0.5139513196216448,-0.0009814664882708897,-0.721848756690761,-0.033655908559002815,-0.8412354208375971,-0.0796174979736243,-0.9280107449059013
OK_SIGN,0.0,0.0,0.14765761093762392,0.022480446468371836,0.2867485201843238,-0.052381840157639886,0.4096511052540665,-0.17877693985765913,0.4852125323202127,-0.35141136072781076,0.07924087499140899,-0.2916240153569696,0.2659652778644445,-0.4742948912100767,0.40180274026054913,-0.4950072986322726,0.48690208629975545,-0.4636178054124732,0.021897191920847308,-0.3911607885721966,0.14137483885270344,-0.6949734356084342,0.2936112175765777,-0.8198228470061055,0.4148373531228491,-0.8656983601417363,0.009344398032589317,-0.45473149666320195,0.050657435408436945,-0.7352009281772848,0.14500576487305317,-0.8811502847223776,0.23199491514755302,-0.9727169985898672,0.017610051408359223,-0.48577545725210214,0.020130498737727417,-0.7060318964951647,0.05975745304401878,-0.8283679440532361,0.11139056833314588,-0.9155642864034598
OK_SIGN,-0.0,0.0,-0.14765761093762392,0.022480446468371836,-0.2867485201843238,-0.052381840157639886,-0.4096511052540665,-0.17877693985765913,-0.4852125323202127,-0.35141136072781076,-0.07924087499140899,-0.2916240153569696,-0.2659652778644445,-0.4742948912100767,-0.40180274026054913,-0.4950072986322726,-0.48690208629975545,-0.4636178054124732,-0.021897191920847308,-0.3911607885721966,-0.14137483885270344,-0.6949734356084342,-0.2936112175765777,-0.8198228470061055,-0.4148373531228491,-0.8656983601417363,-0.009344398032589317,-0.45473149666320195,-0.050657435408436945,-0.7352009281772848,-0.14500576487305317,-0.8811502847223776,-0.23199491514755302,-0.9727169985898672,-0.017610051408359223,-0.48577545725210214,-0.020130498737727417,-0.7060318964951647,-0.05975745304401878,-0.8283679440532361,-0.11139056833314588,-0.9155642864034598
OK_SIGN,0.0,0.0,0.15533514550019148,0.02533193072740988,0.2929101504136247,-0.036607953214202314,0.4078783425384508,-0.14899262735054494,0.47578114219752665,-0.33211426571646235,0.07430364832599747,-0.2591714997941002,0.2452318334465914,-0.44754574884795695,0.38246516822829735,-0.4644416896392543,0.4714757213104647,-0.433329239578339,0.02227415419787205,-0.3605668441896347,0.11051181046191812,-0.6762278523339279,0.2434643139877966,-0.8391296884205661,0.3518129354701463,-0.9360703277189587,0.014001838994664274,-0.42810156780616887,0.04745645143066734,-0.7053783013071935,0.1548238627984715,-0.8612016767298226,0.2514228319651366,-0.9615188146955583,0.026844612189774228,-0.47197589676398505,0.03537134624797096,-0.6943346228928045,0.09112889392749557,-0.824372137406882,0.15782966578926363,-0.9184133657837158
OK_SIGN,-0.0,0.0,-0.15533514550019148,0.02533193072740988,-0.2929101504136247,-0.036607953214202314,-0.4078783425384508,-0.14899262735054494,-0.47578114219752665,-0.33211426571646235,-0.07430364832599747,-0.2591714997941002,-0.2452318334465914,-0.44754574884795695,-0.38246516822829735,-0.4644416896392543,-0.4714757213104647,-0.433329239578339,-0.02227415419787205,-0.3605668441896347,-0.11051181046191812,-0.6762278523339279,-0.2434643139877966,-0.8391296884205661,-0.3518129354701463,-0.9360703277189587,-0.014001838994664274,-0.42810156780616887,-0.04745645143066734,-0.7053783013071935,-0.1548238627984715,-0.8612016767298226,-0.2514228319651366,-0.9615188146955583,-0.026844612189774228,-0.47197589676398505,-0.03537134624797096,-0.6943346228928045,-0.09112889392749557,-0.824372137406882,-0.15782966578926363,-0.9184133657837158
OK_SIGN,0.0,0.0,0.15275477004662186,0.02169907571010852,0.28434626877313357,-0.04200781055629502,0.39682033873817335,-0.15411829650278952,0.4692206218608488,-0.3304773473960445,0.07282910631884984,-0.26721732185268104,0.24056545916803054,-0.46093490075546045,0.3751656311975965,-0.4729351775371061,0.46000406761617396,-0.4397209723196701,0.02147108413489832,-0.3665209563966514,0.10576804920101388,-0.6703065650429055,0.23128014117151147,-0.8354494532534342,0.33312533927108356,-0.9428825527792554,0.012820673262191341,-0.4301997151786322,0.03749891260496466,-0.6958424507780276,0.13091533335159308,-0.8603847100767188,0.21738343613422986,-0.9723278133026437,0.025498704932617345,-0.46896775093823767,0.030065170929461527,-0.6827582637612815,0.07771243844856421,-0.8149444479999738,0.1360696430400826,-0.9143280420021187
OK_SIGN,-0.0,0.0,-0.15275477004662186,0.02169907571010852,-0.28434626877313357,-0.04200781055629502,-0.39682033873817335,-0.15411829650278952,-0.4692206218608488,-0.3304773473960445,-0.07282910631884984,-0.26721732185268104,-0.24056545916803054,-0.46093490075546045,-0.3751656311975965,-0.4729351775371061,-0.46000406761617396,-0.4397209723196701,-0.02147108413489832,-0.3665209563966514,-0.10576804920101388,-0.6703065650429055,-0.23128014117151147,-0.8354494532534342,-0.33312533927108356,-0.9428825527792554,-0.012820673262191341,-0.4301997151786322,-0.03749891260496466,-0.6958424507780276,-0.13091533335159308,-0.8603847100767188,-0.21738343613422986,-0.9723278133026437,-0.025498704932617345,-0.46896775093823767,-0.030065170929461527,-0.6827582637612815,-0.07771243844856421,-0.8149444479999738,-0.1360696430400826,-0.9143280420021187
OK_SIGN,0.0,0.0,0.14725507107066726,0.02780450312019892,0.2834315023273122,-0.045566563887349164,0.4030331282742939,-0.16687561571495793,0.4667517929625613,-0.3415914996059932,0.07340744452600179,-0.2757310558486119,0.25120116143107246,-0.48216925946118794,0.37479644899856585,-0.46791165994090367,0.44081434139759423,-0.4010422667479542,0.017351233579980068,-0.37546276153734714,0.12347386530995197,-0.6759361480840438,0.26123566814785615,-0.8192330923302178,0.3725362674273035,-0.8997639291474023,0.007081677530639363,-0.4363741773401547,0.05203516084636534,-0.7058665590008265,0.1554335518507466,-0.8658484242881993,0.24946002665303657,-0.9683850964891324,0.02030216664064514,-0.47051265251034324,0.034677115260033906,-0.6938383114560495,0.09192950047598204,-0.8263267084286895,0.16031122930580496,-0.9187294677789176
OK_SIGN,-0.0,0.0,-0.14725507107066726,0.02780450312019892,-0.2834315023273122,-0.045566563887349164,-0.4030331282742939,-0.16687561571495793,-0.4667517929625613,-0.3415914996059932,-0.07340744452600179,-0.2757310558486119,-0.25120116143107246,-0.48216925946118794,-0.37479644899856585,-0.46791165994090367,-0.44081434139759423,-0.4010422667479542,-0.017351233579980068,-0.37546276153734714,-0.12347386530995197,-0.6759361480840438,-0.26123566814785615,-0.8192330923302178,-0.3725362674273035,-0.8997639291474023,-0.007081677530639363,-0.4363741773401547,-0.05203516084636534,-0.7058665590008265,-0.1554335518507466,-0.8658484242881993,-0.24946002665303657,-0.9683850964891324,-0.02030216664064514,-0.47051265251034324,-0.034677115260033906,-0.6938383114560495,-0.09192950047598204,-0.8263267084286895,-0.16031122930580496,-0.9187294677789176
OK_SIGN,0.0,0.0,0.14663109809624303,0.035899015159794816,0.2832036556423732,-0.03434919647168838,0.40011857366572384,-0.1606094487628868,0.4755973509481322,-0.33648577034656635,0.0715234082417719,-0.29660415568694215,0.26176741812140647,-0.4765437542479535,0.3908906345424284,-0.4750105924896725,0.46408668822441085,-0.4199742858105581,0.020312184443485468,-0.39965956661688185,0.1355238227600335,-0.6980210284004082,0.28155432990391827,-0.8332099020280823,0.402123488645235,-0.9004083022299608,0.015300766051915873,-0.457654506140165,0.06775561071525668,-0.7268414277558619,0.172453177661683,-0.8727979926156085,0.2699849333972037,-0.9628645469319699,0.03083538091429416,-0.482497447917605,0.05638747337369389,-0.6971471189560446,0.11321229978745669,-0.8133339843031554,0.17999731844392822,-0.8939740923455624
OK_SIGN,-0.0,0.0,-0.14663109809624303,0.035899015159794816,-0.2832036556423732,-0.03434919647168838,-0.40011857366572384,-0.1606094487628868,-0.4755973509481322,-0.33648577034656635,-0.0715234082417719,-0.29660415568694215,-0.26176741812140647,-0.4765437542479535,-0.3908906345424284,-0.4750105924896725,-0.46408668822441085,-0.4199742858105581,-0.020312184443485468,-0.39965956661688185,-0.1355238227600335,-0.6980210284004082,-0.28155432990391827,-0.8332099020280823,-0.402123488645235,-0.9004083022299608,-0.015300766051915873,-0.457654506140165,-0.06775561071525668,-0.7268414277558619,-0.172453177661683,-0.8727979926156085,-0.2699849333972037,-0.9628645469319699,-0.03083538091429416,-0.482497447917605,-0.05638747337369389,-0.6971471189560446,-0.11321229978745669,-0.8133339843031554,-0.17999731844392822,-0.8939740923455624
OK_SIGN,0.0,0.0,0.14315281663581977,0.05306932739524877,0.28793888472055634,-0.010851065736570801,0.416181080888217,-0.12713133906021043,0.5049133593232985,-0.3043496199172143,0.07585493488255995,-0.30954279805853113,0.2882796101228969,-0.49502993834673814,0.4305455408412474,-0.4658853026845485,0.5031660456234401,-0.3867996295344232,0.04238823979393137,-0.4224755019890625,0.18171724060519978,-0.7250636561806779,0.3513113483340296,-0.8328850175970008,0.4807906161430549,-0.8697955004711369,0.05350727106137226,-0.48457251428266823,0.13572177251109427,-0.7464032189074011,0.27627884612127274,-0.862189940333339,0.3929985244615199,-0.9195391018173551,0.08214143392551805,-0.5130489282077169,0.13367111321601444,-0.7256017408115525,0.21532199485798215,-0.8298704822878957,0.29865466016757475,-0.8995627483527275
OK_SIGN,-0.0,0.0,-0.14315281663581977,0.05306932739524877,-0.28793888472055634,-0.010851065736570801,-0.416181080888217,-0.12713133906021043,-0.5049133593232985,-0.3043496199172143,-0.07585493488255995,-0.30954279805853113,-0.2882796101228969,-0.49502993834673814,-0.4305455408412474,-0.4658853026845485,-0.5031660456234401,-0.3867996295344232,-0.04238823979393137,-0.4224755019890625,-0.18171724060519978,-0.7250636561806779,-0.3513113483340296,-0.8328850175970008,-0.4807906161430549,-0.8697955004711369,-0.05350727106137226,-0.48457251428266823,-0.13572177251109427,-0.7464032189074011,-0.27627884612127274,-0.862189940333339,-0.3929985244615199,-0.9195391018173551,-0.08214143392551805,-0.5130489282077169,-0.13367111321601444,-0.7256017408115525,-0.21532199485798215,-0.8298704822878957,-0.29865466016757475,-0.8995627483527275
OK_SIGN,0.0,0.0,0.14404467534299506,0.05133946286459058,0.2878408588279205,-0.014694520692934953,0.4155320959715727,-0.1317361836137695,0.5058466692477136,-0.3080109598516402,0.07263776609982428,-0.31298786604548245,0.28442559410699325,-0.4965757100272105,0.42567246934608255,-0.4707461569917041,0.49874551880272944,-0.3935167469665475,0.03779212319855097,-0.4254535598520688,0.18087441124336356,-0.728100814495172,0.3528488337952161,-0.8356091187844622,0.48454567670665666,-0.8724042778956744,0.047687923417762235,-0.48719971420498165,0.13060990233498637,-0.7523008018763988,0.27318437260305745,-0.8659972757023294,0.39153810941640804,-0.9201618927529138,0.07450475903964363,-0.5127575705150291,0.12312202971261679,-0.7267042195624963,0.20674660898549607,-0.8291710743181857,0.2914824862618574,-0.8959194911769888
OK_SIGN,-0.0,0.0,-0.14404467534299506,0.05133946286459058,-0.2878408588279205,-0.014694520692934953,-0.4155320959715727,-0.1317361836137695,-0.5058466692477136,-0.3080109598516402,-0.07263776609982428,-0.31298786604548245,-0.28442559410699325,-0.4965757100272105,-0.42567246934608255,-0.4707461569917041,-0.49874551880272944,-0.3935167469665475,-0.03779212319855097,-0.4254535598520688,-0.18087441124336356,-0.728100814495172,-0.3528488337952161,-0.8356091187844622,-0.48454567670665666,-0.8724042778956744,-0.047687923417762235,-0.48719971420498165,-0.13060990233498637,-0.7523008018763988,-0.27318437260305745,-0.8659972757023294,-0.39153810941640804,-0.9201618927529138,-0.07450475903964363,-0.5127575705150291,-0.12312202971261679,-0.7267042195624963,-0.20674660898549607,-0.8291710743181857,-0.2914824862618574,-0.8959194911769888
OK_SIGN,0.0,0.0,0.1517167289276313,0.025506347065767272,0.29112230034959247,-0.041793337621445235,0.41354022803286944,-0.16967738572491353,0.49815856290528887,-0.3264357696818973,0.10364503032356948,-0.29783646602309244,0.31011598904838356,-0.4857744583101603,0.4348897465969627,-0.4644929755463342,0.49877810759179825,-0.39596546856130643,0.03681849057006212,-0.405343286372655,0.20143833180059262,-0.6838057276839977,0.36731040732521253,-0.7758502929378089,0.4902097857989152,-0.7991209922737779,0.017251192183668156,-0.46670132228621647,0.09585464229361394,-0.7503180171541055,0.21025951276198457,-0.8778284461548327,0.30863292416230487,-0.9511812225454332,0.026513594699022047,-0.48406648526905827,0.04479427976698775,-0.7086054991297929,0.10390605089911678,-0.8233176862968226,0.17092405870624228,-0.8909297434215675
OK_SIGN,-0.0,0.0,-0.1517167289276313,0.025506347065767272,-0.29112230034959247,-0.041793337621445235,-0.41354022803286944,-0.16967738572491353,-0.49815856290528887,-0.3264357696818973,-0.10364503032356948,-0.29783646602309244,-0.31011598904838356,-0.4857744583101603,-0.4348897465969627,-0.4644929755463342,-0.49877810759179825,-0.39596546856130643,-0.03681849057006212,-0.405343286372655,-0.20143833180059262,-0.6838057276839977,-0.36731040732521253,-0.7758502929378089,-0.4902097857989152,-0.7991209922737779,-0.017251192183668156,-0.46670132228621647,-0.09585464229361394,-0.7503180171541055,-0.21025951276198457,-0.8778284461548327,-0.30863292416230487,-0.9511812225454332,-0.026513594699022047,-0.48406648526905827,-0.04479427976698775,-0.7086054991297929,-0.10390605089911678,-0.8233176862968226,-0.17092405870624228,-0.8909297434215675
OK_SIGN,0.0,0.0,0.16458244543639702,0.00038991591703915735,0.308811897777279,-0.07435024170032624,0.43481076963960236,-0.20360650618867343,0.49724774395867544,-0.3645419304187186,0.12894795219727642,-0.2975660417418643,0.32691698394724017,-0.49298381083347087,0.4413344623296959,-0.4810901541827542,0.499907188888783,-0.42479572040642577,0.05362335170941902,-0.3960315915994089,0.21473283015224712,-0.680583938190469,0.3692465662246592,-0.7862081230355851,0.48828212022881967,-0.8292771663391648,0.016985047669873743,-0.45585351451024814,0.08950624753533429,-0.746972438795542,0.19009241415539052,-0.8789962586515693,0.2816764652832741,-0.9595094418011324,0.011930220247211357,-0.47723395185068046,0.01319730330923304,-0.6968261486278259,0.052251390747825276,-0.8184503190627939,0.10600720468108737,-0.8987028878153381
OK_SIGN,-0.0,0.0,-0.16458244543639702,0.00038991591703915735,-0.308811897777279,-0.07435024170032624,-0.43481076963960236,-0.20360650618867343,-0.49724774395867544,-0.3645419304187186,-0.12894795219727642,-0.2975660417418643,-0.32691698394724017,-0.49298381083347087,-0.4413344623296959,-0.4810901541827542,-0.499907188888783,-0.42479572040642577,-0.05362335170941902,-0.3960315915994089,-0.21473283015224712,-0.680583938190469,-0.3692465662246592,-0.7862081230355851,-0.48828212022881967,-0.8292771663391648,-0.016985047669873743,-0.45585351451024814,-0.08950624753533429,-0.746972438795542,-0.19009241415539052,-0.8789962586515693,-0.2816764652832741,-0.9595094418011324,-0.011930220247211357,-0.47723395185068046,-0.01319730330923304,-0.6968261486278259,-0.052251390747825276,-0.8184503190627939,-0.10600720468108737,-0.8987028878153381
OK_SIGN,0.0,0.0,0.16457941298755518,0.0002844646039755149,0.3064210463940645,-0.07821734826443331,0.43001339283393497,-0.21214345744658628,0.4918245416828181,-0.3744633591138558,0.12282634663648985,-0.2899840275682158,0.3213546422964098,-0.49085886682679947,0.43530261134783377,-0.48529574622982563,0.49476164595346867,-0.4316534774148416,0.04486546506104261,-0.38989057200321153,0.20869971390288372,-0.6785249119692485,0.3632002392244041,-0.7879325163001996,0.4820951577049333,-0.8335244802302967,0.0071134960962605485,-0.4526179110211551,0.08317109822069359,-0.745721354864604,0.1836315962346925,-0.8783429927155559,0.27435909296912836,-0.9616273124787779,0.0006087918724450553,-0.4784046418407423,0.0015767094555041636,-0.6953217076200133,0.0414804664965944,-0.8141643922643089,0.09730411291561444,-0.8941586314591193
OK_SIGN,-0.0,0.0,-0.16457941298755518,0.0002844646039755149,-0.3064210463940645,-0.07821734826443331,-0.43001339283393497,-0.21214345744658628,-0.4918245416828181,-0.3744633591138558,-0.12282634663648985,-0.2899840275682158,-0.3213546422964098,-0.49085886682679947,-0.43530261134783377,-0.48529574622982563,-0.49476164595346867,-0.4316534774148416,-0.04486546506104261,-0.38989057200321153,-0.20869971390288372,-0.6785249119692485,-0.3632002392244041,-0.7879325163001996,-0.4820951577049333,-0.8335244802302967,-0.0071134960962605485,-0.4526179110211551,-0.08317109822069359,-0.745721354864604,-0.1836315962346925,-0.8783429927155559,-0.27435909296912836,-0.9616273124787779,-0.0006087918724450553,-0.4784046418407423,-0.0015767094555041636,-0.6953217076200133,-0.0414804664965944,-0.8141643922643089,-0.09730411291561444,-0.8941586314591193
OK_SIGN,0.0,0.0,0.16619082913349806,-0.01354979751936431,0.30448045526390405,-0.09899136158181204,0.4239558286655061,-0.24054418965410446,0.48004079159825913,-0.4025632799121933,0.12172727737105575,-0.3089394938830627,0.31420445211856696,-0.5112473070109307,0.42656940837540275,-0.5054275110261794,0.48518962267370863,-0.4539241094897468,0.04094768701439706,-0.4022320013182251,0.19748882342905935,-0.6956103838930783,0.349518750235578,-0.8071590725688111,0.46636279429328975,-0.8527540736722576,-0.0011884350080360582,-0.45979571715915124,0.0673755985351602,-0.7537757907681251,0.1647193341728284,-0.8868322211659625,0.25245577500281946,-0.9676084340619018,-0.011149213417389916,-0.4822634481951001,-0.014177430326244644,-0.703482669943105,0.02248569625254147,-0.8239656045520884,0.0752865457312943,-0.9027761353093279
OK_SIGN,-0.0,0.0,-0.16619082913349806,-0.01354979751936431,-0.30448045526390405,-0.09899136158181204,-0.4239558286655061,-0.24054418965410446,-0.48004079159825913,-0.4025632799121933,-0.12172727737105575,-0.3089394938830627,-0.31420445211856696,-0.5112473070109307,-0.42656940837540275,-0.5054275110261794,-0.48518962267370863,-0.4539241094897468,-0.04094768701439706,-0.4022320013182251,-0.19748882342905935,-0.6956103838930783,-0.349518750235578,-0.8071590725688111,-0.46636279429328975,-0.8527540736722576,0.0011884350080360582,-0.45979571715915124,-0.0673755985351602,-0.7537757907681251,-0.1647193341728284,-0.8868322211659625,-0.25245577500281946,-0.9676084340619018,0.011149213417389916,-0.4822634481951001,0.014177430326244644,-0.703482669943105,-0.02248569625254147,-0.8239656045520884,-0.0752865457312943,-0.9027761353093279
OK_SIGN,0.0,0.0,0.14864358420084503,0.024364699802567176,0.2864299519058945,-0.06463642640395245,0.4055545767916408,-0.20776409758834546,0.4834947879357683,-0.3871273548525627,0.07229950166956083,-0.319400708906672,0.2709542867775162,-0.5097959429241533,0.4042733030109249,-0.508660566451958,0.4811123512045866,-0.4576685528018752,0.01067024788916361,-0.4248476871991594,0.15821025761378213,-0.7157298431805105,0.32823759433628635,-0.8277756602763506,0.4592833707393637,-0.8675959793994106,-0.0037579107369237414,-0.4888842465701452,0.05748301203582563,-0.7720266106226266,0.1791034153635051,-0.8981059250817846,0.2852497361265867,-0.9584532268398457,0.005496394729826597,-0.5127594066432964,0.020460062795142682,-0.7384514649780812,0.09425923204712004,-0.8466699646111985,0.1723231092466619,-0.9082710336842679
OK_SIGN,-0.0,0.0,-0.14864358420084503,0.024364699802567176,-0.2864299519058945,-0.06463642640395245,-0.4055545767916408,-0.20776409758834546,-0.4834947879357683,-0.3871273548525627,-0.07229950166956083,-0.319400708906672,-0.2709542867775162,-0.5097959429241533,-0.4042733030109249,-0.508660566451958,-0.4811123512045866,-0.4576685528018752,-0.01067024788916361,-0.4248476871991594,-0.15821025761378213,-0.7157298431805105,-0.32823759433628635,-0.8277756602763506,-0.4592833707393637,-0.8675959793994106,0.0037579107369237414,-0.4888842465701452,-0.05748301203582563,-0.7720266106226266,-0.1791034153635051,-0.8981059250817846,-0.2852497361265867,-0.9584532268398457,-0.005496394729826597,-0.5127594066432964,-0.020460062795142682,-0.7384514649780812,-0.09425923204712004,-0.8466699646111985,-0.1723231092466619,-0.9082710336842679
OK_SIGN,0.0,0.0,0.14716797050588926,0.02838000890717423,0.28432369826897885,-0.06110610929574161,0.40775169026609037,-0.20831492342126046,0.4829036500637853,-0.3878128712694567,0.07331482279637838,-0.3259202219751131,0.272978857355581,-0.5141848323277731,0.4073743372656156,-0.5128893988478305,0.4845867976094763,-0.4660698471211974,0.013268320125328427,-0.4346309213924269,0.16394636427331788,-0.7152650293014117,0.33482938666718154,-0.8239435944003405,0.4654740858679608,-0.8607792836934017,0.000354753865348835,-0.4986356513187553,0.06517950955196081,-0.7804784750961529,0.18661840225707516,-0.9011615355975706,0.2924686217768387,-0.9562751200757847,0.012324787463775239,-0.5225768447183553,0.033357149327881024,-0.7468847481111895,0.1083113479231783,-0.8492139322821141,0.18707549041204735,-0.903555617397439
OK_SIGN,-0.0,0.0,-0.14716797050588926,0.02838000890717423,-0.28432369826897885,-0.06110610929574161,-0.40775169026609037,-0.20831492342126046,-0.4829036500637853,-0.3878128712694567,-0.07331482279637838,-0.3259202219751131,-0.272978857355581,-0.5141848323277731,-0.4073743372656156,-0.5128893988478305,-0.4845867976094763,-0.4660698471211974,-0.013268320125328427,-0.4346309213924269,-0.16394636427331788,-0.7152650293014117,-0.33482938666718154,-0.8239435944003405,-0.4654740858679608,-0.8607792836934017,-0.000354753865348835,-0.4986356513187553,-0.06517950955196081,-0.7804784750961529,-0.18661840225707516,-0.9011615355975706,-0.2924686217768387,-0.9562751200757847,-0.012324787463775239,-0.5225768447183553,-0.033357149327881024,-0.7468847481111895,-0.1083113479231783,-0.8492139322821141,-0.18707549041204735,-0.903555617397439
OK_SIGN,0.0,0.0,0.14772342523791746,0.026394339166989262,0.2845142935611874,-0.06276094209020562,0.4055091657409321,-0.20700854285981468,0.48067866543166093,-0.3825511060873562,0.07462243655538103,-0.32784877655922373,0.27426005066763065,-0.5101806773413503,0.40796611739748684,-0.5040935578477552,0.48356175824394987,-0.4541687900718255,0.014401962705575541,-0.4327177178225132,0.16511435204360714,-0.7144077195584477,0.33468356130077764,-0.8204490654453127,0.46330426487577814,-0.8557115083033079,0.001626064936354152,-0.49420178578143564,0.06758513147579207,-0.7818869797464145,0.19007806393378862,-0.9017273753325081,0.29523488656648167,-0.9554247022942607,0.016048906787891046,-0.515968258557196,0.04732660521700741,-0.7464688655174708,0.1278199182383767,-0.8524884469235634,0.21039457962269917,-0.9085254186794022
OK_SIGN,-0.0,0.0,-0.14772342523791746,0.026394339166989262,-0.2845142935611874,-0.06276094209020562,-0.4055091657409321,-0.20700854285981468,-0.48067866543166093,-0.3825511060873562,-0.07462243655538103,-0.32784877655922373,-0.27426005066763065,-0.5101806773413503,-0.40796611739748684,-0.5040935578477552,-0.48356175824394987,-0.4541687900718255,-0.014401962705575541,-0.4327177178225132,-0.16511435204360714,-0.7144077195584477,-0.33468356130077764,-0.8204490654453127,-0.46330426487577814,-0.8557115083033079,-0.001626064936354152,-0.49420178578143564,-0.06758513147579207,-0.7818869797464145,-0.19007806393378862,-0.9017273753325081,-0.29523488656648167,-0.9554247022942607,-0.016048906787891046,-0.515968258557196,-0.04732660521700741,-0.7464688655174708,-0.1278199182383767,-0.8524884469235634,-0.21039457962269917,-0.9085254186794022
OK_SIGN,0.0,0.0,0.14283401390714714,0.02682558209127155,0.2784884848271485,-0.0580094438547311,0.4009854201176737,-0.19604288647916338,0.4810911649645065,-0.36882747853351006,0.07249283066187036,-0.3276122470866938,0.26901573771023674,-0.5031930229350178,0.4043358393898778,-0.4963618878705304,0.4813191473155765,-0.4420729872973417,0.01826491061491396,-0.4314729047446383,0.16012287051165885,-0.7038765713313444,0.32988432007487567,-0.811234981307486,0.46069720043732243,-0.8461353648549546,0.011246885592333208,-0.49367391891926754,0.06955830735274723,-0.7705692326599934,0.18975721271646645,-0.8958633022802766,0.2941255295993883,-0.9557667983550586,0.02882287712072307,-0.518417973887299,0.05954843440165948,-0.7397334132285075,0.14005844942779513,-0.8460660488611077,0.22380606244079138,-0.9069587602109466
OK_SIGN,-0.0,0.0,-0.14283401390714714,0.02682558209127155,-0.2784884848271485,-0.0580094438547311,-0.4009854201176737,-0.19604288647916338,-0.4810911649645065,-0.36882747853351006,-0.07249283066187036,-0.3276122470866938,-0.26901573771023674,-0.5031930229350178,-0.4043358393898778,-0.4963618878705304,-0.4813191473155765,-0.4420729872973417,-0.01826491061491396,-0.4314729047446383,-0.16012287051165885,-0.7038765713313444,-0.32988432007487567,-0.811234981307486,-0.46069720043732243,-0.8461353648549546,-0.011246885592333208,-0.49367391891926754,-0.06955830735274723,-0.7705692326599934,-0.18975721271646645,-0.8958633022802766,-0.2941255295993883,-0.9557667983550586,-0.02882287712072307,-0.518417973887299,-0.05954843440165948,-0.7397334132285075,-0.14005844942779513,-0.8460660488611077,-0.22380606244079138,-0.9069587602109466
OK_SIGN,0.0,0.0,0.14448078946821763,0.029909923874560613,0.2799136044900017,-0.05575105481443544,0.40001625160709414,-0.19572973858552484,0.48135844641451986,-0.36747995914301584,0.07340176221993557,-0.31584790036325533,0.26662580993005647,-0.49554316399701104,0.4015546912105505,-0.4919693033731508,0.478170330018127,-0.4405623535373647,0.016657110483412483,-0.42070856432126386,0.15908645199405766,-0.69479963376559,0.32822552589322307,-0.8010127077641214,0.4584517818060784,-0.8368590384388519,0.00918380090937784,-0.48668209730184886,0.07075285346307585,-0.7637618612074799,0.1905681866289187,-0.8907965611529519,0.29502305439240883,-0.9554901346308992,0.026696925475257673,-0.51610177253672,0.06164369856242817,-0.7376464427767025,0.14038587043047626,-0.8429216116302479,0.22227422520177767,-0.9050635357097692
OK_SIGN,-0.0,0.0,-0.14448078946821763,0.029909923874560613,-0.2799136044900017,-0.05575105481443544,-0.40001625160709414,-0.19572973858552484,-0.48135844641451986,-0.36747995914301584,-0.07340176221993557,-0.31584790036325533,-0.26662580993005647,-0.49554316399701104,-0.4015546912105505,-0.4919693033731508,-0.478170330018127,-0.4405623535373647,-0.016657110483412483,-0.42070856432126386,-0.15908645199405766,-0.69479963376559,-0.32822552589322307,-0.8010127077641214,-0.4584517818060784,-0.8368590384388519,-0.00918380090937784,-0.48668209730184886,-0.07075285346307585,-0.7637618612074799,-0.1905681866289187,-0.8907965611529519,-0.29502305439240883,-0.9554901346308992,-0.026696925475257673,-0.51610177253672,-0.06164369856242817,-0.7376464427767025,-0.14038587043047626,-0.8429216116302479,-0.22227422520177767,-0.9050635357097692
OK_SIGN,0.0,0.0,0.1664554377447291,0.019685112986373477,0.30744090143808855,-0.06414517990292731,0.42701401125706484,-0.2133064611695708,0.49505419348489005,-0.3919281373392973,0.09036269941595722,-0.2884261261779552,0.2932936750648118,-0.5018596866312732,0.42552373641080754,-0.5066546181061605,0.5017587747665574,-0.45814362836978634,0.011712849920215571,-0.39887036192355413,0.17898611775124665,-0.7062740892668108,0.3526300020200908,-0.818935375987992,0.48413509326566023,-0.8613201651975128,-0.01885238316165709,-0.47029489180516526,0.06471964759512729,-0.7651608655287176,0.18379399243324146,-0.8928440986197872,0.2851691035615288,-0.9584772205816443,-0.01955545516168648,-0.50213021471006,-0.0060729979255455015,-0.7406074511434465,0.047727850455168426,-0.8596538025336306,0.11103676372678603,-0.9277889517810466
OK_SIGN,-0.0,0.0,-0.1664554377447291,0.019685112986373477,-0.30744090143808855,-0.06414517990292731,-0.42701401125706484,-0.2133064611695708,-0.49505419348489005,-0.3919281373392973,-0.09036269941595722,-0.2884261261779552,-0.2932936750648118,-0.5018596866312732,-0.42552373641080754,-0.5066546181061605,-0.5017587747665574,-0.45814362836978634,-0.011712849920215571,-0.39887036192355413,-0.17898611775124665,-0.7062740892668108,-0.3526300020200908,-0.818935375987992,-0.48413509326566023,-0.8613201651975128,0.01885238316165709,-0.47029489180516526,-0.06471964759512729,-0.7651608655287176,-0.18379399243324146,-0.8928440986197872,-0.2851691035615288,-0.9584772205816443,0.01955545516168648,-0.50213021471006,0.0060729979255455015,-0.7406074511434465,-0.047727850455168426,-0.8596538025336306,-0.11103676372678603,-0.9277889517810466
OK_SIGN,0.0,0.0,0.16615195492605794,0.01687827166172595,0.3112944989298734,-0.06339196512655255,0.4381806690605478,-0.20709158624729515,0.5074661591181667,-0.38010193653401625,0.10939254404732456,-0.3012032462301329,0.3170144075846928,-0.5039932443143933,0.44532994718527524,-0.5028468023443006,0.5181821947008631,-0.45431232444054287,0.035621537170841856,-0.4137071825170306,0.21124769619837075,-0.7067283658073069,0.38299396972791117,-0.8079573355381682,0.5122960357552124,-0.8411358699860536,0.005374075639554337,-0.48345614037700263,0.09640970011281415,-0.7718108982466066,0.21574514591360786,-0.8899550432261264,0.31729549358815423,-0.9483267209926385,0.0036270848785231935,-0.5106594611155619,0.01730977108737508,-0.740038014795591,0.06957151127130888,-0.8558205511909972,0.1313934902663685,-0.9229782290415955
OK_SIGN,-0.0,0.0,-0.16615195492605794,0.01687827166172595,-0.3112944989298734,-0.06339196512655255,-0.4381806690605478,-0.20709158624729515,-0.5074661591181667,-0.38010193653401625,-0.10939254404732456,-0.3012032462301329,-0.3170144075846928,-0.5039932443143933,-0.44532994718527524,-0.5028468023443006,-0.5181821947008631,-0.45431232444054287,-0.035621537170841856,-0.4137071825170306,-0.21124769619837075,-0.7067283658073069,-0.38299396972791117,-0.8079573355381682,-0.5122960357552124,-0.8411358699860536,-0.005374075639554337,-0.48345614037700263,-0.09640970011281415,-0.7718108982466066,-0.21574514591360786,-0.8899550432261264,-0.31729549358815423,-0.9483267209926385,-0.0036270848785231935,-0.5106594611155619,-0.01730977108737508,-0.740038014795591,-0.06957151127130888,-0.8558205511909972,-0.1313934902663685,-0.9229782290415955
OK_SIGN,0.0,0.0,0.17106824562305203,0.016962850206426124,0.3309457505499188,-0.05654214912812028,0.4769225387548029,-0.18314697494334167,0.5615727089206004,-0.33257298364962246,0.17478061191455185,-0.3118223310467813,0.3932328580610244,-0.5035276348267516,0.5047357132267706,-0.4791592779706797,0.5572523041414278,-0.41855590725653913,0.10646602753415381,-0.4323795001008312,0.32264484375224217,-0.6914949621978919,0.4858630380529087,-0.7601575946771352,0.6023856963596437,-0.7699629674504657,0.06805694219717101,-0.5051172232554226,0.22648846614412071,-0.7626720825866931,0.36309994998148826,-0.8489031821730099,0.4718501211320784,-0.8816787755116048,0.05233996182464653,-0.5342360000412539,0.10937317944896599,-0.7634604926170523,0.17928109471071085,-0.8547152845598838,0.2562706843935111,-0.8933328465253336
OK_SIGN,-0.0,0.0,-0.17106824562305203,0.016962850206426124,-0.3309457505499188,-0.05654214912812028,-0.4769225387548029,-0.18314697494334167,-0.5615727089206004,-0.33257298364962246,-0.17478061191455185,-0.3118223310467813,-0.3932328580610244,-0.5035276348267516,-0.5047357132267706,-0.4791592779706797,-0.5572523041414278,-0.41855590725653913,-0.10646602753415381,-0.4323795001008312,-0.32264484375224217,-0.6914949621978919,-0.4858630380529087,-0.7601575946771352,-0.6023856963596437,-0.7699629674504657,-0.06805694219717101,-0.5051172232554226,-0.22648846614412071,-0.7626720825866931,-0.36309994998148826,-0.8489031821730099,-0.4718501211320784,-0.8816787755116048,-0.05233996182464653,-0.5342360000412539,-0.10937317944896599,-0.7634604926170523,-0.17928109471071085,-0.8547152845598838,-0.2562706843935111,-0.8933328465253336
OK_SIGN,0.0,0.0,0.16502622856969054,0.004846694533473422,0.31792276247452195,-0.07152650466710496,0.4504278295686654,-0.19493705266626768,0.530537486928444,-0.3294730943326256,0.15922904741132957,-0.3060689548604987,0.36513679045515673,-0.48088213722169987,0.46929348771764673,-0.46129164854824956,0.5214605242821528,-0.40940231041420605,0.09517789745827654,-0.41355510721375877,0.3008819299625471,-0.6527031991133804,0.44124190547098346,-0.7561460037976088,0.5417662292343612,-0.8187539021988645,0.057546067702888004,-0.47875592588218924,0.2026126344975172,-0.7214582232831862,0.30819530553690366,-0.8392323849000812,0.39238349313154036,-0.9198017146743588,0.03965430477704696,-0.5049112723334858,0.10868305627582613,-0.7068038137609423,0.1585469933134296,-0.8213469618029337,0.2091878032055461,-0.9022547408936155
OK_SIGN,-0.0,0.0,-0.16502622856969054,0.004846694533473422,-0.31792276247452195,-0.07152650466710496,-0.4504278295686654,-0.19493705266626768,-0.530537486928444,-0.3294730943326256,-0.15922904741132957,-0.3060689548604987,-0.36513679045515673,-0.48088213722169987,-0.46929348771764673,-0.46129164854824956,-0.5214605242821528,-0.40940231041420605,-0.09517789745827654,-0.41355510721375877,-0.3008819299625471,-0.6527031991133804,-0.44124190547098346,-0.7561460037976088,-0.5417662292343612,-0.8187539021988645,-0.057546067702888004,-0.47875592588218924,-0.2026126344975172,-0.7214582232831862,-0.30819530553690366,-0.8392323849000812,-0.39238349313154036,-0.9198017146743588,-0.03965430477704696,-0.5049112723334858,-0.10868305627582613,-0.7068038137609423,-0.1585469933134296,-0.8213469618029337,-0.2091878032055461,-0.9022547408936155
OK_SIGN,0.0,0.0,0.1682573567670292,-0.011071369524631848,0.3117024025159766,-0.08436173517544819,0.4391956432880475,-0.20541838282845304,0.5043045300468718,-0.3522003425859106,0.14626285556064528,-0.2999639626983857,0.3331071453749547,-0.4673579121578259,0.43653700912523474,-0.46293978583518575,0.493901249865448,-0.4186065482483245,0.07848772573048271,-0.39427910133869043,0.24217450625762962,-0.6559955266002278,0.3805317058603305,-0.7796753454673822,0.48594749473575344,-0.8541726742330482,0.040763980121591756,-0.4518247330232158,0.1258451647727947,-0.7213954541101507,0.21858675395536273,-0.8572318630803795,0.30174512666017406,-0.9533886293305766,0.026423225651613133,-0.47311921464525813,0.04488963902278491,-0.6787573047073836,0.08177171706273102,-0.8019040923576567,0.1304992351964072,-0.8924333913864496
OK_SIGN,-0.0,0.0,-0.1682573567670292,-0.011071369524631848,-0.3117024025159766,-0.08436173517544819,-0.4391956432880475,-0.20541838282845304,-0.5043045300468718,-0.3522003425859106,-0.14626285556064528,-0.2999639626983857,-0.3331071453749547,-0.4673579121578259,-0.43653700912523474,-0.46293978583518575,-0.493901249865448,-0.4186065482483245,-0.07848772573048271,-0.39427910133869043,-0.24217450625762962,-0.6559955266002278,-0.3805317058603305,-0.7796753454673822,-0.48594749473575344,-0.8541726742330482,-0.040763980121591756,-0.4518247330232158,-0.1258451647727947,-0.7213954541101507,-0.21858675395536273,-0.8572318630803795,-0.30174512666017406,-0.9533886293305766,-0.026423225651613133,-0.47311921464525813,-0.04488963902278491,-0.6787573047073836,-0.08177171706273102,-0.8019040923576567,-0.1304992351964072,-0.8924333913864496
OK_SIGN,0.0,0.0,0.17000503575749648,-0.0034109319103300044,0.31487378518104614,-0.07594181711282946,0.4425919494742862,-0.20055685086829653,0.5054098537386182,-0.34949211540726244,0.14442689996833202,-0.2774744389319103,0.3339039336223378,-0.45552593793461965,0.4405058089845839,-0.457112013015341,0.5015345704618642,-0.4132941858308412,0.07312075181675359,-0.37490854021375103,0.2368869778626166,-0.6440644285704485,0.3778765216579175,-0.7719977716904236,0.48443889825248027,-0.8479091733758731,0.03629950512738783,-0.43523348044387894,0.11537872174368073,-0.7136955261942418,0.20585904433090843,-0.8568189668290225,0.2873913133346175,-0.9578132558175438,0.025822835471885842,-0.45800156104642625,0.038099176331609516,-0.6704476786137863,0.0714208597295021,-0.7976110022034879,0.11710772180781388,-0.8889964934145955
OK_SIGN,-0.0,0.0,-0.17000503575749648,-0.0034109319103300044,-0.31487378518104614,-0.07594181711282946,-0.4425919494742862,-0.20055685086829653,-0.5054098537386182,-0.34949211540726244,-0.14442689996833202,-0.2774744389319103,-0.3339039336223378,-0.45552593793461965,-0.4405058089845839,-0.457112013015341,-0.5015345704618642,-0.4132941858308412,-0.07312075181675359,-0.37490854021375103,-0.2368869778626166,-0.6440644285704485,-0.3778765216579175,-0.7719977716904236,-0.48443889825248027,-0.8479091733758731,-0.03629950512738783,-0.43523348044387894,-0.11537872174368073,-0.7136955261942418,-0.20585904433090843,-0.8568189668290225,-0.2873913133346175,-0.9578132558175438,-0.025822835471885842,-0.45800156104642625,-0.038099176331609516,-0.6704476786137863,-0.0714208597295021,-0.7976110022034879,-0.11710772180781388,-0.8889964934145955
OK_SIGN,0.0,0.0,0.1742658301135618,-0.005123816794199022,0.31882553649219186,-0.08360038219366336,0.444949884249539,-0.21166626023366536,0.5072831138437401,-0.3652336176860059,0.16334253301412574,-0.275344627136329,0.3500344242197665,-0.4525395282045188,0.4555686193041287,-0.4532921411097975,0.5114071512140484,-0.40873211145554345,0.08665008222610003,-0.3682101665575556,0.24705826896149538,-0.6471526350693901,0.39385365769473124,-0.7627056553514147,0.5062016020650892,-0.8197738301407813,0.044681784134537876,-0.42880479000290833,0.1257901032222178,-0.7180505291880077,0.22244100420637727,-0.8569974313969717,0.30964316668420927,-0.9508528326327765,0.03045831461428222,-0.4521490135456303,0.05513860190801057,-0.6766606176310349,0.09746738047990479,-0.8031727368787374,0.1531809927150792,-0.8877778221321204
OK_SIGN,-0.0,0.0,-0.1742658301135618,-0.005123816794199022,-0.31882553649219186,-0.08360038219366336,-0.444949884249539,-0.21166626023366536,-0.5072831138437401,-0.3652336176860059,-0.16334253301412574,-0.275344627136329,-0.3500344242197665,-0.4525395282045188,-0.4555686193041287,-0.4532921411097975,-0.5114071512140484,-0.40873211145554345,-0.08665008222610003,-0.3682101665575556,-0.24705826896149538,-0.6471526350693901,-0.39385365769473124,-0.7627056553514147,-0.5062016020650892,-0.8197738301407813,-0.044681784134537876,-0.42880479000290833,-0.1257901032222178,-0.7180505291880077,-0.22244100420637727,-0.8569974313969717,-0.30964316668420927,-0.9508528326327765,-0.03045831461428222,-0.4521490135456303,-0.05513860190801057,-0.6766606176310349,-0.09746738047990479,-0.8031727368787374,-0.1531809927150792,-0.8877778221321204
OK_SIGN,0.0,0.0,0.15582299335293484,0.05755112327818431,0.3095226228323716,-0.008039382170012902,0.4566212620231307,-0.13949878619374032,0.5586704206664672,-0.3035888557414341,0.11933747045512785,-0.3153515405636642,0.3568709009389049,-0.5080937518929372,0.4960510305364831,-0.4691159202746058,0.560977435260033,-0.3869707198507533,0.06280723153762385,-0.4420205778408574,0.2672320116031913,-0.7139017875386472,0.4605044681658408,-0.7644067216013859,0.5916261520734706,-0.7455639112114112,0.04975480098734819,-0.515878077313469,0.17274819441216283,-0.8067543590496833,0.3288790800461238,-0.8835506808951001,0.45069875226939643,-0.8926761085090209,0.060894388086861054,-0.5438511633676929,0.1416678367788078,-0.7771860179263796,0.2581354257802073,-0.8578869923744339,0.36746627384646785,-0.8806425080608119
OK_SIGN,-0.0,0.0,-0.15582299335293484,0.05755112327818431,-0.3095226228323716,-0.008039382170012902,-0.4566212620231307,-0.13949878619374032,-0.5586704206664672,-0.3035888557414341,-0.11933747045512785,-0.3153515405636642,-0.3568709009389049,-0.5080937518929372,-0.4960510305364831,-0.4691159202746058,-0.560977435260033,-0.3869707198507533,-0.06280723153762385,-0.4420205778408574,-0.2672320116031913,-0.7139017875386472,-0.4605044681658408,-0.7644067216013859,-0.5916261520734706,-0.7455639112114112,-0.04975480098734819,-0.515878077313469,-0.17274819441216283,-0.8067543590496833,-0.3288790800461238,-0.8835506808951001,-0.45069875226939643,-0.8926761085090209,-0.060894388086861054,-0.5438511633676929,-0.1416678367788078,-0.7771860179263796,-0.2581354257802073,-0.8578869923744339,-0.36746627384646785,-0.8806425080608119
OK_SIGN,0.0,0.0,0.15265047970181592,0.053803731551966515,0.3092144289666284,-0.02046992991065632,0.46069518442570223,-0.15501965589573902,0.556422152104988,-0.3198343066619091,0.11838037741334219,-0.3340941590025476,0.3547466903442182,-0.49852047630615015,0.49210409658414334,-0.45840370750260323,0.5629047472433261,-0.3889399078196333,0.06576347371719223,-0.460940743441986,0.27764384694174504,-0.7163741642283039,0.4683869235626302,-0.7578469237655517,0.5998804782286311,-0.7380558444023996,0.052650133572980415,-0.5351026612991888,0.1679166760574468,-0.8235588423061908,0.31584061300901556,-0.8956069164789398,0.4334756801211927,-0.901165264945043,0.06030766548375941,-0.5604827127404252,0.1228952425903484,-0.7921332337635579,0.23019858716466168,-0.861680108138604,0.3336805773492511,-0.8695875971376003
OK_SIGN,-0.0,0.0,-0.15265047970181592,0.053803731551966515,-0.3092144289666284,-0.02046992991065632,-0.46069518442570223,-0.15501965589573902,-0.556422152104988,-0.3198343066619091,-0.11838037741334219,-0.3340941590025476,-0.3547466903442182,-0.49852047630615015,-0.49210409658414334,-0.45840370750260323,-0.5629047472433261,-0.3889399078196333,-0.06576347371719223,-0.460940743441986,-0.27764384694174504,-0.7163741642283039,-0.4683869235626302,-0.7578469237655517,-0.5998804782286311,-0.7380558444023996,-0.052650133572980415,-0.5351026612991888,-0.1679166760574468,-0.8235588423061908,-0.31584061300901556,-0.8956069164789398,-0.4334756801211927,-0.901165264945043,-0.06030766548375941,-0.5604827127404252,-0.1228952425903484,-0.7921332337635579,-0.23019858716466168,-0.861680108138604,-0.3336805773492511,-0.8695875971376003
OK_SIGN,0.0,0.0,0.16001503753690102,0.04508559022994109,0.30991239687808425,-0.023419017989703205,0.45745510668251743,-0.1659573815933334,0.5346931425987921,-0.3436978294104272,0.11066640087691781,-0.28249166926494046,0.32836855199852705,-0.5004771670870072,0.4562490626846129,-0.46624826383087575,0.5167139230593387,-0.3918510588241835,0.05057309042040661,-0.4162808955079242,0.28854226272498396,-0.6609478667015426,0.48456655028534373,-0.6894262965372719,0.6166298408368893,-0.6711802581730448,0.031260513147584795,-0.5037953426834129,0.16652080214757833,-0.7731480053492013,0.3166097866612916,-0.8639407812128881,0.43555755328854245,-0.9001608843830632,0.03947674924918435,-0.5494497536646045,0.07733409396603992,-0.7707062980910285,0.15117884245483185,-0.879242893997427,0.22733520254666298,-0.9453656880529601
OK_SIGN,-0.0,0.0,-0.16001503753690102,0.04508559022994109,-0.30991239687808425,-0.023419017989703205,-0.45745510668251743,-0.1659573815933334,-0.5346931425987921,-0.3436978294104272,-0.11066640087691781,-0.28249166926494046,-0.32836855199852705,-0.5004771670870072,-0.4562490626846129,-0.46624826383087575,-0.5167139230593387,-0.3918510588241835,-0.05057309042040661,-0.4162808955079242,-0.28854226272498396,-0.6609478667015426,-0.48456655028534373,-0.6894262965372719,-0.6166298408368893,-0.6711802581730448,-0.031260513147584795,-0.5037953426834129,-0.16652080214757833,-0.7731480053492013,-0.3166097866612916,-0.8639407812128881,-0.43555755328854245,-0.9001608843830632,-0.03947674924918435,-0.5494497536646045,-0.07733409396603992,-0.7707062980910285,-0.15117884245483185,-0.879242893997427,-0.22733520254666298,-0.9453656880529601
OK_SIGN,0.0,0.0,0.16091849337416128,0.06006579317462539,0.3138610922739168,-0.0021479462100938945,0.4565095585981049,-0.14147804615865148,0.5243265294919849,-0.3246507603810865,0.11164334746468013,-0.26780900803054675,0.32104966214031483,-0.4949961787513866,0.4486275000962568,-0.463957850117243,0.507938525665527,-0.3908963459188661,0.05157992058849316,-0.40394199399931785,0.2766923371578341,-0.6645338733892099,0.4721427948192077,-0.6977993784328852,0.6039154271344688,-0.6887734186273102,0.033112593206655265,-0.4959298058800864,0.15673561210353207,-0.7708739380709223,0.3073492837609042,-0.8660707770201672,0.4264394540077606,-0.9045161093455235,0.04324206404950841,-0.5408620597866031,0.07431433682676852,-0.7640377018823538,0.15300722332607347,-0.8778020687128286,0.2350680868717177,-0.9461360350172525
OK_SIGN,-0.0,0.0,-0.16091849337416128,0.06006579317462539,-0.3138610922739168,-0.0021479462100938945,-0.4565095585981049,-0.14147804615865148,-0.5243265294919849,-0.3246507603810865,-0.11164334746468013,-0.26780900803054675,-0.32104966214031483,-0.4949961787513866,-0.4486275000962568,-0.463957850117243,-0.507938525665527,-0.3908963459188661,-0.05157992058849316,-0.40394199399931785,-0.2766923371578341,-0.6645338733892099,-0.4721427948192077,-0.6977993784328852,-0.6039154271344688,-0.6887734186273102,-0.033112593206655265,-0.4959298058800864,-0.15673561210353207,-0.7708739380709223,-0.3073492837609042,-0.8660707770201672,-0.4264394540077606,-0.9045161093455235,-0.04324206404950841,-0.5408620597866031,-0.07431433682676852,-0.7640377018823538,-0.15300722332607347,-0.8778020687128286,-0.2350680868717177,-0.9461360350172525
OK_SIGN,0.0,0.0,0.15977545774506688,0.06277241223190262,0.30883576481871494,0.003182507089377588,0.44675959136889526,-0.1335523859420883,0.5126181505373147,-0.3190422387648285,0.1041221434391785,-0.26290818890040824,0.3200692610062873,-0.49549652460096094,0.45221418236870925,-0.47040634010533905,0.5180226768658721,-0.3985314987399458,0.0459550254516471,-0.40064322821233095,0.2724192473555963,-0.6631363965564133,0.46741442291013996,-0.709667534452587,0.6001615132890356,-0.7079999957868836,0.029387306516431063,-0.4946969647611529,0.1550095632459279,-0.7650809316431897,0.3013000894971704,-0.8679902154032495,0.4162005585039034,-0.9092728386469261,0.03999052864294542,-0.5425368308558729,0.07282762695847471,-0.7668188558287122,0.15085255675351303,-0.8796774073105408,0.23087376410309582,-0.9430679666454883
OK_SIGN,-0.0,0.0,-0.15977545774506688,0.06277241223190262,-0.30883576481871494,0.003182507089377588,-0.44675959136889526,-0.1335523859420883,-0.5126181505373147,-0.3190422387648285,-0.1041221434391785,-0.26290818890040824,-0.3200692610062873,-0.49549652460096094,-0.45221418236870925,-0.47040634010533905,-0.5180226768658721,-0.3985314987399458,-0.0459550254516471,-0.40064322821233095,-0.2724192473555963,-0.6631363965564133,-0.46741442291013996,-0.709667534452587,-0.6001615132890356,-0.7079999957868836,-0.029387306516431063,-0.4946969647611529,-0.1550095632459279,-0.7650809316431897,-0.3013000894971704,-0.8679902154032495,-0.4162005585039034,-0.9092728386469261,-0.03999052864294542,-0.5425368308558729,-0.07282762695847471,-0.7668188558287122,-0.15085255675351303,-0.8796774073105408,-0.23087376410309582,-0.9430679666454883
OK_SIGN,0.0,0.0,0.16019780192136565,0.05189921294902242,0.3081910387028507,-0.009338414390341415,0.44497214727789774,-0.14464372170927933,0.5203331643429407,-0.32128294400088275,0.10123139673971922,-0.26887781134434285,0.3128675218286185,-0.48692225272846323,0.4511647726527519,-0.4851137797567206,0.5292101230460802,-0.43297252084983506,0.04194129349017569,-0.4006258353506916,0.2547093108489618,-0.6778134061862944,0.4470045572246841,-0.7371383530590305,0.5805683301333725,-0.737151368890432,0.02675804320752089,-0.48965622407215537,0.13896574715865914,-0.7673283718855242,0.2813684822440356,-0.8731436857450815,0.39642156012067475,-0.9180685958421028,0.0362207951673992,-0.530756743360001,0.0696019563101019,-0.7582549630562633,0.14954098890683207,-0.8664941319287304,0.2320902211834306,-0.9272431401066631
OK_SIGN,-0.0,0.0,-0.16019780192136565,0.05189921294902242,-0.3081910387028507,-0.009338414390341415,-0.44497214727789774,-0.14464372170927933,-0.5203331643429407,-0.32128294400088275,-0.10123139673971922,-0.26887781134434285,-0.3128675218286185,-0.48692225272846323,-0.4511647726527519,-0.4851137797567206,-0.5292101230460802,-0.43297252084983506,-0.04194129349017569,-0.4006258353506916,-0.2547093108489618,-0.6778134061862944,-0.4470045572246841,-0.7371383530590305,-0.5805683301333725,-0.737151368890432,-0.02675804320752089,-0.48965622407215537,-0.13896574715865914,-0.7673283718855242,-0.2813684822440356,-0.8731436857450815,-0.39642156012067475,-0.9180685958421028,-0.0362207951673992,-0.530756743360001,-0.0696019563101019,-0.7582549630562633,-0.14954098890683207,-0.8664941319287304,-0.2320902211834306,-0.9272431401066631
OK_SIGN,0.0,0.0,0.16506193294712085,0.046795660783494585,0.31862033765600073,-0.01607937775222065,0.46517638060929273,-0.1459813469349328,0.5530351941684818,-0.31532322311515576,0.11606469713853236,-0.2663133921142571,0.3227571316841926,-0.48632169003781955,0.47023577247420706,-0.4994303786499014,0.5608408223874941,-0.4561935056013375,0.05013532446759259,-0.3970448677443733,0.23881768360901992,-0.6906771512410512,0.4317671485760024,-0.7731524889485749,0.5693298205277474,-0.7826725166131955,0.031060713097910673,-0.4842236216572236,0.12494584174705903,-0.7725331445882443,0.26203982721572233,-0.8839126724026174,0.37593613281659344,-0.9266455762819487,0.036261397184253606,-0.5234701601574079,0.0643491604664826,-0.7575389718350073,0.13877520142683883,-0.8722420963894417,0.2176389484778237,-0.936486296920006
OK_SIGN,-0.0,0.0,-0.16506193294712085,0.046795660783494585,-0.31862033765600073,-0.01607937775222065,-0.46517638060929273,-0.1459813469349328,-0.5530351941684818,-0.31532322311515576,-0.11606469713853236,-0.2663133921142571,-0.3227571316841926,-0.48632169003781955,-0.47023577247420706,-0.4994303786499014,-0.5608408223874941,-0.4561935056013375,-0.05013532446759259,-0.3970448677443733,-0.23881768360901992,-0.6906771512410512,-0.4317671485760024,-0.7731524889485749,-0.5693298205277474,-0.7826725166131955,-0.031060713097910673,-0.4842236216572236,-0.12494584174705903,-0.7725331445882443,-0.26203982721572233,-0.8839126724026174,-0.37593613281659344,-0.9266455762819487,-0.036261397184253606,-0.5234701601574079,-0.0643491604664826,-0.7575389718350073,-0.13877520142683883,-0.8722420963894417,-0.2176389484778237,-0.936486296920006
OK_SIGN,0.0,0.0,0.1792872689940333,0.021591069901380783,0.33945016336283,-0.03757598625447062,0.4827004624790046,-0.1550767078381877,0.558871023655484,-0.3155068032142988,0.16509812768665288,-0.24322324887525723,0.3680897347787089,-0.45479914901867974,0.4990002613984727,-0.49180549036703963,0.5793200395962917,-0.465158102093626,0.08126634544442009,-0.35774590773779735,0.24509626651101216,-0.6824247694376557,0.40982699281260776,-0.8003118575353975,0.5365359371561502,-0.8386328585525036,0.039076611681755774,-0.4357322072536361,0.1317291752232081,-0.7469393777071329,0.2540726079369038,-0.8687970113480475,0.3604867911740335,-0.9327643182439221,0.027809021618143297,-0.47030963001998927,0.054531732934136046,-0.7176963005678371,0.11241660816437166,-0.8452000911262412,0.18074297701060613,-0.9196015973577425
OK_SIGN,-0.0,0.0,-0.1792872689940333,0.021591069901380783,-0.33945016336283,-0.03757598625447062,-0.4827004624790046,-0.1550767078381877,-0.558871023655484,-0.3155068032142988,-0.16509812768665288,-0.24322324887525723,-0.3680897347787089,-0.45479914901867974,-0.4990002613984727,-0.49180549036703963,-0.5793200395962917,-0.465158102093626,-0.08126634544442009,-0.35774590773779735,-0.24509626651101216,-0.6824247694376557,-0.40982699281260776,-0.8003118575353975,-0.5365359371561502,-0.8386328585525036,-0.039076611681755774,-0.4357322072536361,-0.1317291752232081,-0.7469393777071329,-0.2540726079369038,-0.8687970113480475,-0.3604867911740335,-0.9327643182439221,-0.027809021618143297,-0.47030963001998927,-0.054531732934136046,-0.7176963005678371,-0.11241660816437166,-0.8452000911262412,-0.18074297701060613,-0.9196015973577425
OK_SIGN,0.0,0.0,0.16608932483863564,0.0018213186296987206,0.3244405295892406,-0.06870543019083745,0.4704452228260956,-0.187604272173999,0.5454734360524005,-0.34259446852912623,0.1550215626030045,-0.2618196324233982,0.3531315998668612,-0.47528304018782525,0.4781307692267858,-0.5173217465952517,0.5619486504398168,-0.5001703411572602,0.07473657385774347,-0.3731186475863569,0.22840872043504742,-0.6796647698375335,0.379034855829599,-0.8005925557318513,0.497508733352749,-0.8487636972827803,0.035579261445628264,-0.4507877060890273,0.11350154863979045,-0.7483745749896589,0.22055662889787386,-0.8757377064827484,0.32013593844142524,-0.9473716171166561,0.02539005075810684,-0.4871093762196382,0.04189537081133454,-0.7155404905243286,0.08750115370608512,-0.8407785772617016,0.14800041710297793,-0.9208637266735599
OK_SIGN,-0.0,0.0,-0.16608932483863564,0.0018213186296987206,-0.3244405295892406,-0.06870543019083745,-0.4704452228260956,-0.187604272173999,-0.5454734360524005,-0.34259446852912623,-0.1550215626030045,-0.2618196324233982,-0.3531315998668612,-0.47528304018782525,-0.4781307692267858,-0.5173217465952517,-0.5619486504398168,-0.5001703411572602,-0.07473657385774347,-0.3731186475863569,-0.22840872043504742,-0.6796647698375335,-0.379034855829599,-0.8005925557318513,-0.497508733352749,-0.8487636972827803,-0.035579261445628264,-0.4507877060890273,-0.11350154863979045,-0.7483745749896589,-0.22055662889787386,-0.8757377064827484,-0.32013593844142524,-0.9473716171166561,-0.02539005075810684,-0.4871093762196382,-0.04189537081133454,-0.7155404905243286,-0.08750115370608512,-0.8407785772617016,-0.14800041710297793,-0.9208637266735599
OK_SIGN,0.0,0.0,0.1657249155511878,0.018492653826052512,0.3219892455981876,-0.044341691852481525,0.45957632069951476,-0.16710853644295626,0.5295717993942116,-0.33280091013010843,0.1365555719701803,-0.261246676148106,0.32694699858401227,-0.47502601440311043,0.4611343363990013,-0.5112147120153802,0.5472568233219259,-0.4848788033277094,0.0670076178647549,-0.37206266908906793,0.22061305574369997,-0.6918659889294456,0.38215774698316834,-0.8111478217580526,0.5056146270087618,-0.8506218424210625,0.04053466355422503,-0.4480532466445064,0.11779577902390821,-0.750810546432778,0.23185257182890712,-0.8768269919823357,0.33304268138813664,-0.9429117521665535,0.03835561596313167,-0.4846498269389497,0.05841331157295117,-0.7227805378869263,0.11401108627778525,-0.8450991922590925,0.1817268594792241,-0.9143361496866321
OK_SIGN,-0.0,0.0,-0.1657249155511878,0.018492653826052512,-0.3219892455981876,-0.044341691852481525,-0.45957632069951476,-0.16710853644295626,-0.5295717993942116,-0.33280091013010843,-0.1365555719701803,-0.261246676148106,-0.32694699858401227,-0.47502601440311043,-0.4611343363990013,-0.5112147120153802,-0.5472568233219259,-0.4848788033277094,-0.0670076178647549,-0.37206266908906793,-0.22061305574369997,-0.6918659889294456,-0.38215774698316834,-0.8111478217580526,-0.5056146270087618,-0.8506218424210625,-0.04053466355422503,-0.4480532466445064,-0.11779577902390821,-0.750810546432778,-0.23185257182890712,-0.8768269919823357,-0.33304268138813664,-0.9429117521665535,-0.03835561596313167,-0.4846498269389497,-0.05841331157295117,-0.7227805378869263,-0.11401108627778525,-0.8450991922590925,-0.1817268594792241,-0.9143361496866321
OK_SIGN,0.0,0.0,0.1693400592717383,0.021206015897125417,0.31893962240605395,-0.04621599406581133,0.45238216645826096,-0.1773153572756901,0.5214990466606078,-0.3441804031234624,0.12375800796806374,-0.27114851558223924,0.31936492577812037,-0.4893724782487137,0.4520873200235022,-0.5068639487557374,0.5309527801960285,-0.47273589426818335,0.053174461635739065,-0.3888336652302415,0.22459067390038961,-0.6933274172515035,0.3937700884842423,-0.7937819338424125,0.5202820599765492,-0.8208969535349434,0.027120140146426438,-0.464990558141419,0.12182805539757076,-0.7545107273279126,0.2443190949375811,-0.8762216236833669,0.3489493798926118,-0.9371415742952404,0.027965550011978778,-0.5000823279069169,0.05788008234101738,-0.7372025232155368,0.1151835404336536,-0.8571275275317372,0.1811603596030996,-0.925945587215705
OK_SIGN,-0.0,0.0,-0.1693400592717383,0.021206015897125417,-0.31893962240605395,-0.04621599406581133,-0.45238216645826096,-0.1773153572756901,-0.5214990466606078,-0.3441804031234624,-0.12375800796806374,-0.27114851558223924,-0.31936492577812037,-0.4893724782487137,-0.4520873200235022,-0.5068639487557374,-0.5309527801960285,-0.47273589426818335,-0.053174461635739065,-0.3888336652302415,-0.22459067390038961,-0.6933274172515035,-0.3937700884842423,-0.7937819338424125,-0.5202820599765492,-0.8208969535349434,-0.027120140146426438,-0.464990558141419,-0.12182805539757076,-0.7545107273279126,-0.2443190949375811,-0.8762216236833669,-0.3489493798926118,-0.9371415742952404,-0.027965550011978778,-0.5000823279069169,-0.05788008234101738,-0.7372025232155368,-0.1151835404336536,-0.8571275275317372,-0.1811603596030996,-0.925945587215705
OK_SIGN,0.0,0.0,0.17201613948801386,0.038559370694151114,0.32179987114211056,-0.023766854252978233,0.4572946495887037,-0.15501337718822442,0.5380323310271216,-0.324744041210453,0.1273669716880861,-0.25700508562206537,0.3341437034644722,-0.48606839054953005,0.4699983961895724,-0.49855674290671576,0.5501016940669076,-0.45000260417131094,0.054406051904408004,-0.380450852617338,0.22985543309642106,-0.6853083035235145,0.4094433137623749,-0.7885721842091084,0.5430967881817188,-0.8134162472476822,0.026950412850237505,-0.46051495190988534,0.1204645364467671,-0.7552998711177137,0.24893967984297835,-0.8760094185166702,0.3577294523368243,-0.9338252721632648,0.027111008264277647,-0.49825257772657366,0.05502119252386748,-0.7366949557524113,0.11847728698161061,-0.8606421478767284,0.18912889539239,-0.934679722122581
OK_SIGN,-0.0,0.0,-0.17201613948801386,0.038559370694151114,-0.32179987114211056,-0.023766854252978233,-0.4572946495887037,-0.15501337718822442,-0.5380323310271216,-0.324744041210453,-0.1273669716880861,-0.25700508562206537,-0.3341437034644722,-0.48606839054953005,-0.4699983961895724,-0.49855674290671576,-0.5501016940669076,-0.45000260417131094,-0.054406051904408004,-0.380450852617338,-0.22985543309642106,-0.6853083035235145,-0.4094433137623749,-0.7885721842091084,-0.5430967881817188,-0.8134162472476822,-0.026950412850237505,-0.46051495190988534,-0.1204645364467671,-0.7552998711177137,-0.24893967984297835,-0.8760094185166702,-0.3577294523368243,-0.9338252721632648,-0.027111008264277647,-0.49825257772657366,-0.05502119252386748,-0.7366949557524113,-0.11847728698161061,-0.8606421478767284,-0.18912889539239,-0.934679722122581
OK_SIGN,0.0,0.0,0.1710715201884457,0.033295818429521416,0.32208060735821836,-0.03277726722538076,0.45208574860434364,-0.168471136077703,0.5289316838767415,-0.34014877158720064,0.1236213833943539,-0.2676264536410218,0.34005651937328596,-0.4907572251113593,0.47198258850174346,-0.48268646747179905,0.5399496653460261,-0.420974106622787,0.04983033926421643,-0.3872360178895195,0.22900376512655016,-0.6921428545758821,0.40899005933371363,-0.7869868710000247,0.5398865746846581,-0.8082082969490679,0.021337118647974978,-0.46518524514314524,0.11674084617876285,-0.7632263240383682,0.2477175359343928,-0.8800309760119402,0.35474043378069997,-0.934964825349639,0.021260360991952935,-0.5019289602705016,0.04453310748744036,-0.7468877497665617,0.1079163378921787,-0.8723813525099751,0.17822857566796713,-0.9450277858378376
OK_SIGN,-0.0,0.0,-0.1710715201884457,0.033295818429521416,-0.32208060735821836,-0.03277726722538076,-0.45208574860434364,-0.168471136077703,-0.5289316838767415,-0.34014877158720064,-0.1236213833943539,-0.2676264536410218,-0.34005651937328596,-0.4907572251113593,-0.47198258850174346,-0.48268646747179905,-0.5399496653460261,-0.420974106622787,-0.04983033926421643,-0.3872360178895195,-0.22900376512655016,-0.6921428545758821,-0.40899005933371363,-0.7869868710000247,-0.5398865746846581,-0.8082082969490679,-0.021337118647974978,-0.46518524514314524,-0.11674084617876285,-0.7632263240383682,-0.2477175359343928,-0.8800309760119402,-0.35474043378069997,-0.934964825349639,-0.021260360991952935,-0.5019289602705016,-0.04453310748744036,-0.7468877497665617,-0.1079163378921787,-0.8723813525099751,-0.17822857566796713,-0.9450277858378376
OK_SIGN,0.0,0.0,0.17129725229384096,0.03140903316092835,0.32896494588599956,-0.03743251501562391,0.47076586143411653,-0.17846820647168285,0.5501056535411414,-0.35376685717949413,0.1325782876477017,-0.24738995563073077,0.3508037866064431,-0.4760636537536496,0.49010836572661753,-0.49739008134197865,0.573349547562787,-0.4628162624352909,0.054098149821802416,-0.3757938306481912,0.25072686626735036,-0.6854680956588064,0.4410893958688358,-0.789277757290062,0.5783247573015158,-0.8098882779227466,0.01816867559809096,-0.46738820352413224,0.1370246721580997,-0.776605355273628,0.27737946374059147,-0.8837700374407763,0.39120470814758246,-0.9203036870094375,0.010426531963261204,-0.514508382782223,0.0573406302693545,-0.758587137365481,0.14200748158670212,-0.8583247396364948,0.2278990148424011,-0.899974031511017
OK_SIGN,-0.0,0.0,-0.17129725229384096,0.03140903316092835,-0.32896494588599956,-0.03743251501562391,-0.47076586143411653,-0.17846820647168285,-0.5501056535411414,-0.35376685717949413,-0.1325782876477017,-0.24738995563073077,-0.3508037866064431,-0.4760636537536496,-0.49010836572661753,-0.49739008134197865,-0.573349547562787,-0.4628162624352909,-0.054098149821802416,-0.3757938306481912,-0.25072686626735036,-0.6854680956588064,-0.4410893958688358,-0.789277757290062,-0.5783247573015158,-0.8098882779227466,-0.01816867559809096,-0.46738820352413224,-0.1370246721580997,-0.776605355273628,-0.27737946374059147,-0.8837700374407763,-0.39120470814758246,-0.9203036870094375,-0.010426531963261204,-0.514508382782223,-0.0573406302693545,-0.758587137365481,-0.14200748158670212,-0.8583247396364948,-0.2278990148424011,-0.899974031511017
OK_SIGN,0.0,0.0,0.17382338721581125,0.025222869944987385,0.3295751363902997,-0.05151250402189461,0.4743314549650904,-0.1946493567948468,0.5502611209485445,-0.37014397025143586,0.13887100372052022,-0.2602233125646858,0.3575751189060012,-0.47720838548959105,0.4917475144454144,-0.4895181931452795,0.5676247760031305,-0.44763651169679947,0.056032244869683896,-0.3844652706726248,0.24593179653293315,-0.6925017050945125,0.43330458549343326,-0.7918756299835057,0.5691136734815482,-0.80333118915082,0.017013165239435215,-0.47055036697532227,0.12700409798558512,-0.7800091267403197,0.2646437989471372,-0.8895270511828807,0.37934839306581186,-0.9252539093018664,0.009226076870479724,-0.5137380536514108,0.04287961949129697,-0.7581346661547753,0.11835511378502189,-0.8664253127558594,0.20147255792296254,-0.9104578296133922
OK_SIGN,-0.0,0.0,-0.17382338721581125,0.025222869944987385,-0.3295751363902997,-0.05151250402189461,-0.4743314549650904,-0.1946493567948468,-0.5502611209485445,-0.37014397025143586,-0.13887100372052022,-0.2602233125646858,-0.3575751189060012,-0.47720838548959105,-0.4917475144454144,-0.4895181931452795,-0.5676247760031305,-0.44763651169679947,-0.056032244869683896,-0.3844652706726248,-0.24593179653293315,-0.6925017050945125,-0.43330458549343326,-0.7918756299835057,-0.5691136734815482,-0.80333118915082,-0.017013165239435215,-0.47055036697532227,-0.12700409798558512,-0.7800091267403197,-0.2646437989471372,-0.8895270511828807,-0.37934839306581186,-0.9252539093018664,-0.009226076870479724,-0.5137380536514108,-0.04287961949129697,-0.7581346661547753,-0.11835511378502189,-0.8664253127558594,-0.20147255792296254,-0.9104578296133922
OK_SIGN,0.0,0.0,0.17887688411355554,0.020781944167277733,0.3377496309852068,-0.058870769384461695,0.48201373766854627,-0.20659188690923833,0.5576996276953012,-0.3855344156625553,0.14660507659303235,-0.26830884376215686,0.3671980625495902,-0.48792200141447545,0.4993870018604113,-0.5017565271884004,0.5739258338631347,-0.459413847258875,0.05955946371135896,-0.39375148344469424,0.25360108016780536,-0.7076807260554651,0.4425976598911856,-0.8004226525524378,0.5786684949742997,-0.8008652615360294,0.015195421211979341,-0.48024568135237145,0.12785023890158803,-0.7977181754500661,0.27162693413469885,-0.8981255906435822,0.3905472865221384,-0.9205828680733718,0.0025221491154344276,-0.5248277461115588,0.02622093079471228,-0.7770663717811154,0.1023391728300961,-0.8913241495178988,0.19102114246942292,-0.9335142056599788
OK_SIGN,-0.0,0.0,-0.17887688411355554,0.020781944167277733,-0.3377496309852068,-0.058870769384461695,-0.48201373766854627,-0.20659188690923833,-0.5576996276953012,-0.3855344156625553,-0.14660507659303235,-0.26830884376215686,-0.3671980625495902,-0.48792200141447545,-0.4993870018604113,-0.5017565271884004,-0.5739258338631347,-0.459413847258875,-0.05955946371135896,-0.39375148344469424,-0.25360108016780536,-0.7076807260554651,-0.4425976598911856,-0.8004226525524378,-0.5786684949742997,-0.8008652615360294,-0.015195421211979341,-0.48024568135237145,-0.12785023890158803,-0.7977181754500661,-0.27162693413469885,-0.8981255906435822,-0.3905472865221384,-0.9205828680733718,-0.0025221491154344276,-0.5248277461115588,-0.02622093079471228,-0.7770663717811154,-0.1023391728300961,-0.8913241495178988,-0.19102114246942292,-0.9335142056599788
OK_SIGN,0.0,0.0,0.17520288063998277,0.020184652823286093,0.33182389430443265,-0.05563609187004695,0.47523722147708725,-0.1943627295128456,0.5454982635385849,-0.36517206915043204,0.15245268792090727,-0.25858524137718447,0.36693739279558857,-0.4624029326279752,0.4940757601095234,-0.4655214305034442,0.5634577488130569,-0.41446746113432525,0.06601207497831664,-0.3792985805558302,0.256863140862515,-0.6857996822059355,0.4420583306884221,-0.7659157549082533,0.576067920631676,-0.7621317306461193,0.020890892104184794,-0.463354782837286,0.1270494108167074,-0.7831449183227712,0.2630411460614996,-0.8897659480649704,0.37725760159210453,-0.9261083640918987,0.008823872654880634,-0.5071965296710471,0.03110629853712408,-0.7608128368296415,0.10111459118586419,-0.8796045117114778,0.18560843746911204,-0.9338014537595357
OK_SIGN,-0.0,0.0,-0.17520288063998277,0.020184652823286093,-0.33182389430443265,-0.05563609187004695,-0.47523722147708725,-0.1943627295128456,-0.5454982635385849,-0.36517206915043204,-0.15245268792090727,-0.25858524137718447,-0.36693739279558857,-0.4624029326279752,-0.4940757601095234,-0.4655214305034442,-0.5634577488130569,-0.41446746113432525,-0.06601207497831664,-0.3792985805558302,-0.256863140862515,-0.6857996822059355,-0.4420583306884221,-0.7659157549082533,-0.576067920631676,-0.7621317306461193,-0.020890892104184794,-0.463354782837286,-0.1270494108167074,-0.7831449183227712,-0.2630411460614996,-0.8897659480649704,-0.37725760159210453,-0.9261083640918987,-0.008823872654880634,-0.5071965296710471,-0.03110629853712408,-0.7608128368296415,-0.10111459118586419,-0.8796045117114778,-0.18560843746911204,-0.9338014537595357
OK_SIGN,0.0,0.0,0.16929561762876527,0.04912723139277659,0.32890939573687544,-0.001180187588427809,0.47411948509949414,-0.12058933236772176,0.5307712365218419,-0.3009277414056597,0.1375293726516847,-0.2555497013103587,0.3620302348481066,-0.44986669294993836,0.49182999102378744,-0.42677941061021,0.552148832372402,-0.3506218333174324,0.05863788249028984,-0.38160874319438665,0.25563321551587126,-0.6804458822844188,0.4437486494697845,-0.7636510695384457,0.5779467158147351,-0.7721910249784646,0.024479238092134512,-0.4656168127869363,0.12518041592866347,-0.7687118420146011,0.2586361163377701,-0.8832196291216834,0.36819027090340073,-0.9297504635180778,0.016994434404658625,-0.5021707607655685,0.04213927443546484,-0.7503125008764183,0.10749494856786501,-0.8739461772056166,0.17790142684549934,-0.9383367285269428
OK_SIGN,-0.0,0.0,-0.16929561762876527,0.04912723139277659,-0.32890939573687544,-0.001180187588427809,-0.47411948509949414,-0.12058933236772176,-0.5307712365218419,-0.3009277414056597,-0.1375293726516847,-0.2555497013103587,-0.3620302348481066,-0.44986669294993836,-0.49182999102378744,-0.42677941061021,-0.552148832372402,-0.3506218333174324,-0.05863788249028984,-0.38160874319438665,-0.25563321551587126,-0.6804458822844188,-0.4437486494697845,-0.7636510695384457,-0.5779467158147351,-0.7721910249784646,-0.024479238092134512,-0.4656168127869363,-0.12518041592866347,-0.7687118420146011,-0.2586361163377701,-0.8832196291216834,-0.36819027090340073,-0.9297504635180778,-0.016994434404658625,-0.5021707607655685,-0.04213927443546484,-0.7503125008764183,-0.10749494856786501,-0.8739461772056166,-0.17790142684549934,-0.9383367285269428
OK_SIGN,0.0,0.0,0.17043558431185382,0.056283178201489585,0.32771094244796056,0.006304334874049708,0.47171869383256193,-0.11190773452965613,0.5226624654739325,-0.2935646283995115,0.1307039834560798,-0.2594733833330543,0.35891748673527946,-0.45682485828809793,0.4895215739550705,-0.4288518637817205,0.5493766728640473,-0.34557574563176485,0.05187986555271317,-0.3850828163034515,0.25414090963475977,-0.6843282947079363,0.4459252177622469,-0.7579934180236612,0.5806233962369397,-0.7545343138858628,0.018373974615297904,-0.4667253001034997,0.12173356929792428,-0.7778677269637873,0.2585231085679799,-0.8897583656864444,0.3701678670434312,-0.9289648810415368,0.01324925042417472,-0.5016856739386769,0.04016065046368278,-0.7550326133294953,0.11384082124086753,-0.8781391256162235,0.19355801779925688,-0.937032998989744
OK_SIGN,-0.0,0.0,-0.17043558431185382,0.056283178201489585,-0.32771094244796056,0.006304334874049708,-0.47171869383256193,-0.11190773452965613,-0.5226624654739325,-0.2935646283995115,-0.1307039834560798,-0.2594733833330543,-0.35891748673527946,-0.45682485828809793,-0.4895215739550705,-0.4288518637817205,-0.5493766728640473,-0.34557574563176485,-0.05187986555271317,-0.3850828163034515,-0.25414090963475977,-0.6843282947079363,-0.4459252177622469,-0.7579934180236612,-0.5806233962369397,-0.7545343138858628,-0.018373974615297904,-0.4667253001034997,-0.12173356929792428,-0.7778677269637873,-0.2585231085679799,-0.8897583656864444,-0.3701678670434312,-0.9289648810415368,-0.01324925042417472,-0.5016856739386769,-0.04016065046368278,-0.7550326133294953,-0.11384082124086753,-0.8781391256162235,-0.19355801779925688,-0.937032998989744
OK_SIGN,0.0,0.0,0.1557498498071244,0.09140444019304964,0.32688405782118374,0.07095981363084772,0.4827534311272385,-0.02294388933886857,0.5418726592418128,-0.19790037300311375,0.13330171884848765,-0.256524007825162,0.3832285743221228,-0.4411156703451686,0.5157508315681247,-0.3852711219609568,0.5662734475835273,-0.282075787651051,0.07348326175640015,-0.40490236139715063,0.30587582183170525,-0.674562645596811,0.5085402958460513,-0.7176953580978916,0.6421119330933666,-0.6944173312426764,0.05387719819532632,-0.497954541980841,0.1879542514536571,-0.7949555789292616,0.3450367717650844,-0.8785626791503097,0.46417817520058613,-0.8857418482082993,0.05579114251141621,-0.5377909482621118,0.1104251852935467,-0.7874946877014868,0.19923717070005925,-0.9007271068866926,0.28570623138720774,-0.943195919179281
OK_SIGN,-0.0,0.0,-0.1557498498071244,0.09140444019304964,-0.32688405782118374,0.07095981363084772,-0.4827534311272385,-0.02294388933886857,-0.5418726592418128,-0.19790037300311375,-0.13330171884848765,-0.256524007825162,-0.3832285743221228,-0.4411156703451686,-0.5157508315681247,-0.3852711219609568,-0.5662734475835273,-0.282075787651051,-0.07348326175640015,-0.40490236139715063,-0.30587582183170525,-0.674562645596811,-0.5085402958460513,-0.7176953580978916,-0.6421119330933666,-0.6944173312426764,-0.05387719819532632,-0.497954541980841,-0.1879542514536571,-0.7949555789292616,-0.3450367717650844,-0.8785626791503097,-0.46417817520058613,-0.8857418482082993,-0.05579114251141621,-0.5377909482621118,-0.1104251852935467,-0.7874946877014868,-0.19923717070005925,-0.9007271068866926,-0.28570623138720774,-0.943195919179281
OK_SIGN,0.0,0.0,0.1288471571500264,0.11524565370590116,0.29374490608770104,0.10733907163594376,0.46036518609898136,0.03396294784775473,0.5631371351464196,-0.13703440421243634,0.09878936676210287,-0.25717289578493185,0.3696612321984871,-0.39271190458442296,0.5206807524584038,-0.3272714828226862,0.5843020334085164,-0.21714820075810415,0.06752318382657081,-0.4126780884020993,0.2934592735732582,-0.6755232091245191,0.5093676493601255,-0.6949338013016585,0.6501612686621949,-0.643633687826134,0.08150967022494512,-0.5139885582212157,0.21453254348941292,-0.8076347990445575,0.3878284022332931,-0.871053953237823,0.5155009973734036,-0.8568889786355209,0.11226051557744786,-0.5640581822409679,0.18966238770412944,-0.8095730747370182,0.3082266030403508,-0.8863512659131232,0.4156684509933355,-0.8921820233196468
OK_SIGN,-0.0,0.0,-0.1288471571500264,0.11524565370590116,-0.29374490608770104,0.10733907163594376,-0.46036518609898136,0.03396294784775473,-0.5631371351464196,-0.13703440421243634,-0.09878936676210287,-0.25717289578493185,-0.3696612321984871,-0.39271190458442296,-0.5206807524584038,-0.3272714828226862,-0.5843020334085164,-0.21714820075810415,-0.06752318382657081,-0.4126780884020993,-0.2934592735732582,-0.6755232091245191,-0.5093676493601255,-0.6949338013016585,-0.6501612686621949,-0.643633687826134,-0.08150967022494512,-0.5139885582212157,-0.21453254348941292,-0.8076347990445575,-0.3878284022332931,-0.871053953237823,-0.5155009973734036,-0.8568889786355209,-0.11226051557744786,-0.5640581822409679,-0.18966238770412944,-0.8095730747370182,-0.3082266030403508,-0.8863512659131232,-0.4156684509933355,-0.8921820233196468
OK_SIGN,0.0,0.0,0.13123412806509174,0.10344555036152006,0.29710408478678824,0.07770171583661781,0.4609218411468537,-0.0054168649245113455,0.5517370541950537,-0.16311710894993303,0.11413431585165103,-0.3312629815221099,0.3755777419805344,-0.4508291586112611,0.5197362334300053,-0.3526424792319442,0.5750845926302376,-0.22984791554986014,0.09307703400341218,-0.475024357492107,0.29950865753012335,-0.7019238176248251,0.5026743627078969,-0.7071608906876019,0.6344755644663356,-0.6465062131542347,0.10957412555000799,-0.5576770691857972,0.23407072978278795,-0.8224608215991036,0.403532098597638,-0.8704099344130102,0.5272353732891908,-0.8497192837358746,0.1399710783488445,-0.5898943121508643,0.21056732802899913,-0.8132144883561248,0.32176941398247966,-0.885732396722549,0.4231971817498839,-0.8955348227520961
OK_SIGN,-0.0,0.0,-0.13123412806509174,0.10344555036152006,-0.29710408478678824,0.07770171583661781,-0.4609218411468537,-0.0054168649245113455,-0.5517370541950537,-0.16311710894993303,-0.11413431585165103,-0.3312629815221099,-0.3755777419805344,-0.4508291586112611,-0.5197362334300053,-0.3526424792319442,-0.5750845926302376,-0.22984791554986014,-0.09307703400341218,-0.475024357492107,-0.29950865753012335,-0.7019238176248251,-0.5026743627078969,-0.7071608906876019,-0.6344755644663356,-0.6465062131542347,-0.10957412555000799,-0.5576770691857972,-0.23407072978278795,-0.8224608215991036,-0.403532098597638,-0.8704099344130102,-0.5272353732891908,-0.8497192837358746,-0.1399710783488445,-0.5898943121508643,-0.21056732802899913,-0.8132144883561248,-0.32176941398247966,-0.885732396722549,-0.4231971817498839,-0.8955348227520961
OK_SIGN,0.0,0.0,0.12838386359602635,0.08057495624649758,0.27543142894396233,0.04064095257936343,0.41371656916178806,-0.053753320778245,0.503121733726836,-0.20523121410780212,0.08276155111054068,-0.37564973403996277,0.32031070931875355,-0.49024198866426366,0.45999471921764234,-0.3985031569360054,0.5145763098574031,-0.28393438378575997,0.07084775561902923,-0.4945430119954195,0.23855393048304538,-0.74188261426789,0.42944970467999793,-0.7537600134746155,0.5581463415104428,-0.7036287883410032,0.09502944723080824,-0.5587170978731505,0.19183667686235428,-0.8253514273769808,0.3514154439262996,-0.886133770870563,0.4684453103722963,-0.8834924963972263,0.1293966195720377,-0.5794597710663492,0.18687261497545288,-0.8049838315960277,0.28602705275358126,-0.8901793157639956,0.37915285688271455,-0.9214571871069104
OK_SIGN,-0.0,0.0,-0.12838386359602635,0.08057495624649758,-0.27543142894396233,0.04064095257936343,-0.41371656916178806,-0.053753320778245,-0.503121733726836,-0.20523121410780212,-0.08276155111054068,-0.37564973403996277,-0.32031070931875355,-0.49024198866426366,-0.45999471921764234,-0.3985031569360054,-0.5145763098574031,-0.28393438378575997,-0.07084775561902923,-0.4945430119954195,-0.23855393048304538,-0.74188261426789,-0.42944970467999793,-0.7537600134746155,-0.5581463415104428,-0.7036287883410032,-0.09502944723080824,-0.5587170978731505,-0.19183667686235428,-0.8253514273769808,-0.3514154439262996,-0.886133770870563,-0.4684453103722963,-0.8834924963972263,-0.1293966195720377,-0.5794597710663492,-0.18687261497545288,-0.8049838315960277,-0.28602705275358126,-0.8901793157639956,-0.37915285688271455,-0.9214571871069104
OK_SIGN,0.0,0.0,0.12856466033871655,0.07888524102465462,0.2774392860382086,0.038618924334956235,0.41885940676242583,-0.05393377966686069,0.5029957693857495,-0.21120252893199803,0.09274291966269005,-0.377742888434415,0.3254349069673531,-0.48980392351800817,0.4667203955414359,-0.39470903398296475,0.5231520810303034,-0.27801967767558583,0.08077624974834288,-0.49261771206864524,0.2418852505176896,-0.7452345559780538,0.43275489466092165,-0.7578466338663226,0.5621687431938558,-0.7065336206286555,0.10334058251941716,-0.5524673547031362,0.1954736427087423,-0.8210013515657221,0.35346505557072133,-0.884145467080745,0.4695073668021794,-0.8829285545945854,0.1356709303315651,-0.5686176777553592,0.1930007611601536,-0.7943969628892835,0.28892527162266085,-0.884043499013359,0.37951477849834336,-0.9197435484407696
OK_SIGN,-0.0,0.0,-0.12856466033871655,0.07888524102465462,-0.2774392860382086,0.038618924334956235,-0.41885940676242583,-0.05393377966686069,-0.5029957693857495,-0.21120252893199803,-0.09274291966269005,-0.377742888434415,-0.3254349069673531,-0.48980392351800817,-0.4667203955414359,-0.39470903398296475,-0.5231520810303034,-0.27801967767558583,-0.08077624974834288,-0.49261771206864524,-0.2418852505176896,-0.7452345559780538,-0.43275489466092165,-0.7578466338663226,-0.5621687431938558,-0.7065336206286555,-0.10334058251941716,-0.5524673547031362,-0.1954736427087423,-0.8210013515657221,-0.35346505557072133,-0.884145467080745,-0.4695073668021794,-0.8829285545945854,-0.1356709303315651,-0.5686176777553592,-0.1930007611601536,-0.7943969628892835,-0.28892527162266085,-0.884043499013359,-0.37951477849834336,-0.9197435484407696
OK_SIGN,0.0,0.0,0.12158292749461126,0.08963427486083927,0.2584396632909767,0.06335261520185519,0.3966290050915332,-0.02165753704607998,0.4904354084923528,-0.18036278304639458,0.05987562572105656,-0.36964217644046793,0.29747866961915725,-0.48515383995519584,0.4481783305479815,-0.39176610536637585,0.5132735657045737,-0.2712821835032635,0.056655370167863546,-0.48979333101367184,0.21556153837239125,-0.7512581514856346,0.4093306209238928,-0.7629174631619999,0.5423862548110047,-0.7071576689381972,0.08832957471834446,-0.5491975498884506,0.18028505106642326,-0.8174019999495612,0.3403007401546832,-0.8762003785225864,0.4593402707937082,-0.870988372423281,0.12756117193550703,-0.5676032856246375,0.18007531222764528,-0.7920178575119734,0.27532270961721533,-0.8862023246738606,0.3675587814268139,-0.9300002915031993
OK_SIGN,-0.0,0.0,-0.12158292749461126,0.08963427486083927,-0.2584396632909767,0.06335261520185519,-0.3966290050915332,-0.02165753704607998,-0.4904354084923528,-0.18036278304639458,-0.05987562572105656,-0.36964217644046793,-0.29747866961915725,-0.48515383995519584,-0.4481783305479815,-0.39176610536637585,-0.5132735657045737,-0.2712821835032635,-0.056655370167863546,-0.48979333101367184,-0.21556153837239125,-0.7512581514856346,-0.4093306209238928,-0.7629174631619999,-0.5423862548110047,-0.7071576689381972,-0.08832957471834446,-0.5491975498884506,-0.18028505106642326,-0.8174019999495612,-0.3403007401546832,-0.8762003785225864,-0.4593402707937082,-0.870988372423281,-0.12756117193550703,-0.5676032856246375,-0.18007531222764528,-0.7920178575119734,-0.27532270961721533,-0.8862023246738606,-0.3675587814268139,-0.9300002915031993
OK_SIGN,0.0,0.0,0.11913675315062988,0.08549767757071598,0.24698192854838433,0.058997198637152415,0.38063181152873127,-0.02670888694912184,0.4702426701318816,-0.1854302542011297,0.07020791682630473,-0.3541754248880115,0.2950640684274115,-0.47981559682264846,0.43416164361743,-0.3826585794800355,0.49155829980076876,-0.26575987957110986,0.06465034382335565,-0.47595398292839736,0.23470086411813346,-0.7025647278336241,0.42182326698290057,-0.7202556910796803,0.552067856306047,-0.6884132014637376,0.08956186716665715,-0.5379411367111469,0.19699619918695002,-0.7782134158571433,0.3529765344492571,-0.8489072810749495,0.4676725638206125,-0.8623693501814256,0.12378051921670383,-0.5610250461806982,0.17392939783807893,-0.7762982395111847,0.26019732966032655,-0.8799003524991224,0.34491752091031425,-0.9386329973792116
OK_SIGN,-0.0,0.0,-0.11913675315062988,0.08549767757071598,-0.24698192854838433,0.058997198637152415,-0.38063181152873127,-0.02670888694912184,-0.4702426701318816,-0.1854302542011297,-0.07020791682630473,-0.3541754248880115,-0.2950640684274115,-0.47981559682264846,-0.43416164361743,-0.3826585794800355,-0.49155829980076876,-0.26575987957110986,-0.06465034382335565,-0.47595398292839736,-0.23470086411813346,-0.7025647278336241,-0.42182326698290057,-0.7202556910796803,-0.552067856306047,-0.6884132014637376,-0.08956186716665715,-0.5379411367111469,-0.19699619918695002,-0.7782134158571433,-0.3529765344492571,-0.8489072810749495,-0.4676725638206125,-0.8623693501814256,-0.12378051921670383,-0.5610250461806982,-0.17392939783807893,-0.7762982395111847,-0.26019732966032655,-0.8799003524991224,-0.34491752091031425,-0.9386329973792116
OK_SIGN,0.0,0.0,0.11799988298812551,0.09130737606000237,0.24388427413921857,0.06514073052072909,0.3788090602199502,-0.023539355172621408,0.48325211250644373,-0.17582214316533043,0.05351733237090376,-0.33167287741318263,0.3006804065620749,-0.46685803468600406,0.4463497507635673,-0.3665267841205261,0.5115326742924873,-0.253545232044106,0.04705179679038575,-0.47299176569107965,0.26872595063634996,-0.6549269311607743,0.4620238328210729,-0.6622788301560085,0.594195602678025,-0.6381327953692892,0.06963343272561513,-0.5422449184182389,0.19473872687803612,-0.768741252224227,0.3308828443590787,-0.858133344930799,0.43418699566712515,-0.8993110838621076,0.10688939359412084,-0.5658931687811177,0.1535943390377608,-0.7595620236830779,0.22166926752332447,-0.874169169985,0.2868811211846989,-0.9579661905870218
OK_SIGN,-0.0,0.0,-0.11799988298812551,0.09130737606000237,-0.24388427413921857,0.06514073052072909,-0.3788090602199502,-0.023539355172621408,-0.48325211250644373,-0.17582214316533043,-0.05351733237090376,-0.33167287741318263,-0.3006804065620749,-0.46685803468600406,-0.4463497507635673,-0.3665267841205261,-0.5115326742924873,-0.253545232044106,-0.04705179679038575,-0.47299176569107965,-0.26872595063634996,-0.6549269311607743,-0.4620238328210729,-0.6622788301560085,-0.594195602678025,-0.6381327953692892,-0.06963343272561513,-0.5422449184182389,-0.19473872687803612,-0.768741252224227,-0.3308828443590787,-0.858133344930799,-0.43418699566712515,-0.8993110838621076,-0.10688939359412084,-0.5658931687811177,-0.1535943390377608,-0.7595620236830779,-0.22166926752332447,-0.874169169985,-0.2868811211846989,-0.9579661905870218
OK_SIGN,0.0,0.0,0.11694610154475514,0.08750345965916076,0.241232031705197,0.05871364019297524,0.3766204640344342,-0.02994767310414363,0.4812291962141821,-0.18311236247770182,0.04305003342127967,-0.3330655552924965,0.29726765792310234,-0.4736836603310542,0.44164064162020855,-0.3743961129227624,0.5028619773421154,-0.2599067282965158,0.03865059493155602,-0.47668181062570764,0.2603289777348367,-0.6677421593926756,0.4547355188385669,-0.6795823703826394,0.5873555164158369,-0.6524456142058154,0.06326461143294734,-0.5473296682370414,0.19003337140867405,-0.7762693850677886,0.3283460584321349,-0.8624654070623828,0.43348507728880675,-0.9011607446887139,0.10211124796269001,-0.5725834896839263,0.14775604588513766,-0.7610652873304112,0.2153355991507771,-0.8733561998949257,0.28037830398183017,-0.9566404390265925
OK_SIGN,-0.0,0.0,-0.11694610154475514,0.08750345965916076,-0.241232031705197,0.05871364019297524,-0.3766204640344342,-0.02994767310414363,-0.4812291962141821,-0.18311236247770182,-0.04305003342127967,-0.3330655552924965,-0.29726765792310234,-0.4736836603310542,-0.44164064162020855,-0.3743961129227624,-0.5028619773421154,-0.2599067282965158,-0.03865059493155602,-0.47668181062570764,-0.2603289777348367,-0.6677421593926756,-0.4547355188385669,-0.6795823703826394,-0.5873555164158369,-0.6524456142058154,-0.06326461143294734,-0.5473296682370414,-0.19003337140867405,-0.7762693850677886,-0.3283460584321349,-0.8624654070623828,-0.43348507728880675,-0.9011607446887139,-0.10211124796269001,-0.5725834896839263,-0.14775604588513766,-0.7610652873304112,-0.2153355991507771,-0.8733561998949257,-0.28037830398183017,-0.9566404390265925
OK_SIGN,0.0,0.0,0.11382738330835601,0.10540638405166065,0.2363304900734707,0.0869419394165562,0.3771728649947196,-0.0023366276074450808,0.48656184800587254,-0.1608763339098168,0.035240079745358546,-0.304236226385264,0.2918032216311595,-0.44753515990238085,0.4408732279530182,-0.35091552885739724,0.5070166383951691,-0.23428061594927943,0.031134688620781146,-0.4583395987957997,0.26028402265783346,-0.6478222948825867,0.4598504590276885,-0.6562709521803497,0.5971945686166482,-0.6314288652881218,0.057694912098646765,-0.5380324292302108,0.18636917953843113,-0.7651442080981451,0.3230888373208705,-0.8595407048766167,0.4286099068704068,-0.9034896500417374,0.10134367214562741,-0.5706079587317869,0.14519708580108326,-0.7599630145485889,0.2155122507709481,-0.8715889608467877,0.28422436203869844,-0.9538732225658367
OK_SIGN,-0.0,0.0,-0.11382738330835601,0.10540638405166065,-0.2363304900734707,0.0869419394165562,-0.3771728649947196,-0.0023366276074450808,-0.48656184800587254,-0.1608763339098168,-0.035240079745358546,-0.304236226385264,-0.2918032216311595,-0.44753515990238085,-0.4408732279530182,-0.35091552885739724,-0.5070166383951691,-0.23428061594927943,-0.031134688620781146,-0.4583395987957997,-0.26028402265783346,-0.6478222948825867,-0.4598504590276885,-0.6562709521803497,-0.5971945686166482,-0.6314288652881218,-0.057694912098646765,-0.5380324292302108,-0.18636917953843113,-0.7651442080981451,-0.3230888373208705,-0.8595407048766167,-0.4286099068704068,-0.9034896500417374,-0.10134367214562741,-0.5706079587317869,-0.14519708580108326,-0.7599630145485889,-0.2155122507709481,-0.8715889608467877,-0.28422436203869844,-0.9538732225658367
OK_SIGN,0.0,0.0,0.11495485892482213,0.08544525405812001,0.2472979190309214,0.05851499796576779,0.3886366518417115,-0.029621219017083464,0.4897097204505561,-0.1791047289768167,0.06079059734797793,-0.31330405234504183,0.30853413262747864,-0.44793990087088426,0.44862715678931725,-0.3541177030635413,0.5145605613757422,-0.24325650892187053,0.05302833358093717,-0.4514991775760634,0.2650276854869111,-0.648664008112394,0.45470558243961934,-0.6720959512860177,0.5879065665079243,-0.6553856093493221,0.07410117684780122,-0.5243650355931553,0.18274185292309,-0.7604828226339622,0.3107338710573762,-0.8643089638898241,0.41141472402757756,-0.9114482568162123,0.11248261695323378,-0.5531348242844345,0.1550002742591773,-0.7498072843900959,0.2198953081871607,-0.864053343802777,0.2814741565985436,-0.9419364908864634
OK_SIGN,-0.0,0.0,-0.11495485892482213,0.08544525405812001,-0.2472979190309214,0.05851499796576779,-0.3886366518417115,-0.029621219017083464,-0.4897097204505561,-0.1791047289768167,-0.06079059734797793,-0.31330405234504183,-0.30853413262747864,-0.44793990087088426,-0.44862715678931725,-0.3541177030635413,-0.5145605613757422,-0.24325650892187053,-0.05302833358093717,-0.4514991775760634,-0.2650276854869111,-0.648664008112394,-0.45470558243961934,-0.6720959512860177,-0.5879065665079243,-0.6553856093493221,-0.07410117684780122,-0.5243650355931553,-0.18274185292309,-0.7604828226339622,-0.3107338710573762,-0.8643089638898241,-0.41141472402757756,-0.9114482568162123,-0.11248261695323378,-0.5531348242844345,-0.1550002742591773,-0.7498072843900959,-0.2198953081871607,-0.864053343802777,-0.2814741565985436,-0.9419364908864634
OK_SIGN,0.0,0.0,0.12681444106100426,0.09484058968908365,0.2661084563745527,0.07205972586483204,0.41035299124199653,-0.009033868711751162,0.5124170153105212,-0.164114217169945,0.07819066885346579,-0.3022346629193184,0.33211691549604905,-0.4350321435575966,0.47381352398159593,-0.3411110629124903,0.5399046968592082,-0.22602881267306238,0.06193305422270257,-0.44321192653529257,0.2660136704600583,-0.6599886370270778,0.46160335357312404,-0.6759908670944663,0.595417465716657,-0.6474899030909135,0.07635172865040384,-0.5170158066886922,0.17908774357370036,-0.764857997048086,0.3118201903265203,-0.8652320747134071,0.4136624761053445,-0.9104303135673785,0.10825166725909094,-0.5459223952137624,0.15415344034940384,-0.747441610982773,0.22113732986788245,-0.8695946412118235,0.2837414403266437,-0.9524671267391472
OK_SIGN,-0.0,0.0,-0.12681444106100426,0.09484058968908365,-0.2661084563745527,0.07205972586483204,-0.41035299124199653,-0.009033868711751162,-0.5124170153105212,-0.164114217169945,-0.07819066885346579,-0.3022346629193184,-0.33211691549604905,-0.4350321435575966,-0.47381352398159593,-0.3411110629124903,-0.5399046968592082,-0.22602881267306238,-0.06193305422270257,-0.44321192653529257,-0.2660136704600583,-0.6599886370270778,-0.46160335357312404,-0.6759908670944663,-0.595417465716657,-0.6474899030909135,-0.07635172865040384,-0.5170158066886922,-0.17908774357370036,-0.764857997048086,-0.3118201903265203,-0.8652320747134071,-0.4136624761053445,-0.9104303135673785,-0.10825166725909094,-0.5459223952137624,-0.15415344034940384,-0.747441610982773,-0.22113732986788245,-0.8695946412118235,-0.2837414403266437,-0.9524671267391472
OK_SIGN,0.0,0.0,0.1252456618125399,0.10076453610203406,0.2706156078352944,0.0828849883044205,0.4299714132930352,0.001676583476049381,0.5468584572143897,-0.15027990565867308,0.09726037098713841,-0.2631642792279973,0.3541573324979289,-0.38941792285602145,0.4974153359713817,-0.3233759750465711,0.5654049000194905,-0.23252400509774573,0.0628350654068857,-0.41533580665053493,0.2705771675064446,-0.6431631024779052,0.473000363384943,-0.6737483573636931,0.6143528480623255,-0.6556033031086751,0.06768529218507781,-0.5041460506338349,0.1625131136518522,-0.7654855926447824,0.29460099146126795,-0.8677393054610738,0.40124088395695157,-0.9159725722102405,0.09485537172360331,-0.5429515219731101,0.12478673467297369,-0.7587453694866095,0.18660057138572286,-0.8770184595147998,0.24934258356526603,-0.9572261154859691
OK_SIGN,-0.0,0.0,-0.1252456618125399,0.10076453610203406,-0.2706156078352944,0.0828849883044205,-0.4299714132930352,0.001676583476049381,-0.5468584572143897,-0.15027990565867308,-0.09726037098713841,-0.2631642792279973,-0.3541573324979289,-0.38941792285602145,-0.4974153359713817,-0.3233759750465711,-0.5654049000194905,-0.23252400509774573,-0.0628350654068857,-0.41533580665053493,-0.2705771675064446,-0.6431631024779052,-0.473000363384943,-0.6737483573636931,-0.6143528480623255,-0.6556033031086751,-0.06768529218507781,-0.5041460506338349,-0.1625131136518522,-0.7654855926447824,-0.29460099146126795,-0.8677393054610738,-0.40124088395695157,-0.9159725722102405,-0.09485537172360331,-0.5429515219731101,-0.12478673467297369,-0.7587453694866095,-0.18660057138572286,-0.8770184595147998,-0.24934258356526603,-0.9572261154859691
OK_SIGN,0.0,0.0,0.13143500729322408,0.09825023319257023,0.2849899926362466,0.07404693897838749,0.449588997900992,-0.02031938019164857,0.5741100353189853,-0.17394182684808956,0.1003651616632424,-0.24228844779264905,0.35113018866693474,-0.3800069712857028,0.4958326690741401,-0.34836517104195586,0.5770441136025913,-0.28344506337895076,0.05826979094021658,-0.39629920437632726,0.26472617840565044,-0.6383850238036723,0.462755849369959,-0.6814470955939809,0.6068460450303772,-0.6691381760456617,0.06120232119851472,-0.491880316037993,0.15851241417908535,-0.7561510491030525,0.28831042544670094,-0.866567376140533,0.3978242537296689,-0.9174616412387125,0.0894872692995633,-0.5372864240445446,0.13298189195090887,-0.7531703671101767,0.20545978506720355,-0.8668047943377569,0.28025824959507406,-0.9390590385345665
OK_SIGN,-0.0,0.0,-0.13143500729322408,0.09825023319257023,-0.2849899926362466,0.07404693897838749,-0.449588997900992,-0.02031938019164857,-0.5741100353189853,-0.17394182684808956,-0.1003651616632424,-0.24228844779264905,-0.35113018866693474,-0.3800069712857028,-0.4958326690741401,-0.34836517104195586,-0.5770441136025913,-0.28344506337895076,-0.05826979094021658,-0.39629920437632726,-0.26472617840565044,-0.6383850238036723,-0.462755849369959,-0.6814470955939809,-0.6068460450303772,-0.6691381760456617,-0.06120232119851472,-0.491880316037993,-0.15851241417908535,-0.7561510491030525,-0.28831042544670094,-0.866567376140533,-0.3978242537296689,-0.9174616412387125,-0.0894872692995633,-0.5372864240445446,-0.13298189195090887,-0.7531703671101767,-0.20545978506720355,-0.8668047943377569,-0.28025824959507406,-0.9390590385345665
OK_SIGN,0.0,0.0,0.1328242844554482,0.09250380151595783,0.28705397904992963,0.06675421524569562,0.44813927296743244,-0.028243601373934227,0.569498819425502,-0.17965343087725053,0.09991220979694347,-0.25425158351939475,0.34335721181489187,-0.3915043057908237,0.48844586212767177,-0.36679315692740566,0.5726813121551189,-0.30820537821300886,0.05770707656610835,-0.40514113185381684,0.25905637929685177,-0.6554958372057523,0.45637256309536267,-0.7028178041503998,0.599777450819145,-0.6878542038970472,0.0619321748363447,-0.49634602846603043,0.1576032676528565,-0.7652267807993944,0.2880134670993827,-0.8718439650066555,0.3964871053989203,-0.9180402906476303,0.08909067205077396,-0.5377027421533074,0.13504655358259282,-0.7583265579265432,0.20718706013145743,-0.8714532228972487,0.2802381813180568,-0.9406370514933823
OK_SIGN,-0.0,0.0,-0.1328242844554482,0.09250380151595783,-0.28705397904992963,0.06675421524569562,-0.44813927296743244,-0.028243601373934227,-0.569498819425502,-0.17965343087725053,-0.09991220979694347,-0.25425158351939475,-0.34335721181489187,-0.3915043057908237,-0.48844586212767177,-0.36679315692740566,-0.5726813121551189,-0.30820537821300886,-0.05770707656610835,-0.40514113185381684,-0.25905637929685177,-0.6554958372057523,-0.45637256309536267,-0.7028178041503998,-0.599777450819145,-0.6878542038970472,-0.0619321748363447,-0.49634602846603043,-0.1576032676528565,-0.7652267807993944,-0.2880134670993827,-0.8718439650066555,-0.3964871053989203,-0.9180402906476303,-0.08909067205077396,-0.5377027421533074,-0.13504655358259282,-0.7583265579265432,-0.20718706013145743,-0.8714532228972487,-0.2802381813180568,-0.9406370514933823
OK_SIGN,0.0,0.0,0.1303106371856919,0.09069038515591492,0.2695194985183146,0.06798427515037432,0.4041385058102535,-0.027285092618914913,0.47652500511558954,-0.19594081815918046,0.09288156434657345,-0.3025893636414656,0.32989604269158485,-0.45696011190882174,0.4617458080644901,-0.3836909934870315,0.5162252677218958,-0.28535353686525966,0.061325721452604655,-0.4432338790725937,0.2701703763461508,-0.6762261639482305,0.4608375355080539,-0.6972971017900398,0.585897977208647,-0.6710909396728073,0.06410544374041145,-0.519866179118367,0.17534439074533117,-0.7723733017081238,0.31521554881505043,-0.8686375223937886,0.41899442854617713,-0.9079888043622908,0.08839878213313167,-0.5468156653014197,0.13905869485467923,-0.7622980695786038,0.21727353058519636,-0.8724264103403999,0.2877422788284626,-0.9361210861942701
OK_SIGN,-0.0,0.0,-0.1303106371856919,0.09069038515591492,-0.2695194985183146,0.06798427515037432,-0.4041385058102535,-0.027285092618914913,-0.47652500511558954,-0.19594081815918046,-0.09288156434657345,-0.3025893636414656,-0.32989604269158485,-0.45696011190882174,-0.4617458080644901,-0.3836909934870315,-0.5162252677218958,-0.28535353686525966,-0.061325721452604655,-0.4432338790725937,-0.2701703763461508,-0.6762261639482305,-0.4608375355080539,-0.6972971017900398,-0.585897977208647,-0.6710909396728073,-0.06410544374041145,-0.519866179118367,-0.17534439074533117,-0.7723733017081238,-0.31521554881505043,-0.8686375223937886,-0.41899442854617713,-0.9079888043622908,-0.08839878213313167,-0.5468156653014197,-0.13905869485467923,-0.7622980695786038,-0.21727353058519636,-0.8724264103403999,-0.2877422788284626,-0.9361210861942701
OK_SIGN,0.0,0.0,0.131002135922873,0.08917608612448981,0.27316513036192497,0.06628550115958118,0.41020535298876104,-0.02830145231458994,0.475784326720199,-0.1971561321426917,0.0999633085677418,-0.31081675528631997,0.3336062964675367,-0.47359416180814795,0.4600477507087543,-0.3935478528701291,0.5069609693824627,-0.2861397910152779,0.067985093437933,-0.44993028417020486,0.2767027534719212,-0.6871023255452958,0.46745721268205304,-0.7024927662206241,0.5909123050418047,-0.6670440827545603,0.0702112508157247,-0.5255249015988004,0.1806425239812525,-0.7813576341565708,0.32469629145823986,-0.8723754905896651,0.43197908083492875,-0.9018836253758076,0.09327361800348653,-0.5512802375382027,0.14021877804289556,-0.7703070123049439,0.2235163284803853,-0.877768439612246,0.3006104761699689,-0.9344497953518174
OK_SIGN,-0.0,0.0,-0.131002135922873,0.08917608612448981,-0.27316513036192497,0.06628550115958118,-0.41020535298876104,-0.02830145231458994,-0.475784326720199,-0.1971561321426917,-0.0999633085677418,-0.31081675528631997,-0.3336062964675367,-0.47359416180814795,-0.4600477507087543,-0.3935478528701291,-0.5069609693824627,-0.2861397910152779,-0.067985093437933,-0.44993028417020486,-0.2767027534719212,-0.6871023255452958,-0.46745721268205304,-0.7024927662206241,-0.5909123050418047,-0.6670440827545603,-0.0702112508157247,-0.5255249015988004,-0.1806425239812525,-0.7813576341565708,-0.32469629145823986,-0.8723754905896651,-0.43197908083492875,-0.9018836253758076,-0.09327361800348653,-0.5512802375382027,-0.14021877804289556,-0.7703070123049439,-0.2235163284803853,-0.877768439612246,-0.3006104761699689,-0.9344497953518174
OK_SIGN,0.0,0.0,0.13243691007482844,0.08478364444169682,0.2776571852793088,0.06338027136267334,0.41278136586383424,-0.030399209496468814,0.47954758410605824,-0.20027336678434132,0.10298747225288923,-0.3126985938824606,0.33347279364785204,-0.4811935498984336,0.4597965375901804,-0.40654618153107,0.5077178864401671,-0.3015293906913325,0.07117407724528439,-0.44906545187844993,0.27877637065337885,-0.688001445093619,0.4672203327828612,-0.7071717222100193,0.5899828983679549,-0.6759474742024187,0.07388361045267738,-0.5246331927481244,0.18860267111723858,-0.7824587358916734,0.3348986147152752,-0.8696895705316763,0.4436154348839402,-0.8962172425995455,0.09575868898358053,-0.550991373546078,0.14316535839380054,-0.7735497782945051,0.2294475849149026,-0.881899457877124,0.31081107394156465,-0.9382315298040647
OK_SIGN,-0.0,0.0,-0.13243691007482844,0.08478364444169682,-0.2776571852793088,0.06338027136267334,-0.41278136586383424,-0.030399209496468814,-0.47954758410605824,-0.20027336678434132,-0.10298747225288923,-0.3126985938824606,-0.33347279364785204,-0.4811935498984336,-0.4597965375901804,-0.40654618153107,-0.5077178864401671,-0.3015293906913325,-0.07117407724528439,-0.44906545187844993,-0.27877637065337885,-0.688001445093619,-0.4672203327828612,-0.7071717222100193,-0.5899828983679549,-0.6759474742024187,-0.07388361045267738,-0.5246331927481244,-0.18860267111723858,-0.7824587358916734,-0.3348986147152752,-0.8696895705316763,-0.4436154348839402,-0.8962172425995455,-0.09575868898358053,-0.550991373546078,-0.14316535839380054,-0.7735497782945051,-0.2294475849149026,-0.881899457877124,-0.31081107394156465,-0.9382315298040647
OK_SIGN,0.0,0.0,0.13420254461024927,0.0999490223150245,0.2740975369405762,0.07890389554928434,0.406742035658456,-0.0176271675301829,0.4770666690957253,-0.1901744447847624,0.09713629549587283,-0.2985495886225226,0.3088641550856252,-0.5079847531008254,0.4403714095612448,-0.4426119281054773,0.4922299519313836,-0.3350936779818936,0.0683080327592965,-0.44421395364211747,0.2689196037685251,-0.6905240006106226,0.4608897263945387,-0.7103950757974101,0.5854128084369056,-0.6806805995838102,0.07466805680011324,-0.5272362512560509,0.18263500963845106,-0.7819000661389756,0.3318566027671269,-0.8692111672349652,0.4438807171977155,-0.8960858825470033,0.09741317809501761,-0.5596920464792878,0.14084607184182144,-0.7764827670535732,0.22396491975007665,-0.8807913701276342,0.3005408891825547,-0.9409638780459618
OK_SIGN,-0.0,0.0,-0.13420254461024927,0.0999490223150245,-0.2740975369405762,0.07890389554928434,-0.406742035658456,-0.0176271675301829,-0.4770666690957253,-0.1901744447847624,-0.09713629549587283,-0.2985495886225226,-0.3088641550856252,-0.5079847531008254,-0.4403714095612448,-0.4426119281054773,-0.4922299519313836,-0.3350936779818936,-0.0683080327592965,-0.44421395364211747,-0.2689196037685251,-0.6905240006106226,-0.4608897263945387,-0.7103950757974101,-0.5854128084369056,-0.6806805995838102,-0.07466805680011324,-0.5272362512560509,-0.18263500963845106,-0.7819000661389756,-0.3318566027671269,-0.8692111672349652,-0.4438807171977155,-0.8960858825470033,-0.09741317809501761,-0.5596920464792878,-0.14084607184182144,-0.7764827670535732,-0.22396491975007665,-0.8807913701276342,-0.3005408891825547,-0.9409638780459618
OK_SIGN,0.0,0.0,0.12193807932084055,0.10468192526611002,0.24753021643886586,0.09209319774533985,0.37150805853835756,0.015162987525169603,0.46158677792082853,-0.13483703896131466,0.12732205087418136,-0.30104253709761464,0.34008596575413724,-0.4816681206517368,0.45933232746635355,-0.42413044438101316,0.5021353955108122,-0.32397136476225413,0.10074751693150942,-0.4450667068431283,0.30938187375869086,-0.6839448260596358,0.49419003601928846,-0.7097769176116109,0.6112561148966578,-0.6771120574819725,0.10667035301877906,-0.5214212751973228,0.2277569604832921,-0.7724235782591831,0.37090146241790906,-0.8576007220936617,0.47626315537135255,-0.8793027958762117,0.1260214358502311,-0.5407369598466797,0.17729187164295426,-0.7623726398885324,0.2653091449447547,-0.8694660088452927,0.3435908454982068,-0.9270699609331425
OK_SIGN,-0.0,0.0,-0.12193807932084055,0.10468192526611002,-0.24753021643886586,0.09209319774533985,-0.37150805853835756,0.015162987525169603,-0.46158677792082853,-0.13483703896131466,-0.12732205087418136,-0.30104253709761464,-0.34008596575413724,-0.4816681206517368,-0.45933232746635355,-0.42413044438101316,-0.5021353955108122,-0.32397136476225413,-0.10074751693150942,-0.4450667068431283,-0.30938187375869086,-0.6839448260596358,-0.49419003601928846,-0.7097769176116109,-0.6112561148966578,-0.6771120574819725,-0.10667035301877906,-0.5214212751973228,-0.2277569604832921,-0.7724235782591831,-0.37090146241790906,-0.8576007220936617,-0.47626315537135255,-0.8793027958762117,-0.1260214358502311,-0.5407369598466797,-0.17729187164295426,-0.7623726398885324,-0.2653091449447547,-0.8694660088452927,-0.3435908454982068,-0.9270699609331425
OK_SIGN,0.0,0.0,0.13488245896915374,0.1046865514951866,0.2727365664360934,0.09039419118783074,0.3995650578898041,-0.0016541413526711026,0.4780643946069884,-0.1706880974092374,0.1188755378019047,-0.29811897449680164,0.3347469633392191,-0.49066493004089273,0.4587395141726936,-0.4357155910169472,0.5016785880266506,-0.32988421573387555,0.09100601736968764,-0.4460976763412742,0.2999823026589825,-0.6920114431050329,0.4903105161345966,-0.717394244521908,0.6088816749346234,-0.6807195249668735,0.09824794041436721,-0.5283251641362541,0.21861288200628282,-0.7814701546569552,0.36809381105180433,-0.8637859115757673,0.4754001146179482,-0.8797697034004079,0.11768642210963685,-0.5559851830740279,0.1674756362661302,-0.7770269607391316,0.2592539691337334,-0.8821144995107647,0.3401881018522407,-0.9338097603091546
OK_SIGN,-0.0,0.0,-0.13488245896915374,0.1046865514951866,-0.2727365664360934,0.09039419118783074,-0.3995650578898041,-0.0016541413526711026,-0.4780643946069884,-0.1706880974092374,-0.1188755378019047,-0.29811897449680164,-0.3347469633392191,-0.49066493004089273,-0.4587395141726936,-0.4357155910169472,-0.5016785880266506,-0.32988421573387555,-0.09100601736968764,-0.4460976763412742,-0.2999823026589825,-0.6920114431050329,-0.4903105161345966,-0.717394244521908,-0.6088816749346234,-0.6807195249668735,-0.09824794041436721,-0.5283251641362541,-0.21861288200628282,-0.7814701546569552,-0.36809381105180433,-0.8637859115757673,-0.4754001146179482,-0.8797697034004079,-0.11768642210963685,-0.5559851830740279,-0.1674756362661302,-0.7770269607391316,-0.2592539691337334,-0.8821144995107647,-0.3401881018522407,-0.9338097603091546
OK_SIGN,0.0,0.0,0.14741618359038278,0.07770829347445148,0.29865359855027734,0.03537092939602199,0.4402939407811553,-0.0689294410206551,0.5303424523691361,-0.23757580847490836,0.1171756544047116,-0.29971315198544685,0.31711538028030983,-0.526147453910583,0.44287463934614396,-0.4763723051655843,0.4960454268340367,-0.3713578575634374,0.06970280596509308,-0.43418123342740267,0.25492498119570167,-0.705645203307099,0.4460528076370551,-0.7625917928166912,0.5755912308243366,-0.7427154691195762,0.06392188045475006,-0.5115256001047578,0.16257449731207205,-0.7938250434547393,0.2978298021096216,-0.892777379204217,0.4043471082990568,-0.9146056068110401,0.07701660295315634,-0.5441623223814503,0.12160198172640324,-0.7692241495875686,0.20728320774436199,-0.8774917157042738,0.28846241819508606,-0.9340074644315441
OK_SIGN,-0.0,0.0,-0.14741618359038278,0.07770829347445148,-0.29865359855027734,0.03537092939602199,-0.4402939407811553,-0.0689294410206551,-0.5303424523691361,-0.23757580847490836,-0.1171756544047116,-0.29971315198544685,-0.31711538028030983,-0.526147453910583,-0.44287463934614396,-0.4763723051655843,-0.4960454268340367,-0.3713578575634374,-0.06970280596509308,-0.43418123342740267,-0.25492498119570167,-0.705645203307099,-0.4460528076370551,-0.7625917928166912,-0.5755912308243366,-0.7427154691195762,-0.06392188045475006,-0.5115256001047578,-0.16257449731207205,-0.7938250434547393,-0.2978298021096216,-0.892777379204217,-0.4043471082990568,-0.9146056068110401,-0.07701660295315634,-0.5441623223814503,-0.12160198172640324,-0.7692241495875686,-0.20728320774436199,-0.8774917157042738,-0.28846241819508606,-0.9340074644315441
OK_SIGN,0.0,0.0,0.1389302679854525,0.08265371640206928,0.2858030103813963,0.04854146133923326,0.42873909338682553,-0.052135237854005964,0.5334232620409377,-0.2160790804714786,0.10674659467534207,-0.29137235477034734,0.33362685798189345,-0.4662305439801943,0.4703297521887627,-0.42805150775035583,0.5401133246929892,-0.3434859194486128,0.05920036225723096,-0.4256608406553155,0.2552088411623309,-0.6912831464286896,0.44593047146150966,-0.7418719783769973,0.581240905488074,-0.7248005472672892,0.05651677640151461,-0.5016070400538781,0.15465647320244272,-0.7785781485989743,0.2878791682620649,-0.8830033972528278,0.39572480802476706,-0.9183691394606862,0.07632225381427378,-0.52997176744324,0.11884196390148424,-0.7587064108283215,0.19947031375839896,-0.8706602755024765,0.2790846567900194,-0.9314364099913137
OK_SIGN,-0.0,0.0,-0.1389302679854525,0.08265371640206928,-0.2858030103813963,0.04854146133923326,-0.42873909338682553,-0.052135237854005964,-0.5334232620409377,-0.2160790804714786,-0.10674659467534207,-0.29137235477034734,-0.33362685798189345,-0.4662305439801943,-0.4703297521887627,-0.42805150775035583,-0.5401133246929892,-0.3434859194486128,-0.05920036225723096,-0.4256608406553155,-0.2552088411623309,-0.6912831464286896,-0.44593047146150966,-0.7418719783769973,-0.581240905488074,-0.7248005472672892,-0.05651677640151461,-0.5016070400538781,-0.15465647320244272,-0.7785781485989743,-0.2878791682620649,-0.8830033972528278,-0.39572480802476706,-0.9183691394606862,-0.07632225381427378,-0.52997176744324,-0.11884196390148424,-0.7587064108283215,-0.19947031375839896,-0.8706602755024765,-0.2790846567900194,-0.9314364099913137
OK_SIGN,0.0,0.0,0.1410386271343083,0.0743803695490297,0.2904208368676395,0.034727499416637025,0.43324984234432906,-0.06869393380117153,0.5386381005640368,-0.2294617652550327,0.10884274654905772,-0.31162553010643396,0.3387691958039118,-0.4731186437034045,0.4756649869879629,-0.4305996875519331,0.5454774856731087,-0.35014206729962816,0.0599907948624037,-0.44095722985490826,0.26201580376827444,-0.7053651403172534,0.45006516786663076,-0.750386759950857,0.5797361058546631,-0.7307390748105965,0.05380652453020868,-0.5122653710404528,0.15913851724170652,-0.7891184057755847,0.295165483429101,-0.8872089288690486,0.4005682193234359,-0.9162669379979024,0.07035870186425962,-0.5360910169438441,0.11483099245718224,-0.7684164004325078,0.19945604425470756,-0.8810380668377866,0.28216403805686435,-0.9386082109544401
OK_SIGN,-0.0,0.0,-0.1410386271343083,0.0743803695490297,-0.2904208368676395,0.034727499416637025,-0.43324984234432906,-0.06869393380117153,-0.5386381005640368,-0.2294617652550327,-0.10884274654905772,-0.31162553010643396,-0.3387691958039118,-0.4731186437034045,-0.4756649869879629,-0.4305996875519331,-0.5454774856731087,-0.35014206729962816,-0.0599907948624037,-0.44095722985490826,-0.26201580376827444,-0.7053651403172534,-0.45006516786663076,-0.750386759950857,-0.5797361058546631,-0.7307390748105965,-0.05380652453020868,-0.5122653710404528,-0.15913851724170652,-0.7891184057755847,-0.295165483429101,-0.8872089288690486,-0.4005682193234359,-0.9162669379979024,-0.07035870186425962,-0.5360910169438441,-0.11483099245718224,-0.7684164004325078,-0.19945604425470756,-0.8810380668377866,-0.28216403805686435,-0.9386082109544401
OK_SIGN,0.0,0.0,0.13808819426647484,0.0935803060815731,0.2769442207664694,0.06690090878229937,0.4159670123151184,-0.029142291281492105,0.5248896236496002,-0.19396304168222744,0.09657090647190895,-0.2660727240602195,0.30377026039593763,-0.4673376981744813,0.44254825194442404,-0.4303935754314966,0.513973286554971,-0.34553321964697736,0.06684061985022048,-0.40276381541314504,0.253395332207139,-0.6568177309216924,0.4418594053420248,-0.7178680781467077,0.5747613254302977,-0.724057081645964,0.07919517675163021,-0.48738824420721627,0.18170727623719402,-0.7387530039858221,0.31628976021007826,-0.8518743710512481,0.4223834659116132,-0.9064172371068927,0.1067747884204339,-0.5263278434563807,0.1627656187488849,-0.7335413783512926,0.2455972242407945,-0.8415041993938749,0.32106526157247345,-0.9182910670176919
OK_SIGN,-0.0,0.0,-0.13808819426647484,0.0935803060815731,-0.2769442207664694,0.06690090878229937,-0.4159670123151184,-0.029142291281492105,-0.5248896236496002,-0.19396304168222744,-0.09657090647190895,-0.2660727240602195,-0.30377026039593763,-0.4673376981744813,-0.44254825194442404,-0.4303935754314966,-0.513973286554971,-0.34553321964697736,-0.06684061985022048,-0.40276381541314504,-0.253395332207139,-0.6568177309216924,-0.4418594053420248,-0.7178680781467077,-0.5747613254302977,-0.724057081645964,-0.07919517675163021,-0.48738824420721627,-0.18170727623719402,-0.7387530039858221,-0.31628976021007826,-0.8518743710512481,-0.4223834659116132,-0.9064172371068927,-0.1067747884204339,-0.5263278434563807,-0.1627656187488849,-0.7335413783512926,-0.2455972242407945,-0.8415041993938749,-0.32106526157247345,-0.9182910670176919
OK_SIGN,0.0,0.0,0.14012871650745146,0.09302956534811159,0.27831690833241374,0.0686287237615697,0.41450901705120335,-0.023502901679600126,0.5243188344102891,-0.19078280275324577,0.08997320882209285,-0.2658653087901021,0.29479138800580734,-0.4699090469652508,0.4321235298496442,-0.4258741318189354,0.5007186451870465,-0.33212085971022365,0.06256545851063978,-0.399775904006082,0.24635119639984485,-0.6640248727219318,0.4364032973376996,-0.7249379706462928,0.5713563165233696,-0.7292278689033557,0.07664875508657211,-0.48302284502776055,0.1821144826146983,-0.7401176415570262,0.3232997740072789,-0.8517218914772802,0.43311393312451063,-0.9013391819583884,0.10369541584554706,-0.5215100385015227,0.16066346367374015,-0.7341808501128316,0.24667015481772073,-0.8429576506448769,0.3246175780075274,-0.9159221827357572
OK_SIGN,-0.0,0.0,-0.14012871650745146,0.09302956534811159,-0.27831690833241374,0.0686287237615697,-0.41450901705120335,-0.023502901679600126,-0.5243188344102891,-0.19078280275324577,-0.08997320882209285,-0.2658653087901021,-0.29479138800580734,-0.4699090469652508,-0.4321235298496442,-0.4258741318189354,-0.5007186451870465,-0.33212085971022365,-0.06256545851063978,-0.399775904006082,-0.24635119639984485,-0.6640248727219318,-0.4364032973376996,-0.7249379706462928,-0.5713563165233696,-0.7292278689033557,-0.07664875508657211,-0.48302284502776055,-0.1821144826146983,-0.7401176415570262,-0.3232997740072789,-0.8517218914772802,-0.43311393312451063,-0.9013391819583884,-0.10369541584554706,-0.5215100385015227,-0.16066346367374015,-0.7341808501128316,-0.24667015481772073,-0.8429576506448769,-0.3246175780075274,-0.9159221827357572
OK_SIGN,0.0,0.0,0.14014809444893114,0.0883571734657688,0.2905640130672984,0.04980361585016426,0.4396411326449678,-0.04727518712716236,0.5528467467137875,-0.21038078595846368,0.11459518899861248,-0.28952217604464064,0.3370454928754504,-0.47999217293098906,0.47237700430093704,-0.43043053213124854,0.5375172871438714,-0.3381876669421091,0.06949996384680365,-0.42519697135190315,0.27351902489357494,-0.6753208636259962,0.465737267224551,-0.7058775831294045,0.596277867009118,-0.6861643908186794,0.06461827107083551,-0.5039004902541306,0.17498416053518454,-0.7619917430907699,0.32118349383713185,-0.8608733735689443,0.4342844788011499,-0.9007757720278747,0.08244060814315915,-0.5331568772994888,0.1235076127601028,-0.7597930742089077,0.1990829481791416,-0.875665920627378,0.27040080223073504,-0.9442410668450522
OK_SIGN,-0.0,0.0,-0.14014809444893114,0.0883571734657688,-0.2905640130672984,0.04980361585016426,-0.4396411326449678,-0.04727518712716236,-0.5528467467137875,-0.21038078595846368,-0.11459518899861248,-0.28952217604464064,-0.3370454928754504,-0.47999217293098906,-0.47237700430093704,-0.43043053213124854,-0.5375172871438714,-0.3381876669421091,-0.06949996384680365,-0.42519697135190315,-0.27351902489357494,-0.6753208636259962,-0.465737267224551,-0.7058775831294045,-0.596277867009118,-0.6861643908186794,-0.06461827107083551,-0.5039004902541306,-0.17498416053518454,-0.7619917430907699,-0.32118349383713185,-0.8608733735689443,-0.4342844788011499,-0.9007757720278747,-0.08244060814315915,-0.5331568772994888,-0.1235076127601028,-0.7597930742089077,-0.1990829481791416,-0.875665920627378,-0.27040080223073504,-0.9442410668450522
OK_SIGN,0.0,0.0,0.1437294098601521,0.0942660832609495,0.3068273425769229,0.07005049966908597,0.46667962140910846,-0.026202042089735846,0.5836835569403335,-0.1887832575960417,0.11518484274932667,-0.2597267710853522,0.3694590105089829,-0.40835228689055963,0.5234867244242578,-0.40430099955955445,0.6211639572777667,-0.35799705147585964,0.06907605550051052,-0.4126135251197139,0.2779960692395967,-0.6658591034791668,0.4776960085361193,-0.713746013334615,0.6173086807852765,-0.6926699181731714,0.06468757172701244,-0.5037646000549669,0.1751021940698096,-0.7709701281336994,0.3263347560277018,-0.8653487518760858,0.4455853361698495,-0.8952394697456106,0.0827985992041907,-0.5436074154985775,0.1280810979182265,-0.7759649195009211,0.2138954250234019,-0.889395694746521,0.29879557321781064,-0.9452781638061781
OK_SIGN,-0.0,0.0,-0.1437294098601521,0.0942660832609495,-0.3068273425769229,0.07005049966908597,-0.46667962140910846,-0.026202042089735846,-0.5836835569403335,-0.1887832575960417,-0.11518484274932667,-0.2597267710853522,-0.3694590105089829,-0.40835228689055963,-0.5234867244242578,-0.40430099955955445,-0.6211639572777667,-0.35799705147585964,-0.06907605550051052,-0.4126135251197139,-0.2779960692395967,-0.6658591034791668,-0.4776960085361193,-0.713746013334615,-0.6173086807852765,-0.6926699181731714,-0.06468757172701244,-0.5037646000549669,-0.1751021940698096,-0.7709701281336994,-0.3263347560277018,-0.8653487518760858,-0.4455853361698495,-0.8952394697456106,-0.0827985992041907,-0.5436074154985775,-0.1280810979182265,-0.7759649195009211,-0.2138954250234019,-0.889395694746521,-0.29879557321781064,-0.9452781638061781
OK_SIGN,0.0,0.0,0.14460857962000898,0.09368858050919786,0.30693499187398277,0.07134825136080104,0.46681606496322225,-0.0311662934755779,0.5847600667339768,-0.19311278867066572,0.10464630166679473,-0.25980606534669465,0.3614207839517666,-0.4085626328279964,0.5197439386525947,-0.4075813957983566,0.6202069313709894,-0.3633368237038489,0.056632538832971945,-0.41743236084359336,0.2680150305864061,-0.6744036935774438,0.4727968726494128,-0.7216519364599603,0.6153925810492696,-0.6998506415604182,0.055435843171977583,-0.5134449827354595,0.16209346537705144,-0.7879393652302269,0.31260781691039613,-0.877637179790256,0.43192796269444883,-0.9019081078705428,0.07848061263568294,-0.5603220957563704,0.12449856174995663,-0.7931885956683313,0.21174733273855478,-0.8988560213484992,0.2988070066876394,-0.9472609006102907
OK_SIGN,-0.0,0.0,-0.14460857962000898,0.09368858050919786,-0.30693499187398277,0.07134825136080104,-0.46681606496322225,-0.0311662934755779,-0.5847600667339768,-0.19311278867066572,-0.10464630166679473,-0.25980606534669465,-0.3614207839517666,-0.4085626328279964,-0.5197439386525947,-0.4075813957983566,-0.6202069313709894,-0.3633368237038489,-0.056632538832971945,-0.41743236084359336,-0.2680150305864061,-0.6744036935774438,-0.4727968726494128,-0.7216519364599603,-0.6153925810492696,-0.6998506415604182,-0.055435843171977583,-0.5134449827354595,-0.16209346537705144,-0.7879393652302269,-0.31260781691039613,-0.877637179790256,-0.43192796269444883,-0.9019081078705428,-0.07848061263568294,-0.5603220957563704,-0.12449856174995663,-0.7931885956683313,-0.21174733273855478,-0.8988560213484992,-0.2988070066876394,-0.9472609006102907
OK_SIGN,0.0,0.0,0.14017202357990227,0.08962369312782183,0.3035146292081033,0.05852319410911366,0.46564576079742154,-0.04926678478956367,0.5843390929835424,-0.20997787928156494,0.0968640218616745,-0.2728526429308465,0.34800924084069856,-0.4335054892989833,0.5073716739214915,-0.4210134401675108,0.6021722342608924,-0.3660223427395403,0.047754246194050005,-0.4269237990522907,0.2598194948099225,-0.6924289193138743,0.4682024187475805,-0.7420459752841095,0.612253506564362,-0.7181638967496812,0.0457533796705561,-0.5272951404080914,0.15762620430213997,-0.8194163496508049,0.3154055055387954,-0.8970266715128227,0.4405386459743747,-0.8977336472490405,0.0672977958130563,-0.5783581408501386,0.13670121783506425,-0.8159621489681432,0.24932318288954394,-0.8945962468102028,0.3573884059078555,-0.906818441946936
OK_SIGN,-0.0,0.0,-0.14017202357990227,0.08962369312782183,-0.3035146292081033,0.05852319410911366,-0.46564576079742154,-0.04926678478956367,-0.5843390929835424,-0.20997787928156494,-0.0968640218616745,-0.2728526429308465,-0.34800924084069856,-0.4335054892989833,-0.5073716739214915,-0.4210134401675108,-0.6021722342608924,-0.3660223427395403,-0.047754246194050005,-0.4269237990522907,-0.2598194948099225,-0.6924289193138743,-0.4682024187475805,-0.7420459752841095,-0.612253506564362,-0.7181638967496812,-0.0457533796705561,-0.5272951404080914,-0.15762620430213997,-0.8194163496508049,-0.3154055055387954,-0.8970266715128227,-0.4405386459743747,-0.8977336472490405,-0.0672977958130563,-0.5783581408501386,-0.13670121783506425,-0.8159621489681432,-0.24932318288954394,-0.8945962468102028,-0.3573884059078555,-0.906818441946936
OK_SIGN,0.0,0.0,0.14365870957379998,0.08445645703701266,0.3041554729035444,0.051127819821517755,0.451019779367206,-0.05632820300027482,0.5523177081741152,-0.22701831759697957,0.10012688388045837,-0.2711480456333485,0.34347905649235766,-0.43377514868335515,0.49460921110056877,-0.42329801889218055,0.5843275755674754,-0.3668107531938444,0.05037852447027267,-0.41823435627150557,0.255686117640978,-0.6848731244739633,0.45261282396744434,-0.7344585029749718,0.5891693173798488,-0.7177360781300395,0.046223136532710214,-0.5098804806073699,0.1541521791389893,-0.7855092090670835,0.30291048216305777,-0.8788109860148445,0.4206053741937087,-0.9072436933918969,0.06545963568866815,-0.5520181734392439,0.11098316312172897,-0.7858919432635195,0.1996682036145944,-0.8918139447503921,0.2881087310605971,-0.940099894386263
OK_SIGN,-0.0,0.0,-0.14365870957379998,0.08445645703701266,-0.3041554729035444,0.051127819821517755,-0.451019779367206,-0.05632820300027482,-0.5523177081741152,-0.22701831759697957,-0.10012688388045837,-0.2711480456333485,-0.34347905649235766,-0.43377514868335515,-0.49460921110056877,-0.42329801889218055,-0.5843275755674754,-0.3668107531938444,-0.05037852447027267,-0.41823435627150557,-0.255686117640978,-0.6848731244739633,-0.45261282396744434,-0.7344585029749718,-0.5891693173798488,-0.7177360781300395,-0.046223136532710214,-0.5098804806073699,-0.1541521791389893,-0.7855092090670835,-0.30291048216305777,-0.8788109860148445,-0.4206053741937087,-0.9072436933918969,-0.06545963568866815,-0.5520181734392439,-0.11098316312172897,-0.7858919432635195,-0.1996682036145944,-0.8918139447503921,-0.2881087310605971,-0.940099894386263
OK_SIGN,0.0,0.0,0.14176190869521826,0.083085168599518,0.29738500437592075,0.05255955822409229,0.44267965056498493,-0.053962425714634776,0.5435908308286428,-0.22266698590121692,0.09535417927197082,-0.27027653068236795,0.3339919004054037,-0.44302320485128793,0.48278430401552663,-0.4309486667263545,0.568665629719057,-0.37277364081748804,0.047036454588653846,-0.4160448237141486,0.2548427395674357,-0.686858964800901,0.452278515681347,-0.7380876145413273,0.5872958499137524,-0.7219857873220469,0.04337254182185587,-0.5075630215755633,0.15505466949791022,-0.7849624945080593,0.30339732931505464,-0.8794838149041441,0.41912881684566705,-0.9079267783745291,0.06285202821229229,-0.550311252384055,0.1106197328939741,-0.786572410715147,0.20167611050871004,-0.8911483366044788,0.2910299580093597,-0.9362726304999858
OK_SIGN,-0.0,0.0,-0.14176190869521826,0.083085168599518,-0.29738500437592075,0.05255955822409229,-0.44267965056498493,-0.053962425714634776,-0.5435908308286428,-0.22266698590121692,-0.09535417927197082,-0.27027653068236795,-0.3339919004054037,-0.44302320485128793,-0.48278430401552663,-0.4309486667263545,-0.568665629719057,-0.37277364081748804,-0.047036454588653846,-0.4160448237141486,-0.2548427395674357,-0.686858964800901,-0.452278515681347,-0.7380876145413273,-0.5872958499137524,-0.7219857873220469,-0.04337254182185587,-0.5075630215755633,-0.15505466949791022,-0.7849624945080593,-0.30339732931505464,-0.8794838149041441,-0.41912881684566705,-0.9079267783745291,-0.06285202821229229,-0.550311252384055,-0.1106197328939741,-0.786572410715147,-0.20167611050871004,-0.8911483366044788,-0.2910299580093597,-0.9362726304999858
OK_SIGN,0.0,0.0,0.1425450637315408,0.08193364023972424,0.297079308721917,0.0494277730610758,0.4384631313209635,-0.060595135184630805,0.5298811731367385,-0.23322930908218065,0.09353782514689676,-0.27846753210105823,0.33328640578390234,-0.44687118839591233,0.4791993649507164,-0.4302288161893291,0.5620336334079632,-0.37125165285181494,0.04624595919577296,-0.4204441503646523,0.2596032867188205,-0.6847964657982478,0.456060426102355,-0.7325633251114446,0.5905868713762059,-0.7164133040084303,0.04319050310742614,-0.5079132648580185,0.1583164228245756,-0.7828334833522272,0.304385272608142,-0.8781013241562758,0.4179029276511441,-0.9084916857410433,0.06261011395335535,-0.5475983268250474,0.11355549656474674,-0.7836276617237985,0.202642171584341,-0.8885217275462627,0.288746770162102,-0.9348121093979967
OK_SIGN,-0.0,0.0,-0.1425450637315408,0.08193364023972424,-0.297079308721917,0.0494277730610758,-0.4384631313209635,-0.060595135184630805,-0.5298811731367385,-0.23322930908218065,-0.09353782514689676,-0.27846753210105823,-0.33328640578390234,-0.44687118839591233,-0.4791993649507164,-0.4302288161893291,-0.5620336334079632,-0.37125165285181494,-0.04624595919577296,-0.4204441503646523,-0.2596032867188205,-0.6847964657982478,-0.456060426102355,-0.7325633251114446,-0.5905868713762059,-0.7164133040084303,-0.04319050310742614,-0.5079132648580185,-0.1583164228245756,-0.7828334833522272,-0.304385272608142,-0.8781013241562758,-0.4179029276511441,-0.9084916857410433,-0.06261011395335535,-0.5475983268250474,-0.11355549656474674,-0.7836276617237985,-0.202642171584341,-0.8885217275462627,-0.288746770162102,-0.9348121093979967
OK_SIGN,0.0,0.0,0.13849212695749938,0.08762898425716073,0.2807766223781707,0.06019102910590787,0.41960270211980205,-0.04245435384103012,0.513221903826506,-0.21552126234135865,0.09109669436267093,-0.2733395456010546,0.30457051578427735,-0.4849940840674791,0.44118912882866823,-0.44218435985088544,0.5073554234806671,-0.3509994088472968,0.05206689215988902,-0.41278924094829167,0.2563798035679922,-0.6775021848262343,0.45154732261374253,-0.7269632430882569,0.584726432116433,-0.7204232805182718,0.05308539965883182,-0.49798995526371803,0.1574027286961229,-0.7656873798918162,0.29695732983082446,-0.8719149156214985,0.4071488172184298,-0.9133618344542503,0.07413622493971085,-0.5370975881855511,0.11878341685892822,-0.7592330068664574,0.20381610410799197,-0.8645449203571679,0.2838265682191169,-0.9258655051530634
OK_SIGN,-0.0,0.0,-0.13849212695749938,0.08762898425716073,-0.2807766223781707,0.06019102910590787,-0.41960270211980205,-0.04245435384103012,-0.513221903826506,-0.21552126234135865,-0.09109669436267093,-0.2733395456010546,-0.30457051578427735,-0.4849940840674791,-0.44118912882866823,-0.44218435985088544,-0.5073554234806671,-0.3509994088472968,-0.05206689215988902,-0.41278924094829167,-0.2563798035679922,-0.6775021848262343,-0.45154732261374253,-0.7269632430882569,-0.584726432116433,-0.7204232805182718,-0.05308539965883182,-0.49798995526371803,-0.1574027286961229,-0.7656873798918162,-0.29695732983082446,-0.8719149156214985,-0.4071488172184298,-0.9133618344542503,-0.07413622493971085,-0.5370975881855511,-0.11878341685892822,-0.7592330068664574,-0.20381610410799197,-0.8645449203571679,-0.2838265682191169,-0.9258655051530634
OK_SIGN,0.0,0.0,0.14225326221968254,0.07576380414610602,0.28279967031158726,0.04306116933267066,0.41913548100181136,-0.06435819526973525,0.5173541761213869,-0.22746933943247907,0.10226310650235204,-0.27254223425714763,0.31197812138416425,-0.47661212519666724,0.4306362784561035,-0.42670691287114587,0.483530553965642,-0.34028844947415837,0.05841529182747163,-0.40509028025192134,0.28886400222949404,-0.6396437616813294,0.4771523676554662,-0.6807350475210718,0.6066438989573646,-0.6875578149211753,0.05221684487676503,-0.48442412886103,0.18063451033436465,-0.7316395823177847,0.32077337262742045,-0.8413363021275636,0.42905447753458503,-0.9032786144415932,0.06540069931435462,-0.5194636117430392,0.10960027045599095,-0.7276933538556125,0.1778626945918453,-0.8441323090070215,0.23945080768587768,-0.9300519779518216
OK_SIGN,-0.0,0.0,-0.14225326221968254,0.07576380414610602,-0.28279967031158726,0.04306116933267066,-0.41913548100181136,-0.06435819526973525,-0.5173541761213869,-0.22746933943247907,-0.10226310650235204,-0.27254223425714763,-0.31197812138416425,-0.47661212519666724,-0.4306362784561035,-0.42670691287114587,-0.483530553965642,-0.34028844947415837,-0.05841529182747163,-0.40509028025192134,-0.28886400222949404,-0.6396437616813294,-0.4771523676554662,-0.6807350475210718,-0.6066438989573646,-0.6875578149211753,-0.05221684487676503,-0.48442412886103,-0.18063451033436465,-0.7316395823177847,-0.32077337262742045,-0.8413363021275636,-0.42905447753458503,-0.9032786144415932,-0.06540069931435462,-0.5194636117430392,-0.10960027045599095,-0.7276933538556125,-0.1778626945918453,-0.8441323090070215,-0.23945080768587768,-0.9300519779518216
OK_SIGN,0.0,0.0,0.1490805548159501,0.08175550289727448,0.2888257025968321,0.051512458536974136,0.4291125180350566,-0.05078635092735253,0.525249628444554,-0.21110066358101517,0.10478759158110401,-0.24774635213501567,0.3111956909586765,-0.4642454158943574,0.42996743831580697,-0.40787231416670566,0.48377976968048675,-0.3173409492388759,0.06874797702001036,-0.38362456587529686,0.3068073608954709,-0.6003597861983746,0.4991151815499956,-0.6385065334379944,0.6294474271882099,-0.6510082261618422,0.06401630611963265,-0.4691847513364185,0.20743676512613402,-0.7090347430739884,0.34690680926551615,-0.8180712373722868,0.4521072558328339,-0.8919635806597175,0.07570330259386325,-0.5146394228989907,0.11600706350299746,-0.7243903467686494,0.16582340872719092,-0.8548653717554692,0.20885250736476643,-0.9652003680111807
OK_SIGN,-0.0,0.0,-0.1490805548159501,0.08175550289727448,-0.2888257025968321,0.051512458536974136,-0.4291125180350566,-0.05078635092735253,-0.525249628444554,-0.21110066358101517,-0.10478759158110401,-0.24774635213501567,-0.3111956909586765,-0.4642454158943574,-0.42996743831580697,-0.40787231416670566,-0.48377976968048675,-0.3173409492388759,-0.06874797702001036,-0.38362456587529686,-0.3068073608954709,-0.6003597861983746,-0.4991151815499956,-0.6385065334379944,-0.6294474271882099,-0.6510082261618422,-0.06401630611963265,-0.4691847513364185,-0.20743676512613402,-0.7090347430739884,-0.34690680926551615,-0.8180712373722868,-0.4521072558328339,-0.8919635806597175,-0.07570330259386325,-0.5146394228989907,-0.11600706350299746,-0.7243903467686494,-0.16582340872719092,-0.8548653717554692,-0.20885250736476643,-0.9652003680111807
OK_SIGN,0.0,0.0,0.15501156435426083,0.08099570819519633,0.299627752567965,0.05600531008181774,0.4418686026565506,-0.04626766446776817,0.5386615300714486,-0.20389037979016691,0.1119299347102195,-0.24074009874402783,0.3290029408129651,-0.4483885956352669,0.45005193266104493,-0.39689598774316465,0.5023802913657626,-0.3135361477358242,0.07752479288664064,-0.37417654895405694,0.3126293168809138,-0.5912717275474734,0.5005811978628084,-0.6509400611602659,0.6288621037438523,-0.6797193937353964,0.07357376711222273,-0.4583520484557515,0.2210817443889819,-0.6941837020718806,0.3560039115641441,-0.8108110030006159,0.45703026384041595,-0.8894511442085843,0.08614660990880639,-0.5020185675919661,0.14289401804481028,-0.7131886483354238,0.1984274623053113,-0.8485536249632619,0.24468119892695409,-0.9636894456801915
OK_SIGN,-0.0,0.0,-0.15501156435426083,0.08099570819519633,-0.299627752567965,0.05600531008181774,-0.4418686026565506,-0.04626766446776817,-0.5386615300714486,-0.20389037979016691,-0.1119299347102195,-0.24074009874402783,-0.3290029408129651,-0.4483885956352669,-0.45005193266104493,-0.39689598774316465,-0.5023802913657626,-0.3135361477358242,-0.07752479288664064,-0.37417654895405694,-0.3126293168809138,-0.5912717275474734,-0.5005811978628084,-0.6509400611602659,-0.6288621037438523,-0.6797193937353964,-0.07357376711222273,-0.4583520484557515,-0.2210817443889819,-0.6941837020718806,-0.3560039115641441,-0.8108110030006159,-0.45703026384041595,-0.8894511442085843,-0.08614660990880639,-0.5020185675919661,-0.14289401804481028,-0.7131886483354238,-0.1984274623053113,-0.8485536249632619,-0.24468119892695409,-0.9636894456801915
OK_SIGN,0.0,0.0,0.1575768547758846,0.11170096875318863,0.3438010264743281,0.07655293918871843,0.5150801066326448,-0.042010896734745284,0.614733997228257,-0.24577663696744279,0.10848393298030937,-0.31224598172371565,0.3927077223496047,-0.5407996839694132,0.5409535607861858,-0.44894251019031034,0.5858100128977635,-0.3133085477728687,0.0705297886877503,-0.47264702009632525,0.339165195935689,-0.758267941017908,0.5598034708408269,-0.7278856241284563,0.6812208279864357,-0.6366821353872717,0.07941160906698025,-0.575685909227569,0.27765148126402456,-0.8667286564734644,0.4784755902538619,-0.8670707020996363,0.6016647651148211,-0.7987487154414254,0.10517801003107471,-0.6219895222857762,0.2196355498402853,-0.8812622441020707,0.357739798604766,-0.9057747044405966,0.4646606773035913,-0.8544525116909196
OK_SIGN,-0.0,0.0,-0.1575768547758846,0.11170096875318863,-0.3438010264743281,0.07655293918871843,-0.5150801066326448,-0.042010896734745284,-0.614733997228257,-0.24577663696744279,-0.10848393298030937,-0.31224598172371565,-0.3927077223496047,-0.5407996839694132,-0.5409535607861858,-0.44894251019031034,-0.5858100128977635,-0.3133085477728687,-0.0705297886877503,-0.47264702009632525,-0.339165195935689,-0.758267941017908,-0.5598034708408269,-0.7278856241284563,-0.6812208279864357,-0.6366821353872717,-0.07941160906698025,-0.575685909227569,-0.27765148126402456,-0.8667286564734644,-0.4784755902538619,-0.8670707020996363,-0.6016647651148211,-0.7987487154414254,-0.10517801003107471,-0.6219895222857762,-0.2196355498402853,-0.8812622441020707,-0.357739798604766,-0.9057747044405966,-0.4646606773035913,-0.8544525116909196
OK_SIGN,0.0,0.0,0.15974372551672547,0.10980050891652884,0.34291033279956307,0.07365920699976977,0.510887484627404,-0.04528226163668225,0.6024321708465745,-0.24992332183838928,0.10780650671383804,-0.31647462049075276,0.38588782992135146,-0.5412055671008624,0.5296896119267022,-0.44742845807207765,0.5699859565895485,-0.31185722406065614,0.07043127021935648,-0.47361778642974955,0.33721232015386204,-0.7573324560901807,0.5557988271226916,-0.7283730352725133,0.6758561233883259,-0.6394563485882463,0.07896567256424183,-0.573650150311483,0.27684412653697993,-0.8652572616403715,0.473457272274666,-0.8691176606504984,0.5934163219803448,-0.8048956881530176,0.1045047890695519,-0.6173183476140524,0.21965023705694164,-0.8745723595500596,0.355254379828192,-0.9021582474064741,0.45952947918628545,-0.8564532569190457
OK_SIGN,-0.0,0.0,-0.15974372551672547,0.10980050891652884,-0.34291033279956307,0.07365920699976977,-0.510887484627404,-0.04528226163668225,-0.6024321708465745,-0.24992332183838928,-0.10780650671383804,-0.31647462049075276,-0.38588782992135146,-0.5412055671008624,-0.5296896119267022,-0.44742845807207765,-0.5699859565895485,-0.31185722406065614,-0.07043127021935648,-0.47361778642974955,-0.33721232015386204,-0.7573324560901807,-0.5557988271226916,-0.7283730352725133,-0.6758561233883259,-0.6394563485882463,-0.07896567256424183,-0.573650150311483,-0.27684412653697993,-0.8652572616403715,-0.473457272274666,-0.8691176606504984,-0.5934163219803448,-0.8048956881530176,-0.1045047890695519,-0.6173183476140524,-0.21965023705694164,-0.8745723595500596,-0.355254379828192,-0.9021582474064741,-0.45952947918628545,-0.8564532569190457
OK_SIGN,0.0,0.0,0.16088924630100782,0.09748047149349706,0.34189806420808216,0.058052594580542266,0.5128533733037779,-0.05922057999063852,0.6021721747743515,-0.25845564283582084,0.12649114604898345,-0.3276191635922486,0.40022126687328846,-0.5391446690895633,0.5314429398180996,-0.44071567441270776,0.5638347275523831,-0.31120543486657576,0.08953928661446998,-0.4743956868194484,0.35998788919423064,-0.7311966216626535,0.5710182097943508,-0.7110437587527005,0.6902258137047691,-0.6381532858254259,0.09175641305933582,-0.5627893062163717,0.29628284038062386,-0.8343332670879735,0.48633275808954524,-0.8468733015267856,0.6057960912895944,-0.795619944306482,0.1121334808119435,-0.5990599028233083,0.23364897181692934,-0.8416973407046552,0.3683918975912553,-0.8757986089957698,0.47304590113254175,-0.8430412678660175
OK_SIGN,-0.0,0.0,-0.16088924630100782,0.09748047149349706,-0.34189806420808216,0.058052594580542266,-0.5128533733037779,-0.05922057999063852,-0.6021721747743515,-0.25845564283582084,-0.12649114604898345,-0.3276191635922486,-0.40022126687328846,-0.5391446690895633,-0.5314429398180996,-0.44071567441270776,-0.5638347275523831,-0.31120543486657576,-0.08953928661446998,-0.4743956868194484,-0.35998788919423064,-0.7311966216626535,-0.5710182097943508,-0.7110437587527005,-0.6902258137047691,-0.6381532858254259,-0.09175641305933582,-0.5627893062163717,-0.29628284038062386,-0.8343332670879735,-0.48633275808954524,-0.8468733015267856,-0.6057960912895944,-0.795619944306482,-0.1121334808119435,-0.5990599028233083,-0.23364897181692934,-0.8416973407046552,-0.3683918975912553,-0.8757986089957698,-0.47304590113254175,-0.8430412678660175
OK_SIGN,0.0,0.0,0.1525174905356897,0.08583581243921926,0.3233768161578555,0.044977231291030886,0.48670245911089005,-0.06738797480028096,0.5766754966979325,-0.25503856910757483,0.09805245033039131,-0.31751416951372136,0.3639193543126458,-0.5298996155255705,0.5020508607023948,-0.4529004151913905,0.5468242134531804,-0.33373229213170363,0.05685782233728715,-0.4603273808847912,0.318918100539212,-0.7206487528512123,0.5318895522370397,-0.7263415453632631,0.6606041562219188,-0.6747681333371764,0.0583465911259109,-0.5491915442562293,0.2506288807857314,-0.8210307588543312,0.4319038725421156,-0.8593142013312488,0.5541100805510545,-0.8324434026597267,0.08240434817775517,-0.5869732829928501,0.19259779683576722,-0.8159935389940282,0.31261804824894507,-0.8605967697040047,0.41035293743649276,-0.8475020163129504
OK_SIGN,-0.0,0.0,-0.1525174905356897,0.08583581243921926,-0.3233768161578555,0.044977231291030886,-0.48670245911089005,-0.06738797480028096,-0.5766754966979325,-0.25503856910757483,-0.09805245033039131,-0.31751416951372136,-0.3639193543126458,-0.5298996155255705,-0.5020508607023948,-0.4529004151913905,-0.5468242134531804,-0.33373229213170363,-0.05685782233728715,-0.4603273808847912,-0.318918100539212,-0.7206487528512123,-0.5318895522370397,-0.7263415453632631,-0.6606041562219188,-0.6747681333371764,-0.0583465911259109,-0.5491915442562293,-0.2506288807857314,-0.8210307588543312,-0.4319038725421156,-0.8593142013312488,-0.5541100805510545,-0.8324434026597267,-0.08240434817775517,-0.5869732829928501,-0.19259779683576722,-0.8159935389940282,-0.31261804824894507,-0.8605967697040047,-0.41035293743649276,-0.8475020163129504
OK_SIGN,0.0,0.0,0.14341413833824826,0.10014246548598399,0.30424877536597644,0.07624539664812184,0.461783719285884,-0.020775819740007993,0.5602527398016373,-0.20668805485224423,0.09473143119643199,-0.3218472834721203,0.35299354243137576,-0.4992839061635837,0.48915492698315105,-0.4205493329166218,0.535169144329556,-0.3001061450888161,0.06971737065273514,-0.46375277462040887,0.3023961041178349,-0.7295427372022464,0.5141715081680018,-0.7589436694590537,0.6542198952164644,-0.7243538670088825,0.0823229232262382,-0.544548710819326,0.24417207485909456,-0.799909998679394,0.42536062844885847,-0.8491064820233105,0.5555774719730525,-0.8314647753429077,0.10898687378317556,-0.5729153110164155,0.19683582468678146,-0.8008594981264828,0.316117257698605,-0.8539555871728561,0.4195141316702992,-0.8469329939993355
OK_SIGN,-0.0,0.0,-0.14341413833824826,0.10014246548598399,-0.30424877536597644,0.07624539664812184,-0.461783719285884,-0.020775819740007993,-0.5602527398016373,-0.20668805485224423,-0.09473143119643199,-0.3218472834721203,-0.35299354243137576,-0.4992839061635837,-0.48915492698315105,-0.4205493329166218,-0.535169144329556,-0.3001061450888161,-0.06971737065273514,-0.46375277462040887,-0.3023961041178349,-0.7295427372022464,-0.5141715081680018,-0.7589436694590537,-0.6542198952164644,-0.7243538670088825,-0.0823229232262382,-0.544548710819326,-0.24417207485909456,-0.799909998679394,-0.42536062844885847,-0.8491064820233105,-0.5555774719730525,-0.8314647753429077,-0.10898687378317556,-0.5729153110164155,-0.19683582468678146,-0.8008594981264828,-0.316117257698605,-0.8539555871728561,-0.4195141316702992,-0.8469329939993355
OK_SIGN,0.0,0.0,0.13714611835708526,0.09750168306963357,0.2883615634034595,0.0893126485468752,0.4380376532181064,0.010298997789107072,0.5464749251496539,-0.17125246030371466,0.09921715906491961,-0.2848505187942096,0.34262053616993515,-0.4272484720031849,0.4705427237739064,-0.36979699915645964,0.5183658188925778,-0.26443910166862516,0.0733283197946304,-0.4175374287329518,0.26186800411276995,-0.7043525821144377,0.45508850026051645,-0.7818746012215562,0.5980861106404213,-0.7917072358766213,0.08718550479133862,-0.49008748066712465,0.21257435871665506,-0.748192210669959,0.38614012624087446,-0.8309678075771458,0.5223179123885155,-0.8527508419216618,0.1156763996970341,-0.5270448708460861,0.17639880529204047,-0.7474502957286525,0.26895491440400265,-0.8526047662647988,0.36014463514156875,-0.9182353969279375
OK_SIGN,-0.0,0.0,-0.13714611835708526,0.09750168306963357,-0.2883615634034595,0.0893126485468752,-0.4380376532181064,0.010298997789107072,-0.5464749251496539,-0.17125246030371466,-0.09921715906491961,-0.2848505187942096,-0.34262053616993515,-0.4272484720031849,-0.4705427237739064,-0.36979699915645964,-0.5183658188925778,-0.26443910166862516,-0.0733283197946304,-0.4175374287329518,-0.26186800411276995,-0.7043525821144377,-0.45508850026051645,-0.7818746012215562,-0.5980861106404213,-0.7917072358766213,-0.08718550479133862,-0.49008748066712465,-0.21257435871665506,-0.748192210669959,-0.38614012624087446,-0.8309678075771458,-0.5223179123885155,-0.8527508419216618,-0.1156763996970341,-0.5270448708460861,-0.17639880529204047,-0.7474502957286525,-0.26895491440400265,-0.8526047662647988,-0.36014463514156875,-0.9182353969279375
OK_SIGN,0.0,0.0,0.1486700952882152,0.0748738626790217,0.30139253953930517,0.05164278591591843,0.4532137560464046,-0.04428550641359083,0.543486721669089,-0.21300749689428514,0.12779102273556361,-0.28562334548086077,0.36661541006718495,-0.4297027189831341,0.4891048755734469,-0.3704574269952413,0.542670800610474,-0.28774467591153646,0.08502109692454392,-0.42097731642863934,0.3100197710637872,-0.6526275803647054,0.5021051802530401,-0.7222488507262007,0.643227201727527,-0.7481767765381868,0.07801951655143514,-0.49635071769035466,0.19770994187110244,-0.7443301766873535,0.33062161698950693,-0.8468901190794978,0.4372075364380197,-0.8993606451706666,0.08919541595501017,-0.52629191701838,0.1276860175224624,-0.7524134072379896,0.18558135734498812,-0.8781362453666599,0.24165373913026741,-0.9681373713067293
OK_SIGN,-0.0,0.0,-0.1486700952882152,0.0748738626790217,-0.30139253953930517,0.05164278591591843,-0.4532137560464046,-0.04428550641359083,-0.543486721669089,-0.21300749689428514,-0.12779102273556361,-0.28562334548086077,-0.36661541006718495,-0.4297027189831341,-0.4891048755734469,-0.3704574269952413,-0.542670800610474,-0.28774467591153646,-0.08502109692454392,-0.42097731642863934,-0.3100197710637872,-0.6526275803647054,-0.5021051802530401,-0.7222488507262007,-0.643227201727527,-0.7481767765381868,-0.07801951655143514,-0.49635071769035466,-0.19770994187110244,-0.7443301766873535,-0.33062161698950693,-0.8468901190794978,-0.4372075364380197,-0.8993606451706666,-0.08919541595501017,-0.52629191701838,-0.1276860175224624,-0.7524134072379896,-0.18558135734498812,-0.8781362453666599,-0.24165373913026741,-0.9681373713067293
OK_SIGN,0.0,0.0,0.15046028981869372,0.06883713420861377,0.3043139841735731,0.04508051464321732,0.4583309646655597,-0.054944431056431355,0.5423565770890197,-0.2225922993188094,0.1274237222920532,-0.28285858401655023,0.3629842066199211,-0.42776658761117775,0.48363171352557144,-0.3744353439375919,0.5391172987359085,-0.2952539931173462,0.0823826352770642,-0.4177706882081165,0.3058566797362528,-0.6504609208527357,0.4953316033340647,-0.7281991408280499,0.6349715182349668,-0.7565158244663199,0.07241286165594014,-0.49211940658418096,0.1877158938164086,-0.744914702857833,0.3166237676171055,-0.8508694045394753,0.42197478850209613,-0.9066075655257964,0.08193770046639047,-0.5195146784985207,0.11632719467311485,-0.7467648542689196,0.17181166475861315,-0.8751734707489393,0.22725001646685042,-0.9667857553612735
OK_SIGN,-0.0,0.0,-0.15046028981869372,0.06883713420861377,-0.3043139841735731,0.04508051464321732,-0.4583309646655597,-0.054944431056431355,-0.5423565770890197,-0.2225922993188094,-0.1274237222920532,-0.28285858401655023,-0.3629842066199211,-0.42776658761117775,-0.48363171352557144,-0.3744353439375919,-0.5391172987359085,-0.2952539931173462,-0.0823826352770642,-0.4177706882081165,-0.3058566797362528,-0.6504609208527357,-0.4953316033340647,-0.7281991408280499,-0.6349715182349668,-0.7565158244663199,-0.07241286165594014,-0.49211940658418096,-0.1877158938164086,-0.744914702857833,-0.3166237676171055,-0.8508694045394753,-0.42197478850209613,-0.9066075655257964,-0.08193770046639047,-0.5195146784985207,-0.11632719467311485,-0.7467648542689196,-0.17181166475861315,-0.8751734707489393,-0.22725001646685042,-0.9667857553612735
OK_SIGN,0.0,0.0,0.16156543945823346,0.05340040346693204,0.30851967477146375,0.03541511132899544,0.4566218875082414,-0.055126822760898954,0.5382193790183691,-0.21551240955475157,0.1495255047404653,-0.26336339609304493,0.3739544660392542,-0.4187573045472546,0.48305794662097695,-0.36857919105134557,0.529901113044682,-0.29241908437339764,0.09536501740571697,-0.3936035207477546,0.315490118061672,-0.6103927368244223,0.4929484900990122,-0.7029698425410629,0.6204274220165208,-0.7538439769207601,0.06815926497756095,-0.46979253389410547,0.18610429673665402,-0.7156457195636953,0.30361159081341854,-0.8358992843899179,0.39887684184035027,-0.9170045065557029,0.062127656905725415,-0.5043929515676802,0.08152053780370373,-0.7111113884295408,0.11465961631112537,-0.8526283170361816,0.15022347876401043,-0.9725929734295555
OK_SIGN,-0.0,0.0,-0.16156543945823346,0.05340040346693204,-0.30851967477146375,0.03541511132899544,-0.4566218875082414,-0.055126822760898954,-0.5382193790183691,-0.21551240955475157,-0.1495255047404653,-0.26336339609304493,-0.3739544660392542,-0.4187573045472546,-0.48305794662097695,-0.36857919105134557,-0.529901113044682,-0.29241908437339764,-0.09536501740571697,-0.3936035207477546,-0.315490118061672,-0.6103927368244223,-0.4929484900990122,-0.7029698425410629,-0.6204274220165208,-0.7538439769207601,-0.06815926497756095,-0.46979253389410547,-0.18610429673665402,-0.7156457195636953,-0.30361159081341854,-0.8358992843899179,-0.39887684184035027,-0.9170045065557029,-0.062127656905725415,-0.5043929515676802,-0.08152053780370373,-0.7111113884295408,-0.11465961631112537,-0.8526283170361816,-0.15022347876401043,-0.9725929734295555
OK_SIGN,0.0,0.0,0.15920759789331868,0.046487157280768555,0.30645597764874427,0.021291237494811505,0.45400918160769616,-0.0688925851174821,0.5388818862049791,-0.2218311452898731,0.156721312782126,-0.270477692662559,0.3745356467763665,-0.42011442793062664,0.48130638196018943,-0.3689945601217335,0.5280195721756741,-0.29325431149141473,0.10200876375926626,-0.3962696896584778,0.31729876749488667,-0.6072400643327347,0.49143835263198227,-0.70135650502394,0.6171118154566058,-0.755872577484223,0.0730494612053679,-0.4706336763025463,0.18684033638174427,-0.7161688005361551,0.2997826427120509,-0.8378138764624804,0.39161506265597307,-0.9201291445775197,0.06640421639780962,-0.5033227152059714,0.07918298720442414,-0.7093065517639598,0.10908060811039252,-0.8488924999202624,0.14284772147540314,-0.9696197848965781
OK_SIGN,-0.0,0.0,-0.15920759789331868,0.046487157280768555,-0.30645597764874427,0.021291237494811505,-0.45400918160769616,-0.0688925851174821,-0.5388818862049791,-0.2218311452898731,-0.156721312782126,-0.270477692662559,-0.3745356467763665,-0.42011442793062664,-0.48130638196018943,-0.3689945601217335,-0.5280195721756741,-0.29325431149141473,-0.10200876375926626,-0.3962696896584778,-0.31729876749488667,-0.6072400643327347,-0.49143835263198227,-0.70135650502394,-0.6171118154566058,-0.755872577484223,-0.0730494612053679,-0.4706336763025463,-0.18684033638174427,-0.7161688005361551,-0.2997826427120509,-0.8378138764624804,-0.39161506265597307,-0.9201291445775197,-0.06640421639780962,-0.5033227152059714,-0.07918298720442414,-0.7093065517639598,-0.10908060811039252,-0.8488924999202624,-0.14284772147540314,-0.9696197848965781
OK_SIGN,0.0,0.0,0.16060154081013145,0.04024322216401217,0.3031780004745867,0.021540919012799312,0.44657939809806535,-0.0646579710582694,0.51972303329549,-0.22564015865463044,0.1574402822080344,-0.25795565309823,0.3671018125731117,-0.3973165087143363,0.4683144515450911,-0.349394419814501,0.511221057900377,-0.27889884842308127,0.10234185045335535,-0.37957839896436585,0.310757932583152,-0.5775100783336018,0.477974449892384,-0.6761657373821441,0.5992878154410778,-0.7442705664634162,0.07165450899346637,-0.44986070449517873,0.16775638939310553,-0.6913240009620079,0.2707387234156814,-0.8305040607877785,0.35785119626203005,-0.9337786254427941,0.06117536546963971,-0.4790186751569706,0.0699252871994754,-0.6800552859406737,0.09466245017177652,-0.817593168151443,0.12446212393594465,-0.9416481966758433
OK_SIGN,-0.0,0.0,-0.16060154081013145,0.04024322216401217,-0.3031780004745867,0.021540919012799312,-0.44657939809806535,-0.0646579710582694,-0.51972303329549,-0.22564015865463044,-0.1574402822080344,-0.25795565309823,-0.3671018125731117,-0.3973165087143363,-0.4683144515450911,-0.349394419814501,-0.511221057900377,-0.27889884842308127,-0.10234185045335535,-0.37957839896436585,-0.310757932583152,-0.5775100783336018,-0.477974449892384,-0.6761657373821441,-0.5992878154410778,-0.7442705664634162,-0.07165450899346637,-0.44986070449517873,-0.16775638939310553,-0.6913240009620079,-0.2707387234156814,-0.8305040607877785,-0.35785119626203005,-0.9337786254427941,-0.06117536546963971,-0.4790186751569706,-0.0699252871994754,-0.6800552859406737,-0.09466245017177652,-0.817593168151443,-0.12446212393594465,-0.9416481966758433
OK_SIGN,0.0,0.0,0.16274511823066887,0.03531014442619088,0.30469202668039963,0.012022158724381789,0.44800235666833627,-0.08205491677715712,0.5178246843246205,-0.24477081067789738,0.1528521498146535,-0.27291490586951045,0.36852953120841314,-0.4224785575169368,0.46967668750692576,-0.37202039263939074,0.5088620998496917,-0.2972575550196286,0.09647057856470238,-0.3921884528062432,0.3052491915746896,-0.6029180181540427,0.4738082010455571,-0.6951114181606258,0.595813613990408,-0.7506578128568359,0.06621631932118682,-0.46010670882064225,0.16333089861468061,-0.7094434405247556,0.26943713450298,-0.8393166671476002,0.3617464424639415,-0.9322765208695767,0.055742669557892074,-0.4876240030193073,0.06931432660869702,-0.6928604598108902,0.09737356469648091,-0.8286680519298631,0.13315479923271892,-0.9432781111972328
OK_SIGN,-0.0,0.0,-0.16274511823066887,0.03531014442619088,-0.30469202668039963,0.012022158724381789,-0.44800235666833627,-0.08205491677715712,-0.5178246843246205,-0.24477081067789738,-0.1528521498146535,-0.27291490586951045,-0.36852953120841314,-0.4224785575169368,-0.46967668750692576,-0.37202039263939074,-0.5088620998496917,-0.2972575550196286,-0.09647057856470238,-0.3921884528062432,-0.3052491915746896,-0.6029180181540427,-0.4738082010455571,-0.6951114181606258,-0.595813613990408,-0.7506578128568359,-0.06621631932118682,-0.46010670882064225,-0.16333089861468061,-0.7094434405247556,-0.26943713450298,-0.8393166671476002,-0.3617464424639415,-0.9322765208695767,-0.055742669557892074,-0.4876240030193073,-0.06931432660869702,-0.6928604598108902,-0.09737356469648091,-0.8286680519298631,-0.13315479923271892,-0.9432781111972328
OK_SIGN,0.0,0.0,0.16297362697914064,0.05404720776748969,0.3166940454422032,0.02036190969658596,0.4533229637509475,-0.0715778475685667,0.5141192308787794,-0.24112085685781318,0.14831805933848366,-0.25320389912956703,0.36448143881917716,-0.3963995668253898,0.470872991439772,-0.35795306627986234,0.5168641728132067,-0.2870712678170957,0.0854330066088814,-0.37198104081343275,0.2609264219401461,-0.6400904757001712,0.42223452564056413,-0.7374972183823945,0.5464267123508683,-0.782851711096466,0.05916114214224429,-0.4479138228549343,0.16286479949400637,-0.7121951472308651,0.27837759533712214,-0.8426539301031193,0.37532285841962654,-0.9268941427950232,0.0560773509927398,-0.4816005570656712,0.0673226450284895,-0.6964601609345032,0.0899006780587185,-0.8395781972937897,0.11685542701601843,-0.95580004728675
OK_SIGN,-0.0,0.0,-0.16297362697914064,0.05404720776748969,-0.3166940454422032,0.02036190969658596,-0.4533229637509475,-0.0715778475685667,-0.5141192308787794,-0.24112085685781318,-0.14831805933848366,-0.25320389912956703,-0.36448143881917716,-0.3963995668253898,-0.470872991439772,-0.35795306627986234,-0.5168641728132067,-0.2870712678170957,-0.0854330066088814,-0.37198104081343275,-0.2609264219401461,-0.6400904757001712,-0.42223452564056413,-0.7374972183823945,-0.5464267123508683,-0.782851711096466,-0.05916114214224429,-0.4479138228549343,-0.16286479949400637,-0.7121951472308651,-0.27837759533712214,-0.8426539301031193,-0.37532285841962654,-0.9268941427950232,-0.0560773509927398,-0.4816005570656712,-0.0673226450284895,-0.6964601609345032,-0.0899006780587185,-0.8395781972937897,-0.11685542701601843,-0.95580004728675
OK_SIGN,0.0,0.0,0.16298275787698788,0.0556028518402557,0.31642431821932077,0.02130568999248796,0.451068598642792,-0.07211841680511263,0.5129477937949195,-0.2415687324698715,0.14624700654594402,-0.2527466433681798,0.36610229943316813,-0.39793994623311035,0.47164006949785053,-0.35855516170072943,0.5161488304840277,-0.2856034657059159,0.08294437876770618,-0.371670220496223,0.26053833560466394,-0.6421823476138111,0.4214636130209701,-0.7383990271349836,0.5448614818849868,-0.7813156835310463,0.057248693333725724,-0.44632165363794596,0.16401336342081305,-0.7133814426838203,0.2806353024593385,-0.8425782139827751,0.37808054887879544,-0.9257727035074585,0.05548220177659163,-0.47795229032865405,0.06862535933691223,-0.6950129467412174,0.09158347895134661,-0.8399512969716156,0.11855495943353268,-0.9562079520673897
OK_SIGN,-0.0,0.0,-0.16298275787698788,0.0556028518402557,-0.31642431821932077,0.02130568999248796,-0.451068598642792,-0.07211841680511263,-0.5129477937949195,-0.2415687324698715,-0.14624700654594402,-0.2527466433681798,-0.36610229943316813,-0.39793994623311035,-0.47164006949785053,-0.35855516170072943,-0.5161488304840277,-0.2856034657059159,-0.08294437876770618,-0.371670220496223,-0.26053833560466394,-0.6421823476138111,-0.4214636130209701,-0.7383990271349836,-0.5448614818849868,-0.7813156835310463,-0.057248693333725724,-0.44632165363794596,-0.16401336342081305,-0.7133814426838203,-0.2806353024593385,-0.8425782139827751,-0.37808054887879544,-0.9257727035074585,-0.05548220177659163,-0.47795229032865405,-0.06862535933691223,-0.6950129467412174,-0.09158347895134661,-0.8399512969716156,-0.11855495943353268,-0.9562079520673897
OK_SIGN,0.0,0.0,0.16238844760977988,0.05582283501208611,0.31637313069166667,0.020975099517081108,0.45345825584568966,-0.07092814837344247,0.5160289725662814,-0.2407339956970669,0.14915253041981086,-0.25767288084189116,0.3692352790665884,-0.3983890863456776,0.4752460117002855,-0.3583330421154426,0.5193909719578945,-0.2865303010182602,0.08613902426453476,-0.377167276210458,0.26451908059279794,-0.6417107173870411,0.4268749678144466,-0.7369537535486677,0.5510243841492655,-0.7799099810053587,0.05923522737603916,-0.4506887122205132,0.1637420522048782,-0.7134359185868157,0.27938787338413507,-0.8432283128969538,0.37552500665847993,-0.9268122622053232,0.055320895532459294,-0.4815036565625514,0.06870600139567508,-0.6961310674169566,0.09193421608363615,-0.8409888906032341,0.11837301241693744,-0.9587333044268118
OK_SIGN,-0.0,0.0,-0.16238844760977988,0.05582283501208611,-0.31637313069166667,0.020975099517081108,-0.45345825584568966,-0.07092814837344247,-0.5160289725662814,-0.2407339956970669,-0.14915253041981086,-0.25767288084189116,-0.3692352790665884,-0.3983890863456776,-0.4752460117002855,-0.3583330421154426,-0.5193909719578945,-0.2865303010182602,-0.08613902426453476,-0.377167276210458,-0.26451908059279794,-0.6417107173870411,-0.4268749678144466,-0.7369537535486677,-0.5510243841492655,-0.7799099810053587,-0.05923522737603916,-0.4506887122205132,-0.1637420522048782,-0.7134359185868157,-0.27938787338413507,-0.8432283128969538,-0.37552500665847993,-0.9268122622053232,-0.055320895532459294,-0.4815036565625514,-0.06870600139567508,-0.6961310674169566,-0.09193421608363615,-0.8409888906032341,-0.11837301241693744,-0.9587333044268118
OK_SIGN,0.0,0.0,0.16495293684689608,0.05242063363188208,0.31876725727376737,0.023248871814591378,0.45296071102294044,-0.07353268965286712,0.5206998255512647,-0.2429525589463827,0.15277055898210531,-0.25702110134736345,0.37335843758072973,-0.4044929891216336,0.47468695346888995,-0.3618366162285503,0.5136334823651106,-0.28486132279433884,0.09120680259978406,-0.3750634664934543,0.2687452289933479,-0.643028698475857,0.4294731162017584,-0.7331908706854506,0.5519557134714285,-0.7687053021404582,0.06521316917466971,-0.4484819293205338,0.16626615036826065,-0.7191287268825949,0.2815035596844301,-0.8448531225455373,0.37875371972074895,-0.9254974985367039,0.06140165856315377,-0.4782505776493398,0.07724845827762332,-0.6977991185253588,0.10294633427829174,-0.8389165664011636,0.13223880051453366,-0.9489673984692439
OK_SIGN,-0.0,0.0,-0.16495293684689608,0.05242063363188208,-0.31876725727376737,0.023248871814591378,-0.45296071102294044,-0.07353268965286712,-0.5206998255512647,-0.2429525589463827,-0.15277055898210531,-0.25702110134736345,-0.37335843758072973,-0.4044929891216336,-0.47468695346888995,-0.3618366162285503,-0.5136334823651106,-0.28486132279433884,-0.09120680259978406,-0.3750634664934543,-0.2687452289933479,-0.643028698475857,-0.4294731162017584,-0.7331908706854506,-0.5519557134714285,-0.7687053021404582,-0.06521316917466971,-0.4484819293205338,-0.16626615036826065,-0.7191287268825949,-0.2815035596844301,-0.8448531225455373,-0.37875371972074895,-0.9254974985367039,-0.06140165856315377,-0.4782505776493398,-0.07724845827762332,-0.6977991185253588,-0.10294633427829174,-0.8389165664011636,-0.13223880051453366,-0.9489673984692439
OK_SIGN,0.0,0.0,0.16619223312674766,0.043601176630428874,0.3197793293773265,0.012300118097296257,0.453606947512342,-0.08419713215809008,0.5220983640165543,-0.2512293461230472,0.15529944651898123,-0.2673079236501704,0.3736829869426987,-0.41132002447603444,0.4751434744671872,-0.3698708024984036,0.513963403125702,-0.29431450644818763,0.09430127227367888,-0.3837808380113004,0.2694845628123927,-0.6498490332741462,0.4284311062922586,-0.7402603727601524,0.5492567486862217,-0.7744885109872385,0.06692945307188805,-0.45467624272631724,0.16609380954140013,-0.7242170925092442,0.27887969149327757,-0.8484905476876894,0.3738633253650527,-0.9274838079163349,0.06052791075684478,-0.48253491277799404,0.0776409579002524,-0.6975736235616424,0.10409434040267013,-0.8397378451565329,0.13441611570682982,-0.9523527436434496
OK_SIGN,-0.0,0.0,-0.16619223312674766,0.043601176630428874,-0.3197793293773265,0.012300118097296257,-0.453606947512342,-0.08419713215809008,-0.5220983640165543,-0.2512293461230472,-0.15529944651898123,-0.2673079236501704,-0.3736829869426987,-0.41132002447603444,-0.4751434744671872,-0.3698708024984036,-0.513963403125702,-0.29431450644818763,-0.09430127227367888,-0.3837808380113004,-0.2694845628123927,-0.6498490332741462,-0.4284311062922586,-0.7402603727601524,-0.5492567486862217,-0.7744885109872385,-0.06692945307188805,-0.45467624272631724,-0.16609380954140013,-0.7242170925092442,-0.27887969149327757,-0.8484905476876894,-0.3738633253650527,-0.9274838079163349,-0.06052791075684478,-0.48253491277799404,-0.0776409579002524,-0.6975736235616424,-0.10409434040267013,-0.8397378451565329,-0.13441611570682982,-0.9523527436434496
OK_SIGN,0.0,0.0,0.1430881539310088,0.06596948779937614,0.2874119196863608,0.04137240517514921,0.42409745669334215,-0.05235895392946893,0.5031247087412962,-0.21749378884274648,0.12419639351871928,-0.28712286950483923,0.34020079691001237,-0.41503192612121576,0.45759860583668416,-0.3663578957961774,0.5099670393688804,-0.2851999087811034,0.07723980302222194,-0.4079392407396362,0.24473373808635385,-0.6712540879948055,0.4064781386930414,-0.7549558720105932,0.532343563905063,-0.7824962935799921,0.06660850626519171,-0.46849354433186036,0.1511491574206858,-0.7318923093816649,0.2617937595257426,-0.857693786126108,0.3591719684205586,-0.9332713952012571,0.07385014573224893,-0.48097157648249933,0.09341542414814853,-0.7035978708871355,0.13385851744937335,-0.8349593677361382,0.18136360397580648,-0.9256493283985199
OK_SIGN,-0.0,0.0,-0.1430881539310088,0.06596948779937614,-0.2874119196863608,0.04137240517514921,-0.42409745669334215,-0.05235895392946893,-0.5031247087412962,-0.21749378884274648,-0.12419639351871928,-0.28712286950483923,-0.34020079691001237,-0.41503192612121576,-0.45759860583668416,-0.3663578957961774,-0.5099670393688804,-0.2851999087811034,-0.07723980302222194,-0.4079392407396362,-0.24473373808635385,-0.6712540879948055,-0.4064781386930414,-0.7549558720105932,-0.532343563905063,-0.7824962935799921,-0.06660850626519171,-0.46849354433186036,-0.1511491574206858,-0.7318923093816649,-0.2617937595257426,-0.857693786126108,-0.3591719684205586,-0.9332713952012571,-0.07385014573224893,-0.48097157648249933,-0.09341542414814853,-0.7035978708871355,-0.13385851744937335,-0.8349593677361382,-0.18136360397580648,-0.9256493283985199
OK_SIGN,0.0,0.0,0.144998080224368,0.06478478054748683,0.28841858211739685,0.04114749702513985,0.42407495642656556,-0.05459263977152323,0.5004119432837109,-0.2215135835608548,0.11773524202603805,-0.2959606276380337,0.33800054949899927,-0.4302669415295166,0.4554472187695969,-0.37552666721153,0.504590615436065,-0.29083674775437335,0.0688065220613377,-0.41544392886976883,0.24416406327903928,-0.6765680030515474,0.41410119503309745,-0.7583258720549821,0.5422107969951684,-0.7822371539511818,0.05880109093058127,-0.4743930482490186,0.14672526261319593,-0.7375543846354629,0.26620131604435765,-0.8594719227141417,0.36839750998225634,-0.9296683680963193,0.069234930099581,-0.48585528729503713,0.09170689333842393,-0.7138276065321221,0.13709624442961246,-0.8432826996463,0.18766517317625944,-0.9308027276665041
OK_SIGN,-0.0,0.0,-0.144998080224368,0.06478478054748683,-0.28841858211739685,0.04114749702513985,-0.42407495642656556,-0.05459263977152323,-0.5004119432837109,-0.2215135835608548,-0.11773524202603805,-0.2959606276380337,-0.33800054949899927,-0.4302669415295166,-0.4554472187695969,-0.37552666721153,-0.504590615436065,-0.29083674775437335,-0.0688065220613377,-0.41544392886976883,-0.24416406327903928,-0.6765680030515474,-0.41410119503309745,-0.7583258720549821,-0.5422107969951684,-0.7822371539511818,-0.05880109093058127,-0.4743930482490186,-0.14672526261319593,-0.7375543846354629,-0.26620131604435765,-0.8594719227141417,-0.36839750998225634,-0.9296683680963193,-0.069234930099581,-0.48585528729503713,-0.09170689333842393,-0.7138276065321221,-0.13709624442961246,-0.8432826996463,-0.18766517317625944,-0.9308027276665041
OK_SIGN,0.0,0.0,0.14359377571314755,0.06783918875508049,0.2873937284552167,0.04456628567193012,0.4229394959314618,-0.05157362088076884,0.4994191756106904,-0.21940740571012476,0.11622559061831615,-0.2937875843881064,0.3364075020741449,-0.42577490368639787,0.4536060398817749,-0.37074971200024803,0.5027296114514037,-0.28569158394845345,0.06935031166536963,-0.41346190416821965,0.24330578611991174,-0.6728000065849303,0.4120681569248549,-0.7556699112080247,0.5398254529448615,-0.7812649107064951,0.06057042233652187,-0.47279092293129205,0.14773681312394707,-0.7342067404151063,0.26578784400675065,-0.8577542204000913,0.36687331547907226,-0.9302709123633788,0.07140387276200996,-0.48495442042313885,0.09222933137397221,-0.7089025357767228,0.13472753199316645,-0.8393691021503574,0.18225520495225275,-0.9301097280245358
OK_SIGN,-0.0,0.0,-0.14359377571314755,0.06783918875508049,-0.2873937284552167,0.04456628567193012,-0.4229394959314618,-0.05157362088076884,-0.4994191756106904,-0.21940740571012476,-0.11622559061831615,-0.2937875843881064,-0.3364075020741449,-0.42577490368639787,-0.4536060398817749,-0.37074971200024803,-0.5027296114514037,-0.28569158394845345,-0.06935031166536963,-0.41346190416821965,-0.24330578611991174,-0.6728000065849303,-0.4120681569248549,-0.7556699112080247,-0.5398254529448615,-0.7812649107064951,-0.06057042233652187,-0.47279092293129205,-0.14773681312394707,-0.7342067404151063,-0.26578784400675065,-0.8577542204000913,-0.36687331547907226,-0.9302709123633788,-0.07140387276200996,-0.48495442042313885,-0.09222933137397221,-0.7089025357767228,-0.13472753199316645,-0.8393691021503574,-0.18225520495225275,-0.9301097280245358
OK_SIGN,0.0,0.0,0.14243628449573537,0.06204091155460153,0.2874395023385297,0.0364546625134583,0.42984809202444946,-0.06139125703282597,0.5055876857934511,-0.2255651508124518,0.11940695485911894,-0.2978000993969665,0.3395223303841327,-0.43815763024408694,0.4537596656449367,-0.37792932052173706,0.4991325263225668,-0.28884200193051796,0.07364355042273352,-0.4196229178919753,0.2608107079990747,-0.6671150823232427,0.43634761013139434,-0.7375098124996162,0.5650582217082483,-0.753765101182839,0.0653060826915024,-0.4814118379708255,0.15993291088331907,-0.7395997535996538,0.28249605702037534,-0.8566120462168377,0.3835859463096056,-0.9235051823318395,0.07636601281474552,-0.49523569446687793,0.10770519360670351,-0.7157602334250427,0.15599445857898075,-0.8387031270390617,0.2051873253969357,-0.9233155432951363
OK_SIGN,-0.0,0.0,-0.14243628449573537,0.06204091155460153,-0.2874395023385297,0.0364546625134583,-0.42984809202444946,-0.06139125703282597,-0.5055876857934511,-0.2255651508124518,-0.11940695485911894,-0.2978000993969665,-0.3395223303841327,-0.43815763024408694,-0.4537596656449367,-0.37792932052173706,-0.4991325263225668,-0.28884200193051796,-0.07364355042273352,-0.4196229178919753,-0.2608107079990747,-0.6671150823232427,-0.43634761013139434,-0.7375098124996162,-0.5650582217082483,-0.753765101182839,-0.0653060826915024,-0.4814118379708255,-0.15993291088331907,-0.7395997535996538,-0.28249605702037534,-0.8566120462168377,-0.3835859463096056,-0.9235051823318395,-0.07636601281474552,-0.49523569446687793,-0.10770519360670351,-0.7157602334250427,-0.15599445857898075,-0.8387031270390617,-0.2051873253969357,-0.9233155432951363
OK_SIGN,0.0,0.0,0.14444518567938888,0.06437297517372595,0.2946303501794065,0.043280618103924424,0.44287056971100747,-0.047781381225716846,0.5237571197031418,-0.21154155808932112,0.12520109941842766,-0.257045602816762,0.3499900211457071,-0.36051264375292696,0.4884813275336469,-0.3460606868870191,0.5747236892036948,-0.3027899496252427,0.08337478318521765,-0.3806697198283654,0.25651780775258326,-0.6322166735131219,0.4281734098663542,-0.7113733647087177,0.5609373058648777,-0.7333581594413285,0.07970772600050671,-0.45168791705695316,0.1605086683762705,-0.7208573922360748,0.27578837467050116,-0.8461705008810925,0.37984542045300884,-0.9250499751693834,0.09162892252872615,-0.47902093498070797,0.11182892098245556,-0.6986938728306905,0.15353658806315212,-0.8299410990828612,0.20504383724604494,-0.9268586435628945
OK_SIGN,-0.0,0.0,-0.14444518567938888,0.06437297517372595,-0.2946303501794065,0.043280618103924424,-0.44287056971100747,-0.047781381225716846,-0.5237571197031418,-0.21154155808932112,-0.12520109941842766,-0.257045602816762,-0.3499900211457071,-0.36051264375292696,-0.4884813275336469,-0.3460606868870191,-0.5747236892036948,-0.3027899496252427,-0.08337478318521765,-0.3806697198283654,-0.25651780775258326,-0.6322166735131219,-0.4281734098663542,-0.7113733647087177,-0.5609373058648777,-0.7333581594413285,-0.07970772600050671,-0.45168791705695316,-0.1605086683762705,-0.7208573922360748,-0.27578837467050116,-0.8461705008810925,-0.37984542045300884,-0.9250499751693834,-0.09162892252872615,-0.47902093498070797,-0.11182892098245556,-0.6986938728306905,-0.15353658806315212,-0.8299410990828612,-0.20504383724604494,-0.9268586435628945
OK_SIGN,0.0,0.0,0.15030772279649748,0.0671873790482994,0.3020962448047599,0.0400413260267953,0.45597326540766864,-0.034070138079669715,0.5814279596064482,-0.1625344218020451,0.13791861095733757,-0.23071061076445398,0.3576233969766452,-0.34148558435968673,0.5006266488815688,-0.3343549604228818,0.5914294336953497,-0.2969193256681209,0.09262684922618493,-0.3580669925643349,0.26060882453956946,-0.6094459851491162,0.43523708408020123,-0.6942638932791755,0.5696131305284796,-0.7243279018110622,0.08558004867053538,-0.4364482151810254,0.1637249392759953,-0.7055496929486995,0.28055146175437,-0.8357663765213,0.38678000331617857,-0.9221720170525328,0.09581302345186879,-0.4735631308895405,0.11898121014056165,-0.6889481542490573,0.16182776090577272,-0.820359059306687,0.21287837412285335,-0.9249395575043198
OK_SIGN,-0.0,0.0,-0.15030772279649748,0.0671873790482994,-0.3020962448047599,0.0400413260267953,-0.45597326540766864,-0.034070138079669715,-0.5814279596064482,-0.1625344218020451,-0.13791861095733757,-0.23071061076445398,-0.3576233969766452,-0.34148558435968673,-0.5006266488815688,-0.3343549604228818,-0.5914294336953497,-0.2969193256681209,-0.09262684922618493,-0.3580669925643349,-0.26060882453956946,-0.6094459851491162,-0.43523708408020123,-0.6942638932791755,-0.5696131305284796,-0.7243279018110622,-0.08558004867053538,-0.4364482151810254,-0.1637249392759953,-0.7055496929486995,-0.28055146175437,-0.8357663765213,-0.38678000331617857,-0.9221720170525328,-0.09581302345186879,-0.4735631308895405,-0.11898121014056165,-0.6889481542490573,-0.16182776090577272,-0.820359059306687,-0.21287837412285335,-0.9249395575043198
OK_SIGN,0.0,0.0,0.14873605332515952,0.072452593739543,0.30517278422180355,0.04046708881176603,0.46098381227828183,-0.05801444476980746,0.564353550898157,-0.2173085602562322,0.13262919772116927,-0.2741294381197032,0.35757860804913766,-0.43569318687220376,0.48981958993052727,-0.4025528951902817,0.5552979710435908,-0.32662699192241323,0.08895064827194302,-0.40569988796790235,0.29481135731940644,-0.6582504915731157,0.4811924976122473,-0.7174177343713147,0.6113502892669429,-0.7102458921230904,0.08691303301043132,-0.4848333572852973,0.2178542168848233,-0.7390291342700167,0.3632799533298636,-0.8361589972478578,0.47818571000024185,-0.8782587470395979,0.10283609720937752,-0.5166910865834179,0.17162264074966066,-0.7324022857417989,0.25635487024433495,-0.8331751628455896,0.3366736201107606,-0.8926954044650185
OK_SIGN,-0.0,0.0,-0.14873605332515952,0.072452593739543,-0.30517278422180355,0.04046708881176603,-0.46098381227828183,-0.05801444476980746,-0.564353550898157,-0.2173085602562322,-0.13262919772116927,-0.2741294381197032,-0.35757860804913766,-0.43569318687220376,-0.48981958993052727,-0.4025528951902817,-0.5552979710435908,-0.32662699192241323,-0.08895064827194302,-0.40569988796790235,-0.29481135731940644,-0.6582504915731157,-0.4811924976122473,-0.7174177343713147,-0.6113502892669429,-0.7102458921230904,-0.08691303301043132,-0.4848333572852973,-0.2178542168848233,-0.7390291342700167,-0.3632799533298636,-0.8361589972478578,-0.47818571000024185,-0.8782587470395979,-0.10283609720937752,-0.5166910865834179,-0.17162264074966066,-0.7324022857417989,-0.25635487024433495,-0.8331751628455896,-0.3366736201107606,-0.8926954044650185
OK_SIGN,0.0,0.0,0.15173691459246813,0.06820081487461911,0.30590144867333097,0.03422851555007063,0.4552482653316312,-0.0735740017202234,0.554954483582523,-0.23556399438118084,0.1188520718050102,-0.2742589955221541,0.3453880793982479,-0.4408878723628114,0.4732092233013796,-0.4080606907611363,0.5351023222860324,-0.33238581627195446,0.07082063831562341,-0.41122662412835953,0.2840572187584461,-0.6661580080107753,0.47158284359455904,-0.7139242000455609,0.6017083457556076,-0.6995058116232146,0.06495825062715982,-0.4920702807378922,0.19221657121688918,-0.7583244830354734,0.3399881511331501,-0.8522879814501351,0.4562297589939788,-0.889862015712715,0.0782341119016462,-0.524278064210549,0.12193460537018805,-0.7483142504827595,0.1995366169685565,-0.8585929396312162,0.27767855453988605,-0.9224849597230084
OK_SIGN,-0.0,0.0,-0.15173691459246813,0.06820081487461911,-0.30590144867333097,0.03422851555007063,-0.4552482653316312,-0.0735740017202234,-0.554954483582523,-0.23556399438118084,-0.1188520718050102,-0.2742589955221541,-0.3453880793982479,-0.4408878723628114,-0.4732092233013796,-0.4080606907611363,-0.5351023222860324,-0.33238581627195446,-0.07082063831562341,-0.41122662412835953,-0.2840572187584461,-0.6661580080107753,-0.47158284359455904,-0.7139242000455609,-0.6017083457556076,-0.6995058116232146,-0.06495825062715982,-0.4920702807378922,-0.19221657121688918,-0.7583244830354734,-0.3399881511331501,-0.8522879814501351,-0.4562297589939788,-0.889862015712715,-0.0782341119016462,-0.524278064210549,-0.12193460537018805,-0.7483142504827595,-0.1995366169685565,-0.8585929396312162,-0.27767855453988605,-0.9224849597230084
OK_SIGN,0.0,0.0,0.1487588568965616,0.07913353134874039,0.3082031852201186,0.05836141444251997,0.458607943327401,-0.034969247555022176,0.5624478101049821,-0.19837928538655136,0.12950460548430234,-0.24951036959227701,0.36467679796180674,-0.39521973891257833,0.4964674832406283,-0.364742183191919,0.5638756776776481,-0.30223406894666754,0.08498928007492464,-0.38764723425863146,0.29088786692438096,-0.648332925842154,0.4765602082373877,-0.7195005638330911,0.6108705038284169,-0.737893453924962,0.08124367598035938,-0.4696169431933801,0.19959442306606395,-0.7316378525558228,0.3380157839237685,-0.8380782946263715,0.44764477113221035,-0.894211473242203,0.09443873032685832,-0.5033349213067491,0.13904314207637625,-0.7307682041340261,0.20844885943687505,-0.8437886875938526,0.2768056783721136,-0.9135054198702084
OK_SIGN,-0.0,0.0,-0.1487588568965616,0.07913353134874039,-0.3082031852201186,0.05836141444251997,-0.458607943327401,-0.034969247555022176,-0.5624478101049821,-0.19837928538655136,-0.12950460548430234,-0.24951036959227701,-0.36467679796180674,-0.39521973891257833,-0.4964674832406283,-0.364742183191919,-0.5638756776776481,-0.30223406894666754,-0.08498928007492464,-0.38764723425863146,-0.29088786692438096,-0.648332925842154,-0.4765602082373877,-0.7195005638330911,-0.6108705038284169,-0.737893453924962,-0.08124367598035938,-0.4696169431933801,-0.19959442306606395,-0.7316378525558228,-0.3380157839237685,-0.8380782946263715,-0.44764477113221035,-0.894211473242203,-0.09443873032685832,-0.5033349213067491,-0.13904314207637625,-0.7307682041340261,-0.20844885943687505,-0.8437886875938526,-0.2768056783721136,-0.9135054198702084
OK_SIGN,0.0,0.0,0.1571861723241406,0.08022956268599031,0.3175597505872377,0.055142873005889825,0.4777444698095535,-0.03725921539898212,0.5816916234854879,-0.1999230760388224,0.13937555746040262,-0.25430775329742983,0.3749169311685336,-0.4176399507254228,0.5028106350824824,-0.3642789067152506,0.5540721529708008,-0.27055411512887073,0.09302187375925305,-0.3970719076292741,0.31015509639653505,-0.6555752636902143,0.5106173261901357,-0.7095049545108484,0.6501915737098807,-0.7020007828164647,0.08890862733544398,-0.4845583142795291,0.21546772736120542,-0.7514327826453433,0.37119071642281865,-0.8407095557548032,0.49267347515379173,-0.8702142534341104,0.10409125571116055,-0.5214417088110571,0.15285052066463528,-0.7553714853711884,0.23124556354490006,-0.8632707085087308,0.30588446743874165,-0.9253622144232907
OK_SIGN,-0.0,0.0,-0.1571861723241406,0.08022956268599031,-0.3175597505872377,0.055142873005889825,-0.4777444698095535,-0.03725921539898212,-0.5816916234854879,-0.1999230760388224,-0.13937555746040262,-0.25430775329742983,-0.3749169311685336,-0.4176399507254228,-0.5028106350824824,-0.3642789067152506,-0.5540721529708008,-0.27055411512887073,-0.09302187375925305,-0.3970719076292741,-0.31015509639653505,-0.6555752636902143,-0.5106173261901357,-0.7095049545108484,-0.6501915737098807,-0.7020007828164647,-0.08890862733544398,-0.4845583142795291,-0.21546772736120542,-0.7514327826453433,-0.37119071642281865,-0.8407095557548032,-0.49267347515379173,-0.8702142534341104,-0.10409125571116055,-0.5214417088110571,-0.15285052066463528,-0.7553714853711884,-0.23124556354490006,-0.8632707085087308,-0.30588446743874165,-0.9253622144232907
OK_SIGN,0.0,0.0,0.15634470725006624,0.08173698733734164,0.31727488541468124,0.05485599522260228,0.48013626245580016,-0.036145859804485224,0.5847190690938652,-0.19975587101165732,0.14154722511925222,-0.2623248776839577,0.37915183872074704,-0.4271889377667418,0.5033870720449648,-0.36146708949719863,0.5463510481988012,-0.2595445335728101,0.0959181459932556,-0.40378640845248925,0.3159561975242688,-0.6608929420796699,0.5170602165671323,-0.7076989538303772,0.6551963906198317,-0.697473338960863,0.09251549973157631,-0.4891373752379689,0.22189707306257236,-0.7549791872003911,0.379323660659553,-0.8398405957638568,0.4997655542666825,-0.8661607187863668,0.10850057212627055,-0.5237993970686508,0.15782611909462776,-0.7585806027649553,0.23595865820585282,-0.8648104045683375,0.3097345623785183,-0.9264604281428184
OK_SIGN,-0.0,0.0,-0.15634470725006624,0.08173698733734164,-0.31727488541468124,0.05485599522260228,-0.48013626245580016,-0.036145859804485224,-0.5847190690938652,-0.19975587101165732,-0.14154722511925222,-0.2623248776839577,-0.37915183872074704,-0.4271889377667418,-0.5033870720449648,-0.36146708949719863,-0.5463510481988012,-0.2595445335728101,-0.0959181459932556,-0.40378640845248925,-0.3159561975242688,-0.6608929420796699,-0.5170602165671323,-0.7076989538303772,-0.6551963906198317,-0.697473338960863,-0.09251549973157631,-0.4891373752379689,-0.22189707306257236,-0.7549791872003911,-0.379323660659553,-0.8398405957638568,-0.4997655542666825,-0.8661607187863668,-0.10850057212627055,-0.5237993970686508,-0.15782611909462776,-0.7585806027649553,-0.23595865820585282,-0.8648104045683375,-0.3097345623785183,-0.9264604281428184
OK_SIGN,0.0,0.0,0.15273947986142042,0.0746102322504208,0.30275005616981215,0.05116009237854745,0.4527595532039055,-0.047598653235930356,0.5521253491006999,-0.19891689488851907,0.12230983914380424,-0.2405868453398774,0.346349167919063,-0.4184382984294527,0.4637860005843588,-0.36957822260195805,0.5169949706868245,-0.2888966573173728,0.07766806540117077,-0.3779607800356591,0.3156851586364879,-0.5966485687127059,0.5028124761944641,-0.6546285123619284,0.633176026195348,-0.6671746609756702,0.06736423367406578,-0.4608346835047538,0.19886899171388878,-0.708397625825279,0.3242495322789243,-0.8302284332227804,0.42478725402161316,-0.9052932059950397,0.0757618179268449,-0.4996346775543888,0.1156286331099273,-0.7104250010843286,0.16950990807921465,-0.8338773766046701,0.22317076202832276,-0.9312682665775386
OK_SIGN,-0.0,0.0,-0.15273947986142042,0.0746102322504208,-0.30275005616981215,0.05116009237854745,-0.4527595532039055,-0.047598653235930356,-0.5521253491006999,-0.19891689488851907,-0.12230983914380424,-0.2405868453398774,-0.346349167919063,-0.4184382984294527,-0.4637860005843588,-0.36957822260195805,-0.5169949706868245,-0.2888966573173728,-0.07766806540117077,-0.3779607800356591,-0.3156851586364879,-0.5966485687127059,-0.5028124761944641,-0.6546285123619284,-0.633176026195348,-0.6671746609756702,-0.06736423367406578,-0.4608346835047538,-0.19886899171388878,-0.708397625825279,-0.3242495322789243,-0.8302284332227804,-0.42478725402161316,-0.9052932059950397,-0.0757618179268449,-0.4996346775543888,-0.1156286331099273,-0.7104250010843286,-0.16950990807921465,-0.8338773766046701,-0.22317076202832276,-0.9312682665775386
OK_SIGN,0.0,0.0,0.15288849568072257,0.09147914039182341,0.30946337831148796,0.07413906452650763,0.4562195170478744,-0.0303292035607518,0.5329963031133059,-0.2012709397185935,0.1313481765093097,-0.23952095047895272,0.36984330345393335,-0.3995729506848103,0.5041671067095657,-0.37384423850428145,0.5805158222644806,-0.317881983856023,0.0870950457390832,-0.3815192808491049,0.3170175991501335,-0.6132389575588693,0.5065050500835521,-0.6673235412376284,0.6421011287020355,-0.6755725501405847,0.07809637674449016,-0.46582830459356467,0.20455467418642728,-0.7168497106776196,0.3315163516349136,-0.8302034688361298,0.43391846033329884,-0.900952146221973,0.08629532243628675,-0.5015172772585088,0.12689967806862817,-0.7151326198193872,0.18028037128104754,-0.838095251395305,0.2331601747667181,-0.9329625462631445
OK_SIGN,-0.0,0.0,-0.15288849568072257,0.09147914039182341,-0.30946337831148796,0.07413906452650763,-0.4562195170478744,-0.0303292035607518,-0.5329963031133059,-0.2012709397185935,-0.1313481765093097,-0.23952095047895272,-0.36984330345393335,-0.3995729506848103,-0.5041671067095657,-0.37384423850428145,-0.5805158222644806,-0.317881983856023,-0.0870950457390832,-0.3815192808491049,-0.3170175991501335,-0.6132389575588693,-0.5065050500835521,-0.6673235412376284,-0.6421011287020355,-0.6755725501405847,-0.07809637674449016,-0.46582830459356467,-0.20455467418642728,-0.7168497106776196,-0.3315163516349136,-0.8302034688361298,-0.43391846033329884,-0.900952146221973,-0.08629532243628675,-0.5015172772585088,-0.12689967806862817,-0.7151326198193872,-0.18028037128104754,-0.838095251395305,-0.2331601747667181,-0.9329625462631445
OK_SIGN,0.0,0.0,0.15364337997562855,0.08323364001042889,0.3100530267322485,0.06229793707469957,0.45567290343486233,-0.04233915519651656,0.5354932859342498,-0.20834857272207344,0.13064260809003975,-0.24774827115426817,0.36532091646193543,-0.4070922607977494,0.49823408614445763,-0.38476072500916403,0.5745394449713388,-0.3311256111213384,0.08447179497491808,-0.3866510698124549,0.31213377823965366,-0.6190230194496443,0.4999382005768936,-0.6751459494907346,0.634370618021653,-0.6844151080818472,0.07394879886177054,-0.4688699460721294,0.19902878674410138,-0.7219240355542961,0.3250074533588322,-0.8348168011352357,0.4271908219931873,-0.9041614908879857,0.08139443398174351,-0.5032505442393802,0.12151203557810789,-0.7183845505012701,0.1752565012122982,-0.8381408214845906,0.2289238325281253,-0.9280673338528
OK_SIGN,-0.0,0.0,-0.15364337997562855,0.08323364001042889,-0.3100530267322485,0.06229793707469957,-0.45567290343486233,-0.04233915519651656,-0.5354932859342498,-0.20834857272207344,-0.13064260809003975,-0.24774827115426817,-0.36532091646193543,-0.4070922607977494,-0.49823408614445763,-0.38476072500916403,-0.5745394449713388,-0.3311256111213384,-0.08447179497491808,-0.3866510698124549,-0.31213377823965366,-0.6190230194496443,-0.4999382005768936,-0.6751459494907346,-0.634370618021653,-0.6844151080818472,-0.07394879886177054,-0.4688699460721294,-0.19902878674410138,-0.7219240355542961,-0.3250074533588322,-0.8348168011352357,-0.4271908219931873,-0.9041614908879857,-0.08139443398174351,-0.5032505442393802,-0.12151203557810789,-0.7183845505012701,-0.1752565012122982,-0.8381408214845906,-0.2289238325281253,-0.9280673338528
OK_SIGN,0.0,0.0,0.15548190865851555,0.05971318129426281,0.2944455171070729,0.027512604336295734,0.42158106293156905,-0.09474982901297474,0.4764122396688315,-0.2741212381224166,0.10235876661007011,-0.2779446655104085,0.3197486907850482,-0.4749869899579626,0.4441880064178412,-0.42322819524898575,0.49708708478307706,-0.33664314283158886,0.05547560100323626,-0.4044064264215615,0.2644005149913946,-0.6553359408496737,0.44925246642635064,-0.717564490747845,0.5768483033140331,-0.7263509580795764,0.04675817313660462,-0.47969744444676243,0.15563198351035454,-0.7444265470260013,0.2852969910494963,-0.8605443002062645,0.3879767953666585,-0.9216691414260424,0.05739268350132257,-0.5130758028020573,0.0928593388726486,-0.7249801513976866,0.1520033430457669,-0.8443419205619997,0.20837888983465364,-0.9334109676344018
OK_SIGN,-0.0,0.0,-0.15548190865851555,0.05971318129426281,-0.2944455171070729,0.027512604336295734,-0.42158106293156905,-0.09474982901297474,-0.4764122396688315,-0.2741212381224166,-0.10235876661007011,-0.2779446655104085,-0.3197486907850482,-0.4749869899579626,-0.4441880064178412,-0.42322819524898575,-0.49708708478307706,-0.33664314283158886,-0.05547560100323626,-0.4044064264215615,-0.2644005149913946,-0.6553359408496737,-0.44925246642635064,-0.717564490747845,-0.5768483033140331,-0.7263509580795764,-0.04675817313660462,-0.47969744444676243,-0.15563198351035454,-0.7444265470260013,-0.2852969910494963,-0.8605443002062645,-0.3879767953666585,-0.9216691414260424,-0.05739268350132257,-0.5130758028020573,-0.0928593388726486,-0.7249801513976866,-0.1520033430457669,-0.8443419205619997,-0.20837888983465364,-0.9334109676344018
OK_SIGN,0.0,0.0,0.15952787558008583,0.07184200831650105,0.3074930657514668,0.04266013502879868,0.4398389806097608,-0.07552087774181213,0.496725135887376,-0.2607112960713816,0.11477393136911036,-0.2659497029323146,0.33363874927192033,-0.462758205674186,0.45345518501620824,-0.41793358291933014,0.5029097645585919,-0.3354660627850215,0.06496612982844516,-0.3985590404795155,0.281764880731157,-0.6577354683171852,0.4665547019515106,-0.7231214013809006,0.5943227299640245,-0.7367362400183842,0.053587225705941384,-0.478802832658959,0.1697189021462615,-0.7418192052991165,0.3027837236429139,-0.8555275807947256,0.40766812194462343,-0.9131301672544521,0.06143544633571425,-0.5106430045137187,0.09443805829984996,-0.7371438366935399,0.15317209898558465,-0.8603172471904662,0.20817588318874253,-0.9445257813114712
OK_SIGN,-0.0,0.0,-0.15952787558008583,0.07184200831650105,-0.3074930657514668,0.04266013502879868,-0.4398389806097608,-0.07552087774181213,-0.496725135887376,-0.2607112960713816,-0.11477393136911036,-0.2659497029323146,-0.33363874927192033,-0.462758205674186,-0.45345518501620824,-0.41793358291933014,-0.5029097645585919,-0.3354660627850215,-0.06496612982844516,-0.3985590404795155,-0.281764880731157,-0.6577354683171852,-0.4665547019515106,-0.7231214013809006,-0.5943227299640245,-0.7367362400183842,-0.053587225705941384,-0.478802832658959,-0.1697189021462615,-0.7418192052991165,-0.3027837236429139,-0.8555275807947256,-0.40766812194462343,-0.9131301672544521,-0.06143544633571425,-0.5106430045137187,-0.09443805829984996,-0.7371438366935399,-0.15317209898558465,-0.8603172471904662,-0.20817588318874253,-0.9445257813114712
OK_SIGN,0.0,0.0,0.1561781242971683,0.06837124157817386,0.3061571532584691,0.03219959804406448,0.43929124436612643,-0.08161201296343547,0.49480539725105577,-0.2582850468731738,0.11759105454708076,-0.26956700825060004,0.3327740836220785,-0.4573703052046874,0.45155987874560105,-0.4135914339526865,0.5002871580737425,-0.33443135621909514,0.06292852511753828,-0.39919843132888716,0.2760356956101536,-0.6596986119114134,0.45926488639183266,-0.7148207999669209,0.5846505308876865,-0.7232848063481757,0.04927364686203794,-0.47758548140083085,0.16806316049623204,-0.7438064216282958,0.30545866483346434,-0.8541481551096199,0.4100569895593959,-0.9120599022616254,0.05694299061046529,-0.5079646149363622,0.09694157320682369,-0.7358502454885235,0.15878260297615138,-0.8583580162594305,0.2150542333871929,-0.9395391045429993
OK_SIGN,-0.0,0.0,-0.1561781242971683,0.06837124157817386,-0.3061571532584691,0.03219959804406448,-0.43929124436612643,-0.08161201296343547,-0.49480539725105577,-0.2582850468731738,-0.11759105454708076,-0.26956700825060004,-0.3327740836220785,-0.4573703052046874,-0.45155987874560105,-0.4135914339526865,-0.5002871580737425,-0.33443135621909514,-0.06292852511753828,-0.39919843132888716,-0.2760356956101536,-0.6596986119114134,-0.45926488639183266,-0.7148207999669209,-0.5846505308876865,-0.7232848063481757,-0.04927364686203794,-0.47758548140083085,-0.16806316049623204,-0.7438064216282958,-0.30545866483346434,-0.8541481551096199,-0.4100569895593959,-0.9120599022616254,-0.05694299061046529,-0.5079646149363622,-0.09694157320682369,-0.7358502454885235,-0.15878260297615138,-0.8583580162594305,-0.2150542333871929,-0.9395391045429993
OK_SIGN,0.0,0.0,0.1557904043834165,0.06973551753460303,0.30816609391583155,0.04256523728644628,0.4506690706518,-0.06552905074358749,0.5264323851591243,-0.24103953434742784,0.11953495320340017,-0.2654150118712463,0.34665752474716915,-0.44758196840495196,0.47572322951844764,-0.4093372995455862,0.5349984280148509,-0.32942929466014603,0.06780592827048629,-0.40035935665725747,0.27397237681639874,-0.6649477331063796,0.4622212598640311,-0.7315342001414215,0.595596191634709,-0.7382937769592973,0.057373017682515966,-0.48094544144618007,0.173035474772148,-0.750594414478578,0.31025205741009754,-0.8574424342622847,0.4187838496049226,-0.9080859470942613,0.06675340941371231,-0.5135580604229717,0.10228275146241461,-0.7467367825086647,0.16643811473807538,-0.8613349497143082,0.2300864646444445,-0.9323359815543336
OK_SIGN,-0.0,0.0,-0.1557904043834165,0.06973551753460303,-0.30816609391583155,0.04256523728644628,-0.4506690706518,-0.06552905074358749,-0.5264323851591243,-0.24103953434742784,-0.11953495320340017,-0.2654150118712463,-0.34665752474716915,-0.44758196840495196,-0.47572322951844764,-0.4093372995455862,-0.5349984280148509,-0.32942929466014603,-0.06780592827048629,-0.40035935665725747,-0.27397237681639874,-0.6649477331063796,-0.4622212598640311,-0.7315342001414215,-0.595596191634709,-0.7382937769592973,-0.057373017682515966,-0.48094544144618007,-0.173035474772148,-0.750594414478578,-0.31025205741009754,-0.8574424342622847,-0.4187838496049226,-0.9080859470942613,-0.06675340941371231,-0.5135580604229717,-0.10228275146241461,-0.7467367825086647,-0.16643811473807538,-0.8613349497143082,-0.2300864646444445,-0.9323359815543336
OK_SIGN,0.0,0.0,0.1526843991637487,0.08761850557075147,0.30755185979402494,0.06802811341044344,0.45024647024599485,-0.03215741715652096,0.5364597596604382,-0.20703693108364887,0.11704094648683835,-0.2587677584074346,0.3416216769609403,-0.44958189658009495,0.47589619508902875,-0.4174944207248193,0.5397365840294182,-0.33461494164570205,0.07152946773899044,-0.39766803138283763,0.27359338847840364,-0.6656150822464443,0.4648775076853391,-0.7288512098570514,0.5999020346608235,-0.7301063016934151,0.07115315027459324,-0.48495416258459256,0.18915375444047008,-0.7455627165162906,0.3324324053954542,-0.8497906617159283,0.44443311385425666,-0.8958120379353077,0.0903331734483709,-0.5232177442087783,0.14263709926934395,-0.741882175900323,0.2215744800252085,-0.8484777960887989,0.29498632291060445,-0.9160216600893691
OK_SIGN,-0.0,0.0,-0.1526843991637487,0.08761850557075147,-0.30755185979402494,0.06802811341044344,-0.45024647024599485,-0.03215741715652096,-0.5364597596604382,-0.20703693108364887,-0.11704094648683835,-0.2587677584074346,-0.3416216769609403,-0.44958189658009495,-0.47589619508902875,-0.4174944207248193,-0.5397365840294182,-0.33461494164570205,-0.07152946773899044,-0.39766803138283763,-0.27359338847840364,-0.6656150822464443,-0.4648775076853391,-0.7288512098570514,-0.5999020346608235,-0.7301063016934151,-0.07115315027459324,-0.48495416258459256,-0.18915375444047008,-0.7455627165162906,-0.3324324053954542,-0.8497906617159283,-0.44443311385425666,-0.8958120379353077,-0.0903331734483709,-0.5232177442087783,-0.14263709926934395,-0.741882175900323,-0.2215744800252085,-0.8484777960887989,-0.29498632291060445,-0.9160216600893691
OK_SIGN,0.0,0.0,0.13229226023585083,0.09701905665423619,0.2703484876982612,0.07431838971365023,0.4092700325241016,-0.014815856839769494,0.5127155151606981,-0.193834279845149,0.08125377899160452,-0.28782153529056276,0.2888740249472706,-0.47128388228937085,0.4311080407986052,-0.41519671202834013,0.4975336443193959,-0.31984465861110917,0.060985377007935604,-0.4180980598206356,0.23980829713501456,-0.6800574711544674,0.433482877892812,-0.7277283577148773,0.5710051503045601,-0.7246272531285249,0.08126308443232146,-0.4983062617686363,0.18829231384712208,-0.7467036579318719,0.33902299468222286,-0.8469360162005333,0.45684547184972923,-0.8895460723596043,0.11367233923099823,-0.5390918311844736,0.17281869528353266,-0.7449285343360603,0.26270127651708386,-0.8474180380296704,0.3476479861246378,-0.9181778499666748
OK_SIGN,-0.0,0.0,-0.13229226023585083,0.09701905665423619,-0.2703484876982612,0.07431838971365023,-0.4092700325241016,-0.014815856839769494,-0.5127155151606981,-0.193834279845149,-0.08125377899160452,-0.28782153529056276,-0.2888740249472706,-0.47128388228937085,-0.4311080407986052,-0.41519671202834013,-0.4975336443193959,-0.31984465861110917,-0.060985377007935604,-0.4180980598206356,-0.23980829713501456,-0.6800574711544674,-0.433482877892812,-0.7277283577148773,-0.5710051503045601,-0.7246272531285249,-0.08126308443232146,-0.4983062617686363,-0.18829231384712208,-0.7467036579318719,-0.33902299468222286,-0.8469360162005333,-0.45684547184972923,-0.8895460723596043,-0.11367233923099823,-0.5390918311844736,-0.17281869528353266,-0.7449285343360603,-0.26270127651708386,-0.8474180380296704,-0.3476479861246378,-0.9181778499666748
OK_SIGN,0.0,0.0,0.15181082639043228,0.09137011031231848,0.30511170228801676,0.07785389886229882,0.45419197380033716,-0.016728608249778253,0.5466515959230701,-0.18497819860768341,0.11955847866974875,-0.24774066065814385,0.3528133485983577,-0.4290758316471244,0.4852832725516766,-0.38602454062513775,0.5440350781396357,-0.3002081072168831,0.074384302658418,-0.39496193394573265,0.2949362673608533,-0.6525712028727525,0.4925827905016485,-0.7026554853325364,0.6290233347461119,-0.69849823488876,0.07409806603111399,-0.4867156875703922,0.20685431460332224,-0.7450976106088035,0.36030847184267234,-0.8394585549088451,0.478053883895268,-0.87833050959912,0.09349123546995462,-0.5278001026839477,0.1522526321407223,-0.7475487042116872,0.2388125944456012,-0.8475878335091326,0.31942291771211934,-0.9066712793824618
OK_SIGN,-0.0,0.0,-0.15181082639043228,0.09137011031231848,-0.30511170228801676,0.07785389886229882,-0.45419197380033716,-0.016728608249778253,-0.5466515959230701,-0.18497819860768341,-0.11955847866974875,-0.24774066065814385,-0.3528133485983577,-0.4290758316471244,-0.4852832725516766,-0.38602454062513775,-0.5440350781396357,-0.3002081072168831,-0.074384302658418,-0.39496193394573265,-0.2949362673608533,-0.6525712028727525,-0.4925827905016485,-0.7026554853325364,-0.6290233347461119,-0.69849823488876,-0.07409806603111399,-0.4867156875703922,-0.20685431460332224,-0.7450976106088035,-0.36030847184267234,-0.8394585549088451,-0.478053883895268,-0.87833050959912,-0.09349123546995462,-0.5278001026839477,-0.1522526321407223,-0.7475487042116872,-0.2388125944456012,-0.8475878335091326,-0.31942291771211934,-0.9066712793824618
OK_SIGN,0.0,0.0,0.15758362785672858,0.08358404637065836,0.3163985998765924,0.06327619736490984,0.468706246713129,-0.03471497680373498,0.5534680133508506,-0.2031254000673822,0.1364348864059102,-0.2530331165448896,0.3714892620944401,-0.42296532494373007,0.49831370000433217,-0.37550974639993273,0.5512152865558667,-0.28876790650058815,0.08733423136261753,-0.39415664972068165,0.3118328085043778,-0.6480743425674411,0.5082628073822096,-0.6945065330328701,0.6438250629720416,-0.6885627383215966,0.08082926039911784,-0.48160100625523233,0.2150277251621831,-0.7478618736578331,0.3702477163120521,-0.837321529558093,0.48955111941953955,-0.8719745990996961,0.09383798161953999,-0.5180588032779694,0.14812166959649994,-0.7531785739617091,0.22876172047614435,-0.8596989121789113,0.3051609495131029,-0.921235515477916
OK_SIGN,-0.0,0.0,-0.15758362785672858,0.08358404637065836,-0.3163985998765924,0.06327619736490984,-0.468706246713129,-0.03471497680373498,-0.5534680133508506,-0.2031254000673822,-0.1364348864059102,-0.2530331165448896,-0.3714892620944401,-0.42296532494373007,-0.49831370000433217,-0.37550974639993273,-0.5512152865558667,-0.28876790650058815,-0.08733423136261753,-0.39415664972068165,-0.3118328085043778,-0.6480743425674411,-0.5082628073822096,-0.6945065330328701,-0.6438250629720416,-0.6885627383215966,-0.08082926039911784,-0.48160100625523233,-0.2150277251621831,-0.7478618736578331,-0.3702477163120521,-0.837321529558093,-0.48955111941953955,-0.8719745990996961,-0.09383798161953999,-0.5180588032779694,-0.14812166959649994,-0.7531785739617091,-0.22876172047614435,-0.8596989121789113,-0.3051609495131029,-0.921235515477916
OK_SIGN,0.0,0.0,0.1656903976487488,0.08767557447730175,0.32681755011140573,0.0709307706081612,0.4824061174625835,-0.021791402566937693,0.5620109965795519,-0.1940779603188051,0.14361473230950642,-0.23803278122858326,0.3840660610764051,-0.4044867012078273,0.5117422313622024,-0.3559532382867823,0.5637802964898264,-0.2670460957934655,0.08972130524880931,-0.38274941002647545,0.31771464447142633,-0.6395279594040133,0.516782778128717,-0.6899612837528566,0.6531513017161589,-0.6829397084801649,0.08063958136831913,-0.47559333381914254,0.21548773521897932,-0.7447612545200958,0.3705680293414057,-0.8381143415314087,0.4884087433050572,-0.8726149777898466,0.092214789936242,-0.5186658187475092,0.1461696262996599,-0.758415746478549,0.22482034725073027,-0.8686029923444107,0.2988985671208059,-0.9315485956211006
OK_SIGN,-0.0,0.0,-0.1656903976487488,0.08767557447730175,-0.32681755011140573,0.0709307706081612,-0.4824061174625835,-0.021791402566937693,-0.5620109965795519,-0.1940779603188051,-0.14361473230950642,-0.23803278122858326,-0.3840660610764051,-0.4044867012078273,-0.5117422313622024,-0.3559532382867823,-0.5637802964898264,-0.2670460957934655,-0.08972130524880931,-0.38274941002647545,-0.31771464447142633,-0.6395279594040133,-0.516782778128717,-0.6899612837528566,-0.6531513017161589,-0.6829397084801649,-0.08063958136831913,-0.47559333381914254,-0.21548773521897932,-0.7447612545200958,-0.3705680293414057,-0.8381143415314087,-0.4884087433050572,-0.8726149777898466,-0.092214789936242,-0.5186658187475092,-0.1461696262996599,-0.758415746478549,-0.22482034725073027,-0.8686029923444107,-0.2988985671208059,-0.9315485956211006
OK_SIGN,0.0,0.0,0.14571886479529025,0.09355875988590082,0.29424974581420577,0.07486663228083464,0.4446793282519018,-0.015912587112284438,0.54021424504298,-0.18281040426030648,0.12150152127158297,-0.25983814881181755,0.35927319247678796,-0.4228609339688718,0.48829475577574916,-0.37182801478696753,0.5419866905455936,-0.284764748403786,0.076548684104817,-0.40384630672649885,0.2946371100796946,-0.6599427129774148,0.4909617600461427,-0.7064523012205505,0.6269246200621295,-0.7005238305050184,0.07617825237278929,-0.48898933698167735,0.20184873704952513,-0.7490523845712613,0.3530817899083305,-0.8433080701677235,0.47053452534558254,-0.8823815843827473,0.09714185763329682,-0.5236949522317557,0.14953537100393577,-0.7474112313281006,0.23340403274077426,-0.8498601791156566,0.31211278711420853,-0.9085617124518729
OK_SIGN,-0.0,0.0,-0.14571886479529025,0.09355875988590082,-0.29424974581420577,0.07486663228083464,-0.4446793282519018,-0.015912587112284438,-0.54021424504298,-0.18281040426030648,-0.12150152127158297,-0.25983814881181755,-0.35927319247678796,-0.4228609339688718,-0.48829475577574916,-0.37182801478696753,-0.5419866905455936,-0.284764748403786,-0.076548684104817,-0.40384630672649885,-0.2946371100796946,-0.6599427129774148,-0.4909617600461427,-0.7064523012205505,-0.6269246200621295,-0.7005238305050184,-0.07617825237278929,-0.48898933698167735,-0.20184873704952513,-0.7490523845712613,-0.3530817899083305,-0.8433080701677235,-0.47053452534558254,-0.8823815843827473,-0.09714185763329682,-0.5236949522317557,-0.14953537100393577,-0.7474112313281006,-0.23340403274077426,-0.8498601791156566,-0.31211278711420853,-0.9085617124518729
OK_SIGN,0.0,0.0,0.11901194411893723,0.09474022755222422,0.2401690830311986,0.06627067671405651,0.37699199000333294,-0.02690119789835945,0.4865919421713481,-0.19015877756874067,0.052604353370640684,-0.34346733025298326,0.26445347351763915,-0.5209603101131391,0.41082350141581897,-0.45935756298888303,0.482980410566727,-0.3584812839764449,0.04811055629766057,-0.4697250970848988,0.2151088165997459,-0.7344166974886869,0.40654578574889827,-0.7842991034654434,0.5510643503313837,-0.7794623072832165,0.07629306962988569,-0.5302121822613058,0.19471549797557947,-0.7759289612679007,0.34912320081084297,-0.8577907013178022,0.4722530978057689,-0.8814629950331748,0.11455652581696311,-0.5486608574838935,0.18811916902216097,-0.7567865228196626,0.2859258603777652,-0.8493111349964145,0.3786534337760697,-0.9052764869246673
OK_SIGN,-0.0,0.0,-0.11901194411893723,0.09474022755222422,-0.2401690830311986,0.06627067671405651,-0.37699199000333294,-0.02690119789835945,-0.4865919421713481,-0.19015877756874067,-0.052604353370640684,-0.34346733025298326,-0.26445347351763915,-0.5209603101131391,-0.41082350141581897,-0.45935756298888303,-0.482980410566727,-0.3584812839764449,-0.04811055629766057,-0.4697250970848988,-0.2151088165997459,-0.7344166974886869,-0.40654578574889827,-0.7842991034654434,-0.5510643503313837,-0.7794623072832165,-0.07629306962988569,-0.5302121822613058,-0.19471549797557947,-0.7759289612679007,-0.34912320081084297,-0.8577907013178022,-0.4722530978057689,-0.8814629950331748,-0.11455652581696311,-0.5486608574838935,-0.18811916902216097,-0.7567865228196626,-0.2859258603777652,-0.8493111349964145,-0.3786534337760697,-0.9052764869246673
OK_SIGN,0.0,0.0,0.12679170073814253,0.09000008620967466,0.248739236104216,0.05566289885480374,0.3851944745110102,-0.03875367217479871,0.49362699015099826,-0.19887189324349305,0.07057244177744039,-0.3397155933109504,0.2865617711552877,-0.5125045600457673,0.42870379030244393,-0.44697777102850417,0.4956596731426408,-0.34941195561475313,0.05727383766449197,-0.4613012719943079,0.2342864444877241,-0.7113397874734001,0.42527579841819596,-0.7542264827917023,0.5643825864086167,-0.7482062177261352,0.07784728884235882,-0.5203994958965317,0.19673418887927932,-0.7684797949100022,0.3485394837964025,-0.8536107480729982,0.46824237283533654,-0.8836000680633369,0.11219119826347078,-0.538383205580365,0.18384065473202502,-0.7484488232077438,0.2764595531897367,-0.8403277705815712,0.3634485902212313,-0.895280400203425
OK_SIGN,-0.0,0.0,-0.12679170073814253,0.09000008620967466,-0.248739236104216,0.05566289885480374,-0.3851944745110102,-0.03875367217479871,-0.49362699015099826,-0.19887189324349305,-0.07057244177744039,-0.3397155933109504,-0.2865617711552877,-0.5125045600457673,-0.42870379030244393,-0.44697777102850417,-0.4956596731426408,-0.34941195561475313,-0.05727383766449197,-0.4613012719943079,-0.2342864444877241,-0.7113397874734001,-0.42527579841819596,-0.7542264827917023,-0.5643825864086167,-0.7482062177261352,-0.07784728884235882,-0.5203994958965317,-0.19673418887927932,-0.7684797949100022,-0.3485394837964025,-0.8536107480729982,-0.46824237283533654,-0.8836000680633369,-0.11219119826347078,-0.538383205580365,-0.18384065473202502,-0.7484488232077438,-0.2764595531897367,-0.8403277705815712,-0.3634485902212313,-0.895280400203425
OK_SIGN,0.0,0.0,0.13063305849245416,0.09649737411766048,0.26900796182593156,0.06306587355265007,0.40912592023973016,-0.03986923040684775,0.5118069193148277,-0.21184654594676097,0.08447429708559566,-0.3054208436716112,0.3101611180767663,-0.4736355794557656,0.44828435314802256,-0.41798338994993556,0.5135113365291648,-0.32485412386166856,0.06035199857836664,-0.4349743915164675,0.25692570968380096,-0.6861184318801755,0.4483705051465008,-0.7334839304212734,0.5849718956224172,-0.7291505719200415,0.0754319051564346,-0.5100312309017496,0.20120190089034706,-0.7608062100275325,0.35349687864460233,-0.8508940495028575,0.47146211247193626,-0.8818863172220665,0.10658255331729029,-0.5419773491818872,0.1727459828152241,-0.7588435108622023,0.26797596531082774,-0.8563023934962116,0.35603000846652294,-0.9109124048871178
OK_SIGN,-0.0,0.0,-0.13063305849245416,0.09649737411766048,-0.26900796182593156,0.06306587355265007,-0.40912592023973016,-0.03986923040684775,-0.5118069193148277,-0.21184654594676097,-0.08447429708559566,-0.3054208436716112,-0.3101611180767663,-0.4736355794557656,-0.44828435314802256,-0.41798338994993556,-0.5135113365291648,-0.32485412386166856,-0.06035199857836664,-0.4349743915164675,-0.25692570968380096,-0.6861184318801755,-0.4483705051465008,-0.7334839304212734,-0.5849718956224172,-0.7291505719200415,-0.0754319051564346,-0.5100312309017496,-0.20120190089034706,-0.7608062100275325,-0.35349687864460233,-0.8508940495028575,-0.47146211247193626,-0.8818863172220665,-0.10658255331729029,-0.5419773491818872,-0.1727459828152241,-0.7588435108622023,-0.26797596531082774,-0.8563023934962116,-0.35603000846652294,-0.9109124048871178
OK_SIGN,0.0,0.0,0.13361739039098106,0.09735349840142954,0.2783747624080422,0.07919671706746333,0.4213408103924907,-0.013689513955154286,0.5112606363164394,-0.18790039515607973,0.09813482332848705,-0.2760459122625012,0.3280579014262636,-0.4361204152737036,0.4614919915456418,-0.3879770672852904,0.5238902226813684,-0.3009926237698802,0.06638632255839333,-0.41150868007139174,0.2675009228078197,-0.6665835975473003,0.4576419124231131,-0.7154556779797795,0.5916080287879172,-0.7145026540641318,0.07570378559087072,-0.4922065172252872,0.19189347083367042,-0.7469265213764325,0.3330396642228377,-0.8481465985028979,0.44347408186611076,-0.8962871965575598,0.10366081520150802,-0.5267860747922334,0.1624929838099463,-0.7354000021874504,0.24610403203151113,-0.8368691201892582,0.3230433972309644,-0.9036364804430511
OK_SIGN,-0.0,0.0,-0.13361739039098106,0.09735349840142954,-0.2783747624080422,0.07919671706746333,-0.4213408103924907,-0.013689513955154286,-0.5112606363164394,-0.18790039515607973,-0.09813482332848705,-0.2760459122625012,-0.3280579014262636,-0.4361204152737036,-0.4614919915456418,-0.3879770672852904,-0.5238902226813684,-0.3009926237698802,-0.06638632255839333,-0.41150868007139174,-0.2675009228078197,-0.6665835975473003,-0.4576419124231131,-0.7154556779797795,-0.5916080287879172,-0.7145026540641318,-0.07570378559087072,-0.4922065172252872,-0.19189347083367042,-0.7469265213764325,-0.3330396642228377,-0.8481465985028979,-0.44347408186611076,-0.8962871965575598,-0.10366081520150802,-0.5267860747922334,-0.1624929838099463,-0.7354000021874504,-0.24610403203151113,-0.8368691201892582,-0.3230433972309644,-0.9036364804430511
OK_SIGN,0.0,0.0,0.13904582159198262,0.08210540217040938,0.2868581913428708,0.060026888883033626,0.4282928279150603,-0.03689241579251841,0.5172981039906767,-0.20511549503207482,0.11087755646988022,-0.2800691771381056,0.3425261783554038,-0.4410915380182026,0.4697105197544676,-0.3946948916173503,0.5246732359704495,-0.3090751523172105,0.07264077640162261,-0.4168808795761467,0.28454731665587535,-0.6711183078739804,0.4705786104469347,-0.7208409991652631,0.5984853170391063,-0.717146916994511,0.07520400500214285,-0.49517541607457527,0.19886182316700027,-0.7487806055769886,0.3381183628155478,-0.8494680399331298,0.4442815893677094,-0.8958871967769726,0.09627877255902995,-0.5244474545347405,0.15204001712109483,-0.7389203545413581,0.230672294890106,-0.8456278091343907,0.3031603218571504,-0.9115715594948971
OK_SIGN,-0.0,0.0,-0.13904582159198262,0.08210540217040938,-0.2868581913428708,0.060026888883033626,-0.4282928279150603,-0.03689241579251841,-0.5172981039906767,-0.20511549503207482,-0.11087755646988022,-0.2800691771381056,-0.3425261783554038,-0.4410915380182026,-0.4697105197544676,-0.3946948916173503,-0.5246732359704495,-0.3090751523172105,-0.07264077640162261,-0.4168808795761467,-0.28454731665587535,-0.6711183078739804,-0.4705786104469347,-0.7208409991652631,-0.5984853170391063,-0.717146916994511,-0.07520400500214285,-0.49517541607457527,-0.19886182316700027,-0.7487806055769886,-0.3381183628155478,-0.8494680399331298,-0.4442815893677094,-0.8958871967769726,-0.09627877255902995,-0.5244474545347405,-0.15204001712109483,-0.7389203545413581,-0.230672294890106,-0.8456278091343907,-0.3031603218571504,-0.9115715594948971
OK_SIGN,0.0,0.0,0.1609246129568878,0.07811220879641599,0.31673256742512895,0.05668166352325927,0.4668683479183913,-0.04752554693779452,0.5337043036519158,-0.226040153537317,0.12524965825047388,-0.24650765494269453,0.3681570454316562,-0.41137162217515943,0.4979088600306807,-0.370880840914296,0.556700424112037,-0.29089320350849557,0.07247082932450533,-0.389742517416023,0.29386188034933575,-0.6471604479330338,0.4928752165826991,-0.710232794921167,0.6335598604765968,-0.7157183802310769,0.060046158159872846,-0.47807633260405863,0.18555917447038794,-0.7489837301312244,0.33345216094442576,-0.848731896548023,0.4481109390017004,-0.8939779562981485,0.06674825645858985,-0.5175174116631569,0.1095174839661735,-0.7497888979551054,0.1826877388631796,-0.8686362489001108,0.2540968951650089,-0.9428115322831635
OK_SIGN,-0.0,0.0,-0.1609246129568878,0.07811220879641599,-0.31673256742512895,0.05668166352325927,-0.4668683479183913,-0.04752554693779452,-0.5337043036519158,-0.226040153537317,-0.12524965825047388,-0.24650765494269453,-0.3681570454316562,-0.41137162217515943,-0.4979088600306807,-0.370880840914296,-0.556700424112037,-0.29089320350849557,-0.07247082932450533,-0.389742517416023,-0.29386188034933575,-0.6471604479330338,-0.4928752165826991,-0.710232794921167,-0.6335598604765968,-0.7157183802310769,-0.060046158159872846,-0.47807633260405863,-0.18555917447038794,-0.7489837301312244,-0.33345216094442576,-0.848731896548023,-0.4481109390017004,-0.8939779562981485,-0.06674825645858985,-0.5175174116631569,-0.1095174839661735,-0.7497888979551054,-0.1826877388631796,-0.8686362489001108,-0.2540968951650089,-0.9428115322831635
OK_SIGN,0.0,0.0,0.1649629698838981,0.0737392235883745,0.32796895838586165,0.04900107319443267,0.4774298424942487,-0.056263988716928004,0.5385576471725968,-0.23449807184117513,0.13954654948822848,-0.23574246982836944,0.3791256694480906,-0.4100165810026279,0.5055021539084755,-0.3703967378587189,0.5632202909022154,-0.29236300823810374,0.07594207462099246,-0.3736734518952135,0.2942787963487276,-0.6367263726147583,0.4877429520602691,-0.700507660354259,0.6253065486259871,-0.7050452840858638,0.05480605650705206,-0.46396239472696366,0.17997624030631915,-0.7410210276921521,0.32059863076343503,-0.8484867906741625,0.4302602789012865,-0.9027048755821512,0.05724815530749135,-0.5093583256946395,0.09339219793665038,-0.7460196032697389,0.1580415543204317,-0.8709007461820012,0.2230792798341487,-0.9518566181113153
OK_SIGN,-0.0,0.0,-0.1649629698838981,0.0737392235883745,-0.32796895838586165,0.04900107319443267,-0.4774298424942487,-0.056263988716928004,-0.5385576471725968,-0.23449807184117513,-0.13954654948822848,-0.23574246982836944,-0.3791256694480906,-0.4100165810026279,-0.5055021539084755,-0.3703967378587189,-0.5632202909022154,-0.29236300823810374,-0.07594207462099246,-0.3736734518952135,-0.2942787963487276,-0.6367263726147583,-0.4877429520602691,-0.700507660354259,-0.6253065486259871,-0.7050452840858638,-0.05480605650705206,-0.46396239472696366,-0.17997624030631915,-0.7410210276921521,-0.32059863076343503,-0.8484867906741625,-0.4302602789012865,-0.9027048755821512,-0.05724815530749135,-0.5093583256946395,-0.09339219793665038,-0.7460196032697389,-0.1580415543204317,-0.8709007461820012,-0.2230792798341487,-0.9518566181113153
OK_SIGN,0.0,0.0,0.17616519414942525,0.0536532987530221,0.33761977973852186,0.016138214714476008,0.48305894465042426,-0.09962360545949607,0.5441313286464359,-0.27344207841277646,0.15038973868743755,-0.2124290002562967,0.3882875439011749,-0.40111182525800104,0.5016198321862848,-0.3798319029974252,0.5501395371681501,-0.31024565967126877,0.07192777839811097,-0.3482827020154268,0.29065699942690587,-0.6306790420787083,0.4783267736210354,-0.6975367149034123,0.6093886639225873,-0.6891469043180146,0.03695715745225892,-0.4412489133106037,0.1696801131436895,-0.7493868317343066,0.30337956583186915,-0.8591907153323454,0.41040862204656386,-0.9119017287788419,0.03197103363187039,-0.49277723950020164,0.06902179226104915,-0.7355585334636567,0.12720692708481576,-0.8673780997799896,0.19065589431464908,-0.9520688461634502
OK_SIGN,-0.0,0.0,-0.17616519414942525,0.0536532987530221,-0.33761977973852186,0.016138214714476008,-0.48305894465042426,-0.09962360545949607,-0.5441313286464359,-0.27344207841277646,-0.15038973868743755,-0.2124290002562967,-0.3882875439011749,-0.40111182525800104,-0.5016198321862848,-0.3798319029974252,-0.5501395371681501,-0.31024565967126877,-0.07192777839811097,-0.3482827020154268,-0.29065699942690587,-0.6306790420787083,-0.4783267736210354,-0.6975367149034123,-0.6093886639225873,-0.6891469043180146,-0.03695715745225892,-0.4412489133106037,-0.1696801131436895,-0.7493868317343066,-0.30337956583186915,-0.8591907153323454,-0.41040862204656386,-0.9119017287788419,-0.03197103363187039,-0.49277723950020164,-0.06902179226104915,-0.7355585334636567,-0.12720692708481576,-0.8673780997799896,-0.19065589431464908,-0.9520688461634502
OK_SIGN,0.0,0.0,0.17566454389261338,0.04653762419544796,0.3389150925162562,0.011746884926114129,0.4836863006703554,-0.10244918376411673,0.5425950988627662,-0.27468051339225485,0.1532944776734599,-0.2121511057001694,0.3884994543886637,-0.40961217787828175,0.503144019559396,-0.3925794117633056,0.555686888924529,-0.3229996026699404,0.07549081407572727,-0.34859487026888464,0.2906520131284676,-0.6320027428687238,0.4768109406090368,-0.7020727845751517,0.6103562142436494,-0.7000000847599028,0.03875108088805566,-0.4439423171886714,0.16785362668380538,-0.7489788553488489,0.30149864967523904,-0.8577912133554946,0.411478116892823,-0.9114196395285414,0.03182246552158912,-0.49999152252252665,0.06709216864819402,-0.7395918148300039,0.12461123709858572,-0.8729244011330852,0.19021868456705154,-0.9610842182477314
OK_SIGN,-0.0,0.0,-0.17566454389261338,0.04653762419544796,-0.3389150925162562,0.011746884926114129,-0.4836863006703554,-0.10244918376411673,-0.5425950988627662,-0.27468051339225485,-0.1532944776734599,-0.2121511057001694,-0.3884994543886637,-0.40961217787828175,-0.503144019559396,-0.3925794117633056,-0.555686888924529,-0.3229996026699404,-0.07549081407572727,-0.34859487026888464,-0.2906520131284676,-0.6320027428687238,-0.4768109406090368,-0.7020727845751517,-0.6103562142436494,-0.7000000847599028,-0.03875108088805566,-0.4439423171886714,-0.16785362668380538,-0.7489788553488489,-0.30149864967523904,-0.8577912133554946,-0.411478116892823,-0.9114196395285414,-0.03182246552158912,-0.49999152252252665,-0.06709216864819402,-0.7395918148300039,-0.12461123709858572,-0.8729244011330852,-0.19021868456705154,-0.9610842182477314
OK_SIGN,0.0,0.0,0.18430308475021018,0.05673217374734471,0.36227320651886913,0.02168276792263411,0.5192898637586796,-0.09926368888909935,0.5733572785102089,-0.28204080432198086,0.16356401187323075,-0.18125778499824904,0.3980575809172661,-0.3796770817661537,0.5190352847368896,-0.37944675679581386,0.5793253684987775,-0.32397269557861547,0.07992621692693991,-0.3256655221477084,0.29595253875263267,-0.6162111777956907,0.4934790385755535,-0.6944793558988657,0.6347738478879865,-0.6912628614917787,0.04278335009203018,-0.43018171798916277,0.1759819976972394,-0.7411191001714597,0.3245946261095947,-0.8486133217535538,0.4438854340953339,-0.8960835459922234,0.03672328944851041,-0.496877615405388,0.08359238498864888,-0.7459390175273308,0.1513002251646456,-0.8800076243210491,0.22396022923982165,-0.9637311051133387
OK_SIGN,-0.0,0.0,-0.18430308475021018,0.05673217374734471,-0.36227320651886913,0.02168276792263411,-0.5192898637586796,-0.09926368888909935,-0.5733572785102089,-0.28204080432198086,-0.16356401187323075,-0.18125778499824904,-0.3980575809172661,-0.3796770817661537,-0.5190352847368896,-0.37944675679581386,-0.5793253684987775,-0.32397269557861547,-0.07992621692693991,-0.3256655221477084,-0.29595253875263267,-0.6162111777956907,-0.4934790385755535,-0.6944793558988657,-0.6347738478879865,-0.6912628614917787,-0.04278335009203018,-0.43018171798916277,-0.1759819976972394,-0.7411191001714597,-0.3245946261095947,-0.8486133217535538,-0.4438854340953339,-0.8960835459922234,-0.03672328944851041,-0.496877615405388,-0.08359238498864888,-0.7459390175273308,-0.1513002251646456,-0.8800076243210491,-0.22396022923982165,-0.9637311051133387
OK_SIGN,0.0,0.0,0.18742358121308664,0.05473024197723916,0.36846628463492176,0.019100863772812036,0.5294111378351892,-0.10460771548086009,0.5840191785947912,-0.2901247017800266,0.15783507442024744,-0.17523672889082126,0.39193239160470533,-0.38625474206214516,0.5183350644193895,-0.3876743600968051,0.5811409149114615,-0.32879933067198924,0.07482352222058547,-0.3245783159876815,0.2893614240175076,-0.6219938696223819,0.4931234085682038,-0.7032038450076489,0.6365096742457786,-0.6976200628177539,0.03941002978733185,-0.43508733574525144,0.17381775065311222,-0.7514559600570876,0.32930614125672975,-0.8540845093698735,0.45130298946783737,-0.8923707815125913,0.03571675618801809,-0.5076656276657195,0.08490928135583282,-0.7630218437386447,0.15785426832877683,-0.8948722961913583,0.23502940994247118,-0.9713097519205729
OK_SIGN,-0.0,0.0,-0.18742358121308664,0.05473024197723916,-0.36846628463492176,0.019100863772812036,-0.5294111378351892,-0.10460771548086009,-0.5840191785947912,-0.2901247017800266,-0.15783507442024744,-0.17523672889082126,-0.39193239160470533,-0.38625474206214516,-0.5183350644193895,-0.3876743600968051,-0.5811409149114615,-0.32879933067198924,-0.07482352222058547,-0.3245783159876815,-0.2893614240175076,-0.6219938696223819,-0.4931234085682038,-0.7032038450076489,-0.6365096742457786,-0.6976200628177539,-0.03941002978733185,-0.43508733574525144,-0.17381775065311222,-0.7514559600570876,-0.32930614125672975,-0.8540845093698735,-0.45130298946783737,-0.8923707815125913,-0.03571675618801809,-0.5076656276657195,-0.08490928135583282,-0.7630218437386447,-0.15785426832877683,-0.8948722961913583,-0.23502940994247118,-0.9713097519205729
OK_SIGN,0.0,0.0,0.16916780804202813,0.06909093872151319,0.3367074177492312,0.028123665794047483,0.489467836849696,-0.08975495180179227,0.5508228533924745,-0.2793095605599354,0.09682990164284314,-0.1787604873211436,0.3017726253096877,-0.3880886351571285,0.44948042476862266,-0.39458521063022606,0.5302371009456159,-0.33861471424661604,0.025390766759036447,-0.3334080248761596,0.20661344675549206,-0.6421101106806719,0.41791517690246976,-0.7147924581568268,0.5660118279905928,-0.7099065430934745,0.014849342307057284,-0.45659752220381683,0.1137149633180307,-0.7573082544369003,0.28944110673061474,-0.8613474690564861,0.42564525310617785,-0.8915793631669776,0.03395436585363252,-0.5362612839205971,0.06664996127815251,-0.7815489670443349,0.15754525536980896,-0.9026765324061619,0.2509253717175255,-0.9680064348073425
OK_SIGN,-0.0,0.0,-0.16916780804202813,0.06909093872151319,-0.3367074177492312,0.028123665794047483,-0.489467836849696,-0.08975495180179227,-0.5508228533924745,-0.2793095605599354,-0.09682990164284314,-0.1787604873211436,-0.3017726253096877,-0.3880886351571285,-0.44948042476862266,-0.39458521063022606,-0.5302371009456159,-0.33861471424661604,-0.025390766759036447,-0.3334080248761596,-0.20661344675549206,-0.6421101106806719,-0.41791517690246976,-0.7147924581568268,-0.5660118279905928,-0.7099065430934745,-0.014849342307057284,-0.45659752220381683,-0.1137149633180307,-0.7573082544369003,-0.28944110673061474,-0.8613474690564861,-0.42564525310617785,-0.8915793631669776,-0.03395436585363252,-0.5362612839205971,-0.06664996127815251,-0.7815489670443349,-0.15754525536980896,-0.9026765324061619,-0.2509253717175255,-0.9680064348073425
OK_SIGN,0.0,0.0,0.15357525562110064,0.09461937278514289,0.305354050429573,0.06034509921343378,0.4470600136845259,-0.05472175609055653,0.5238881541678022,-0.2524059207361083,0.07331965095095096,-0.22223392357492855,0.29217969755611184,-0.43159457709415483,0.4410401067402151,-0.411643558964713,0.5165348278452698,-0.3323959832513904,0.02279187723009443,-0.3704718187128948,0.20301857875248785,-0.6646644436579503,0.4073967259719568,-0.7287837587070892,0.5506813944236358,-0.7309548696681766,0.022949140059676156,-0.47588155773008783,0.12161048061754047,-0.7548311974877403,0.2806819248137125,-0.8685621474085917,0.40195983321787526,-0.9156573007842279,0.04848059470860822,-0.5349994912569495,0.08845408059029959,-0.7611827559028669,0.1717566065464671,-0.8792916525572967,0.25185642157513416,-0.9555149572516255
OK_SIGN,-0.0,0.0,-0.15357525562110064,0.09461937278514289,-0.305354050429573,0.06034509921343378,-0.4470600136845259,-0.05472175609055653,-0.5238881541678022,-0.2524059207361083,-0.07331965095095096,-0.22223392357492855,-0.29217969755611184,-0.43159457709415483,-0.4410401067402151,-0.411643558964713,-0.5165348278452698,-0.3323959832513904,-0.02279187723009443,-0.3704718187128948,-0.20301857875248785,-0.6646644436579503,-0.4073967259719568,-0.7287837587070892,-0.5506813944236358,-0.7309548696681766,-0.022949140059676156,-0.47588155773008783,-0.12161048061754047,-0.7548311974877403,-0.2806819248137125,-0.8685621474085917,-0.40195983321787526,-0.9156573007842279,-0.04848059470860822,-0.5349994912569495,-0.08845408059029959,-0.7611827559028669,-0.1717566065464671,-0.8792916525572967,-0.25185642157513416,-0.9555149572516255
OK_SIGN,0.0,0.0,0.14725492467197893,0.08909068155902855,0.296517033211982,0.05574649685074057,0.43550530444672203,-0.05733062491545063,0.508147869696417,-0.2521747555967805,0.07775879735170435,-0.2536031687071357,0.3000400840542607,-0.45056728606644675,0.4405058367163678,-0.4236967695215616,0.5087808690922596,-0.3417398245748901,0.03178395707843239,-0.39500656077752955,0.2126700527408533,-0.682735295455184,0.40577886700062854,-0.7483786545705284,0.542259946406355,-0.7485073910037218,0.034895902334824196,-0.4926799428119672,0.13555964521652658,-0.7667216951296303,0.28690652350588064,-0.8720564339822274,0.40403051397824424,-0.9147455076547115,0.060195055819978374,-0.5466027640577518,0.10350608399037978,-0.7691742961926695,0.18996934729052073,-0.8807187120418679,0.27299375446207486,-0.9514792085787238
OK_SIGN,-0.0,0.0,-0.14725492467197893,0.08909068155902855,-0.296517033211982,0.05574649685074057,-0.43550530444672203,-0.05733062491545063,-0.508147869696417,-0.2521747555967805,-0.07775879735170435,-0.2536031687071357,-0.3000400840542607,-0.45056728606644675,-0.4405058367163678,-0.4236967695215616,-0.5087808690922596,-0.3417398245748901,-0.03178395707843239,-0.39500656077752955,-0.2126700527408533,-0.682735295455184,-0.40577886700062854,-0.7483786545705284,-0.542259946406355,-0.7485073910037218,-0.034895902334824196,-0.4926799428119672,-0.13555964521652658,-0.7667216951296303,-0.28690652350588064,-0.8720564339822274,-0.40403051397824424,-0.9147455076547115,-0.060195055819978374,-0.5466027640577518,-0.10350608399037978,-0.7691742961926695,-0.18996934729052073,-0.8807187120418679,-0.27299375446207486,-0.9514792085787238
OK_SIGN,0.0,0.0,0.14194808127627348,0.08775354216451248,0.2889441638438143,0.05041407777571858,0.423314928739088,-0.0619957827474999,0.49727586711139593,-0.26257281132169996,0.07251360807096106,-0.28473692562404135,0.28779101954969905,-0.47245381015706645,0.43330761492532904,-0.4367125522368311,0.5053073432745335,-0.3486976114829167,0.03709680146672341,-0.41798859469756167,0.2079299673238421,-0.6935593653057104,0.4006301790657119,-0.7588166854493685,0.5388020325461572,-0.7622673810253144,0.04659317261933108,-0.5054515538677907,0.13953892666836806,-0.7644033371764122,0.2884873918772889,-0.8705893531326736,0.40572456914868904,-0.9139953905732296,0.07384068781515724,-0.5527085816228529,0.11269188636174955,-0.7650812440626418,0.19639564197233145,-0.8722615114419967,0.27763133371330256,-0.9436204439383395
OK_SIGN,-0.0,0.0,-0.14194808127627348,0.08775354216451248,-0.2889441638438143,0.05041407777571858,-0.423314928739088,-0.0619957827474999,-0.49727586711139593,-0.26257281132169996,-0.07251360807096106,-0.28473692562404135,-0.28779101954969905,-0.47245381015706645,-0.43330761492532904,-0.4367125522368311,-0.5053073432745335,-0.3486976114829167,-0.03709680146672341,-0.41798859469756167,-0.2079299673238421,-0.6935593653057104,-0.4006301790657119,-0.7588166854493685,-0.5388020325461572,-0.7622673810253144,-0.04659317261933108,-0.5054515538677907,-0.13953892666836806,-0.7644033371764122,-0.2884873918772889,-0.8705893531326736,-0.40572456914868904,-0.9139953905732296,-0.07384068781515724,-0.5527085816228529,-0.11269188636174955,-0.7650812440626418,-0.19639564197233145,-0.8722615114419967,-0.27763133371330256,-0.9436204439383395
OK_SIGN,0.0,0.0,0.13384283619760803,0.07646309738323573,0.27119498360576905,0.03193370060494741,0.40868814831096306,-0.07447793440152452,0.5032902130716229,-0.23901140416409994,0.10107655282972323,-0.34790449289771086,0.31969877998789803,-0.49716016430090565,0.45341039296011704,-0.43193069374689663,0.515523961960139,-0.33946165644781173,0.07357323953586342,-0.4650018934337502,0.26096234556783565,-0.7057250933055342,0.44848267482519694,-0.7444685339186499,0.5826785309679896,-0.7311129737974981,0.08129946196494571,-0.5255935677081406,0.1885621411260379,-0.7825770066657153,0.3335634584881353,-0.867325195274142,0.4485862492996619,-0.8937395464783136,0.10436129377806813,-0.5440285240648933,0.16277071021306255,-0.762398532209936,0.2577446030033915,-0.8531951234343135,0.34884082348151396,-0.8982534000813759
OK_SIGN,-0.0,0.0,-0.13384283619760803,0.07646309738323573,-0.27119498360576905,0.03193370060494741,-0.40868814831096306,-0.07447793440152452,-0.5032902130716229,-0.23901140416409994,-0.10107655282972323,-0.34790449289771086,-0.31969877998789803,-0.49716016430090565,-0.45341039296011704,-0.43193069374689663,-0.515523961960139,-0.33946165644781173,-0.07357323953586342,-0.4650018934337502,-0.26096234556783565,-0.7057250933055342,-0.44848267482519694,-0.7444685339186499,-0.5826785309679896,-0.7311129737974981,-0.08129946196494571,-0.5255935677081406,-0.1885621411260379,-0.7825770066657153,-0.3335634584881353,-0.867325195274142,-0.4485862492996619,-0.8937395464783136,-0.10436129377806813,-0.5440285240648933,-0.16277071021306255,-0.762398532209936,-0.2577446030033915,-0.8531951234343135,-0.34884082348151396,-0.8982534000813759
OK_SIGN,0.0,0.0,0.12846659993544587,0.07779078259068947,0.2600545863740082,0.0321261183166987,0.399046852424611,-0.06988608967153564,0.4985735472097446,-0.22918738799134633,0.10655579441683226,-0.36780092072846016,0.32529603628890746,-0.5037163469402791,0.45643300941776804,-0.42557967770104627,0.5155347329877018,-0.3282121961361104,0.08280098232817173,-0.47870443491748643,0.2680157859568679,-0.7097623494774901,0.45302423626304306,-0.745060120961338,0.587302529227309,-0.7320702616419633,0.08941754864815242,-0.5278152256775783,0.19906916290277404,-0.7746654527434509,0.3423739620607479,-0.8618915481730948,0.4583450493175836,-0.8887743334311933,0.11088522752331775,-0.535691578598217,0.17338801091504732,-0.7501484073613955,0.26905725923563156,-0.8406463426196059,0.3623602476801999,-0.8850276469608405
OK_SIGN,-0.0,0.0,-0.12846659993544587,0.07779078259068947,-0.2600545863740082,0.0321261183166987,-0.399046852424611,-0.06988608967153564,-0.4985735472097446,-0.22918738799134633,-0.10655579441683226,-0.36780092072846016,-0.32529603628890746,-0.5037163469402791,-0.45643300941776804,-0.42557967770104627,-0.5155347329877018,-0.3282121961361104,-0.08280098232817173,-0.47870443491748643,-0.2680157859568679,-0.7097623494774901,-0.45302423626304306,-0.745060120961338,-0.587302529227309,-0.7320702616419633,-0.08941754864815242,-0.5278152256775783,-0.19906916290277404,-0.7746654527434509,-0.3423739620607479,-0.8618915481730948,-0.4583450493175836,-0.8887743334311933,-0.11088522752331775,-0.535691578598217,-0.17338801091504732,-0.7501484073613955,-0.26905725923563156,-0.8406463426196059,-0.3623602476801999,-0.8850276469608405
OK_SIGN,0.0,0.0,0.1182885318353386,0.10056455831265662,0.25057325433239824,0.07234089216225166,0.399425880948655,-0.002566481170363042,0.5227721720828238,-0.14227759273747698,0.14844841026606617,-0.3817853579712844,0.3831854825296013,-0.48038763125088557,0.5057245825230429,-0.37306153906286066,0.5483800494080376,-0.2561459948391171,0.1411434279936009,-0.48981780891956994,0.33585758325266046,-0.7135009208527294,0.5260545010765169,-0.7275842867387237,0.661345837641262,-0.6906502814704234,0.15286978155941863,-0.5229692253364708,0.28614784046246433,-0.7592767818794102,0.44400186325263324,-0.820691328307145,0.5669724052258197,-0.8237367854554324,0.17351221841435624,-0.5143156432313273,0.26418358599024055,-0.7222572863606529,0.3636595625348873,-0.7978407776076715,0.4567588000140553,-0.82830758732142
OK_SIGN,-0.0,0.0,-0.1182885318353386,0.10056455831265662,-0.25057325433239824,0.07234089216225166,-0.399425880948655,-0.002566481170363042,-0.5227721720828238,-0.14227759273747698,-0.14844841026606617,-0.3817853579712844,-0.3831854825296013,-0.48038763125088557,-0.5057245825230429,-0.37306153906286066,-0.5483800494080376,-0.2561459948391171,-0.1411434279936009,-0.48981780891956994,-0.33585758325266046,-0.7135009208527294,-0.5260545010765169,-0.7275842867387237,-0.661345837641262,-0.6906502814704234,-0.15286978155941863,-0.5229692253364708,-0.28614784046246433,-0.7592767818794102,-0.44400186325263324,-0.820691328307145,-0.5669724052258197,-0.8237367854554324,-0.17351221841435624,-0.5143156432313273,-0.26418358599024055,-0.7222572863606529,-0.3636595625348873,-0.7978407776076715,-0.4567588000140553,-0.82830758732142
OK_SIGN,0.0,0.0,0.1066359397115222,0.0960744532966433,0.2347182002564296,0.07192728313628638,0.38137985750137815,0.007187091727587951,0.5125731757012025,-0.11642341795494662,0.14878071131876178,-0.4030051443868123,0.38975436631349936,-0.4822037124207265,0.5045892271805125,-0.35724042208842727,0.5372094130509887,-0.22987598166485268,0.1554841590706189,-0.503316816779656,0.3657773605960742,-0.7149694668405707,0.5504559236774569,-0.7164338234442954,0.6792289771803475,-0.6680106595719577,0.1761796759747676,-0.524425386976313,0.333691139012039,-0.7480812981496116,0.490169879912897,-0.7970462499609389,0.6103394049563351,-0.7921400196666917,0.20358975377359811,-0.5027287981665156,0.31234990405720414,-0.6958475709603992,0.4098160784560699,-0.7609266687726796,0.4994739808960184,-0.7864991661791608
OK_SIGN,-0.0,0.0,-0.1066359397115222,0.0960744532966433,-0.2347182002564296,0.07192728313628638,-0.38137985750137815,0.007187091727587951,-0.5125731757012025,-0.11642341795494662,-0.14878071131876178,-0.4030051443868123,-0.38975436631349936,-0.4822037124207265,-0.5045892271805125,-0.35724042208842727,-0.5372094130509887,-0.22987598166485268,-0.1554841590706189,-0.503316816779656,-0.3657773605960742,-0.7149694668405707,-0.5504559236774569,-0.7164338234442954,-0.6792289771803475,-0.6680106595719577,-0.1761796759747676,-0.524425386976313,-0.333691139012039,-0.7480812981496116,-0.490169879912897,-0.7970462499609389,-0.6103394049563351,-0.7921400196666917,-0.20358975377359811,-0.5027287981665156,-0.31234990405720414,-0.6958475709603992,-0.4098160784560699,-0.7609266687726796,-0.4994739808960184,-0.7864991661791608
OK_SIGN,0.0,0.0,0.10343066404630086,0.08408270973097158,0.22761477857978818,0.06485032767839058,0.37604166735487643,-0.005160419093479548,0.5092365298011178,-0.12471368508955448,0.12142258856514326,-0.4185426887395715,0.360905499084334,-0.5123104987802563,0.48036182183653875,-0.39267285960644727,0.5163771412556292,-0.26539280108611585,0.1420945597027709,-0.5200582715587831,0.34385587736505097,-0.7394951821475008,0.5257753004153422,-0.7469933622459141,0.6556178437848401,-0.7004493916040309,0.17347324292809851,-0.5425952245232163,0.32776727789633586,-0.7663593125552081,0.4836338371814195,-0.8098464963227433,0.606121444947178,-0.7953721103830239,0.20446487663498905,-0.5262487126183838,0.31225346504892587,-0.7083854440782087,0.4109685456515584,-0.7621202160070175,0.5022519137716774,-0.7749634776093423
OK_SIGN,-0.0,0.0,-0.10343066404630086,0.08408270973097158,-0.22761477857978818,0.06485032767839058,-0.37604166735487643,-0.005160419093479548,-0.5092365298011178,-0.12471368508955448,-0.12142258856514326,-0.4185426887395715,-0.360905499084334,-0.5123104987802563,-0.48036182183653875,-0.39267285960644727,-0.5163771412556292,-0.26539280108611585,-0.1420945597027709,-0.5200582715587831,-0.34385587736505097,-0.7394951821475008,-0.5257753004153422,-0.7469933622459141,-0.6556178437848401,-0.7004493916040309,-0.17347324292809851,-0.5425952245232163,-0.32776727789633586,-0.7663593125552081,-0.4836338371814195,-0.8098464963227433,-0.606121444947178,-0.7953721103830239,-0.20446487663498905,-0.5262487126183838,-0.31225346504892587,-0.7083854440782087,-0.4109685456515584,-0.7621202160070175,-0.5022519137716774,-0.7749634776093423
OK_SIGN,0.0,0.0,0.12275548193040524,0.0973393470237825,0.26355598241394085,0.0688265244192722,0.4142718813258367,-0.011683704893991906,0.5358726573087685,-0.15400755841347077,0.14815457962190415,-0.36534899655039604,0.37435142625199386,-0.46820301195114367,0.49887721391307077,-0.37105394280443277,0.5501955659047468,-0.26375138884046295,0.13288801792702723,-0.48080620491441994,0.3374183946953721,-0.6832352672011162,0.5257179555475723,-0.6969980338876154,0.6586949842311647,-0.6652973397144784,0.14246623596015648,-0.5261467544363773,0.274462581679326,-0.7578482731182319,0.42428098443737794,-0.8274964954689604,0.5418346395073008,-0.8404851119621295,0.16330448854792312,-0.5265499975024965,0.24624730186751378,-0.7325458355451906,0.3454200618575796,-0.8133824666073829,0.43869890158504155,-0.8498147257337582
OK_SIGN,-0.0,0.0,-0.12275548193040524,0.0973393470237825,-0.26355598241394085,0.0688265244192722,-0.4142718813258367,-0.011683704893991906,-0.5358726573087685,-0.15400755841347077,-0.14815457962190415,-0.36534899655039604,-0.37435142625199386,-0.46820301195114367,-0.49887721391307077,-0.37105394280443277,-0.5501955659047468,-0.26375138884046295,-0.13288801792702723,-0.48080620491441994,-0.3374183946953721,-0.6832352672011162,-0.5257179555475723,-0.6969980338876154,-0.6586949842311647,-0.6652973397144784,-0.14246623596015648,-0.5261467544363773,-0.274462581679326,-0.7578482731182319,-0.42428098443737794,-0.8274964954689604,-0.5418346395073008,-0.8404851119621295,-0.16330448854792312,-0.5265499975024965,-0.24624730186751378,-0.7325458355451906,-0.3454200618575796,-0.8133824666073829,-0.43869890158504155,-0.8498147257337582
OK_SIGN,0.0,0.0,0.13802820227413218,0.08224606440271169,0.2912206813849703,0.052241707372770965,0.4398540922928423,-0.048921358146451786,0.5374683472957383,-0.2046503585675403,0.1585451942404848,-0.3523712786616734,0.3853127049175057,-0.47292689013892714,0.4994431282957184,-0.3883889332248246,0.5422943910113699,-0.2856104711666972,0.12408207527977462,-0.4698625123616568,0.32538660598139135,-0.6960938712006237,0.5093576203209138,-0.7224213473430701,0.639758906102438,-0.6887209792842709,0.12125199941089287,-0.5186796704903245,0.24060334309528367,-0.7729750313570674,0.38295605772406377,-0.8522058976822102,0.4960868042460375,-0.8682729309686866,0.13309787389407335,-0.5197971754739034,0.20600927577753692,-0.7361501864043231,0.2932341710868633,-0.8296705065086587,0.3762555987413234,-0.8725134738532762
OK_SIGN,-0.0,0.0,-0.13802820227413218,0.08224606440271169,-0.2912206813849703,0.052241707372770965,-0.4398540922928423,-0.048921358146451786,-0.5374683472957383,-0.2046503585675403,-0.1585451942404848,-0.3523712786616734,-0.3853127049175057,-0.47292689013892714,-0.4994431282957184,-0.3883889332248246,-0.5422943910113699,-0.2856104711666972,-0.12408207527977462,-0.4698625123616568,-0.32538660598139135,-0.6960938712006237,-0.5093576203209138,-0.7224213473430701,-0.639758906102438,-0.6887209792842709,-0.12125199941089287,-0.5186796704903245,-0.24060334309528367,-0.7729750313570674,-0.38295605772406377,-0.8522058976822102,-0.4960868042460375,-0.8682729309686866,-0.13309787389407335,-0.5197971754739034,-0.20600927577753692,-0.7361501864043231,-0.2932341710868633,-0.8296705065086587,-0.3762555987413234,-0.8725134738532762
OK_SIGN,0.0,0.0,0.15599228159594103,0.040190055759655986,0.3075380347004089,-0.005407552391243172,0.44674545437082497,-0.11383376729257189,0.5188568694335981,-0.27641711647352846,0.16280279039052833,-0.38008693079218175,0.38371207978997607,-0.5228032665131734,0.48367101300792203,-0.4450299055307054,0.5114600025159138,-0.3412038774283787,0.1114360711912929,-0.4889559849789423,0.30079429802443663,-0.7271681560488246,0.47447030967106063,-0.7738996536954637,0.5959288758664655,-0.749302866065555,0.08809550617320407,-0.5257006818527785,0.19132957059185876,-0.7864121716809148,0.314950893952675,-0.8806917652544403,0.4158988788732664,-0.9094108656443247,0.08392843136334184,-0.5152841489141237,0.12581293267624646,-0.7240846855589551,0.1861037867457342,-0.8389422095689094,0.24855706824177595,-0.9039492360804748
OK_SIGN,-0.0,0.0,-0.15599228159594103,0.040190055759655986,-0.3075380347004089,-0.005407552391243172,-0.44674545437082497,-0.11383376729257189,-0.5188568694335981,-0.27641711647352846,-0.16280279039052833,-0.38008693079218175,-0.38371207978997607,-0.5228032665131734,-0.48367101300792203,-0.4450299055307054,-0.5114600025159138,-0.3412038774283787,-0.1114360711912929,-0.4889559849789423,-0.30079429802443663,-0.7271681560488246,-0.47447030967106063,-0.7738996536954637,-0.5959288758664655,-0.749302866065555,-0.08809550617320407,-0.5257006818527785,-0.19132957059185876,-0.7864121716809148,-0.314950893952675,-0.8806917652544403,-0.4158988788732664,-0.9094108656443247,-0.08392843136334184,-0.5152841489141237,-0.12581293267624646,-0.7240846855589551,-0.1861037867457342,-0.8389422095689094,-0.24855706824177595,-0.9039492360804748
OK_SIGN,0.0,0.0,0.1666440187533786,0.0336898994161929,0.31932105783764453,-0.022580855591223557,0.4537639165377069,-0.13447117148781212,0.5153819802770886,-0.29777403292893245,0.1660303266610133,-0.38215905502813846,0.38015232410692784,-0.5407683682193397,0.4842311253061734,-0.4632104533346337,0.5160912901175562,-0.3593101385985123,0.10595125334346762,-0.4848621196577191,0.2909586813163637,-0.7344342109441987,0.463426524609566,-0.7838512844538764,0.5827205517167862,-0.7690056977193013,0.07682112011577973,-0.5231779312197622,0.17361691198901105,-0.7898011091777793,0.2917473000769022,-0.8849656871041652,0.3890607523647511,-0.9212120987966744,0.06989789843760298,-0.5154720513679416,0.10574370901923186,-0.7278620016053756,0.15695384296713158,-0.8430597809410817,0.21181566424731685,-0.9108699010328921
OK_SIGN,-0.0,0.0,-0.1666440187533786,0.0336898994161929,-0.31932105783764453,-0.022580855591223557,-0.4537639165377069,-0.13447117148781212,-0.5153819802770886,-0.29777403292893245,-0.1660303266610133,-0.38215905502813846,-0.38015232410692784,-0.5407683682193397,-0.4842311253061734,-0.4632104533346337,-0.5160912901175562,-0.3593101385985123,-0.10595125334346762,-0.4848621196577191,-0.2909586813163637,-0.7344342109441987,-0.463426524609566,-0.7838512844538764,-0.5827205517167862,-0.7690056977193013,-0.07682112011577973,-0.5231779312197622,-0.17361691198901105,-0.7898011091777793,-0.2917473000769022,-0.8849656871041652,-0.3890607523647511,-0.9212120987966744,-0.06989789843760298,-0.5154720513679416,-0.10574370901923186,-0.7278620016053756,-0.15695384296713158,-0.8430597809410817,-0.21181566424731685,-0.9108699010328921
OK_SIGN,0.0,0.0,0.16851908271504776,0.014161757787973451,0.3222990196830019,-0.055110491201662955,0.4537754178169378,-0.16992421546689868,0.5036813802490041,-0.32471803733244475,0.16728345319340066,-0.39653717482939704,0.36637476218988274,-0.5607465836658342,0.46125003607781334,-0.486213063715741,0.49066796866925844,-0.3820492700010409,0.10287793208358058,-0.49034254497125207,0.2708254939498946,-0.7505208409973664,0.42889517269542077,-0.8086649497542895,0.543697323482634,-0.7985577671001818,0.06742571664542918,-0.5223185376911597,0.15472558656803873,-0.7892570308243886,0.261208576684238,-0.8912371342761024,0.3540494099528469,-0.9352267186688161,0.05623223448471411,-0.5098534196327277,0.07789577605836583,-0.7129899003121823,0.11446161727067763,-0.8290146604582674,0.16283570129227212,-0.9032324816467481
OK_SIGN,-0.0,0.0,-0.16851908271504776,0.014161757787973451,-0.3222990196830019,-0.055110491201662955,-0.4537754178169378,-0.16992421546689868,-0.5036813802490041,-0.32471803733244475,-0.16728345319340066,-0.39653717482939704,-0.36637476218988274,-0.5607465836658342,-0.46125003607781334,-0.486213063715741,-0.49066796866925844,-0.3820492700010409,-0.10287793208358058,-0.49034254497125207,-0.2708254939498946,-0.7505208409973664,-0.42889517269542077,-0.8086649497542895,-0.543697323482634,-0.7985577671001818,-0.06742571664542918,-0.5223185376911597,-0.15472558656803873,-0.7892570308243886,-0.261208576684238,-0.8912371342761024,-0.3540494099528469,-0.9352267186688161,-0.05623223448471411,-0.5098534196327277,-0.07789577605836583,-0.7129899003121823,-0.11446161727067763,-0.8290146604582674,-0.16283570129227212,-0.9032324816467481
OK_SIGN,0.0,0.0,0.17316232752466046,0.007595940547164978,0.32904738908283965,-0.0691368281044892,0.4578445618419081,-0.19139762114159595,0.5026931694824976,-0.34684087618262377,0.16920632707925073,-0.41503485011587404,0.35882130654303857,-0.5781875239581982,0.45215386145621084,-0.5071438414923247,0.48205239514996506,-0.4077811199510112,0.10300516365293938,-0.5049235902171482,0.2622668893064895,-0.7691862763004222,0.4167905346550763,-0.8326173919599906,0.5293458699841148,-0.8237328356194682,0.06587461078319948,-0.5316821015232932,0.1485088943296483,-0.8009041747200853,0.2557878136815643,-0.9008499452712456,0.348763065443215,-0.937210928330785,0.052047374298294966,-0.5132407552870141,0.07879837957482815,-0.7262959352885581,0.12314303400148037,-0.8369678221550018,0.17885399643030758,-0.8953108182577096
OK_SIGN,-0.0,0.0,-0.17316232752466046,0.007595940547164978,-0.32904738908283965,-0.0691368281044892,-0.4578445618419081,-0.19139762114159595,-0.5026931694824976,-0.34684087618262377,-0.16920632707925073,-0.41503485011587404,-0.35882130654303857,-0.5781875239581982,-0.45215386145621084,-0.5071438414923247,-0.48205239514996506,-0.4077811199510112,-0.10300516365293938,-0.5049235902171482,-0.2622668893064895,-0.7691862763004222,-0.4167905346550763,-0.8326173919599906,-0.5293458699841148,-0.8237328356194682,-0.06587461078319948,-0.5316821015232932,-0.1485088943296483,-0.8009041747200853,-0.2557878136815643,-0.9008499452712456,-0.348763065443215,-0.937210928330785,-0.052047374298294966,-0.5132407552870141,-0.07879837957482815,-0.7262959352885581,-0.12314303400148037,-0.8369678221550018,-0.17885399643030758,-0.8953108182577096
OK_SIGN,0.0,0.0,0.19024847754251195,-0.006866266910326937,0.349618710262687,-0.09672053623197527,0.473430624724005,-0.22263055848167973,0.5073333901098055,-0.37318093591459733,0.1878642752995286,-0.43034200271180434,0.36442004978164644,-0.6048023684098245,0.45351475386606155,-0.5402399775490677,0.4831373891781148,-0.44001130825790796,0.1065148138554443,-0.5096775162285029,0.24973109696800216,-0.7881267549198253,0.3973323623815209,-0.8610104213665178,0.5068492050980233,-0.8620347343880651,0.05597931185882183,-0.5310223871752736,0.12863806128146016,-0.8087350430598208,0.23459377230911008,-0.9066024107504463,0.32783292016076115,-0.9418915646725169,0.03251694936559156,-0.5064183458679442,0.051851471057361466,-0.7311198585191064,0.09931452471739467,-0.8389437712425549,0.16144102331363994,-0.8925559745522215
OK_SIGN,-0.0,0.0,-0.19024847754251195,-0.006866266910326937,-0.349618710262687,-0.09672053623197527,-0.473430624724005,-0.22263055848167973,-0.5073333901098055,-0.37318093591459733,-0.1878642752995286,-0.43034200271180434,-0.36442004978164644,-0.6048023684098245,-0.45351475386606155,-0.5402399775490677,-0.4831373891781148,-0.44001130825790796,-0.1065148138554443,-0.5096775162285029,-0.24973109696800216,-0.7881267549198253,-0.3973323623815209,-0.8610104213665178,-0.5068492050980233,-0.8620347343880651,-0.05597931185882183,-0.5310223871752736,-0.12863806128146016,-0.8087350430598208,-0.23459377230911008,-0.9066024107504463,-0.32783292016076115,-0.9418915646725169,-0.03251694936559156,-0.5064183458679442,-0.051851471057361466,-0.7311198585191064,-0.09931452471739467,-0.8389437712425549,-0.16144102331363994,-0.8925559745522215
OK_SIGN,0.0,0.0,0.18871435591552427,-0.021583104361362015,0.3371471293783127,-0.11797100798076036,0.44830438354059504,-0.24413200107828203,0.48666362895302295,-0.3888580277828686,0.18306325817989094,-0.4371041726362207,0.3429372751458864,-0.6122159166764086,0.4322676706248388,-0.546548102084848,0.46566561501506437,-0.4462614101248501,0.09839997747248988,-0.5054463203602293,0.22558377811411143,-0.7894365958930316,0.3687093515644765,-0.8677170355948128,0.47613696447394843,-0.8793711338573343,0.04246984785349613,-0.521420033390472,0.100603532553216,-0.8047347612309632,0.19914487952737922,-0.9052008467658479,0.2885937500133965,-0.9485267565960682,0.012586928841796465,-0.4934138225312243,0.013329639055004472,-0.7161282640553133,0.04908899846780208,-0.8259694850310102,0.10296879000844956,-0.8871575834939511
OK_SIGN,-0.0,0.0,-0.18871435591552427,-0.021583104361362015,-0.3371471293783127,-0.11797100798076036,-0.44830438354059504,-0.24413200107828203,-0.48666362895302295,-0.3888580277828686,-0.18306325817989094,-0.4371041726362207,-0.3429372751458864,-0.6122159166764086,-0.4322676706248388,-0.546548102084848,-0.46566561501506437,-0.4462614101248501,-0.09839997747248988,-0.5054463203602293,-0.22558377811411143,-0.7894365958930316,-0.3687093515644765,-0.8677170355948128,-0.47613696447394843,-0.8793711338573343,-0.04246984785349613,-0.521420033390472,-0.100603532553216,-0.8047347612309632,-0.19914487952737922,-0.9052008467658479,-0.2885937500133965,-0.9485267565960682,-0.012586928841796465,-0.4934138225312243,-0.013329639055004472,-0.7161282640553133,-0.04908899846780208,-0.8259694850310102,-0.10296879000844956,-0.8871575834939511
OK_SIGN,0.0,0.0,0.1888984857000211,-0.02985728582918175,0.3389498733943793,-0.13102432141524445,0.4495875062561801,-0.2632007887094582,0.47468828707426647,-0.4033641314699187,0.18751246611860112,-0.4410492650860483,0.33757801822164185,-0.6215806092344545,0.42345964484942333,-0.5608831402849586,0.45698430533344936,-0.46282012219023183,0.0995414282509621,-0.5033506118800524,0.2149021670920217,-0.7881266922783619,0.35004237594385784,-0.8723624307131566,0.45334807628178764,-0.8913335636738934,0.03931307485947903,-0.5170827646589463,0.08713630351050927,-0.8011619722459962,0.17760059922464647,-0.9048399711894102,0.26357445546805375,-0.9503468361432839,0.007996935415595144,-0.48926652183315517,0.006060274446643173,-0.7104526161657329,0.03617074908102451,-0.8173664581767438,0.08685695883700395,-0.8742011480152528
OK_SIGN,-0.0,0.0,-0.1888984857000211,-0.02985728582918175,-0.3389498733943793,-0.13102432141524445,-0.4495875062561801,-0.2632007887094582,-0.47468828707426647,-0.4033641314699187,-0.18751246611860112,-0.4410492650860483,-0.33757801822164185,-0.6215806092344545,-0.42345964484942333,-0.5608831402849586,-0.45698430533344936,-0.46282012219023183,-0.0995414282509621,-0.5033506118800524,-0.2149021670920217,-0.7881266922783619,-0.35004237594385784,-0.8723624307131566,-0.45334807628178764,-0.8913335636738934,-0.03931307485947903,-0.5170827646589463,-0.08713630351050927,-0.8011619722459962,-0.17760059922464647,-0.9048399711894102,-0.26357445546805375,-0.9503468361432839,-0.007996935415595144,-0.48926652183315517,-0.006060274446643173,-0.7104526161657329,-0.03617074908102451,-0.8173664581767438,-0.08685695883700395,-0.8742011480152528
OK_SIGN,0.0,0.0,0.19126642108122724,-0.03597151446447259,0.33804741788595233,-0.15473102070387773,0.44158018895154555,-0.29866098128467905,0.46197201345669847,-0.4409892351944679,0.18113132895418718,-0.4749410593572064,0.31982489954087484,-0.6598659301713435,0.40521784122446725,-0.5991539934878225,0.43998929291343036,-0.5015482550630379,0.08636012197027718,-0.5286028954373341,0.18766136384369939,-0.8112315430875683,0.3168032863841373,-0.8953323253062365,0.41551187441227133,-0.9095877539976013,0.020151184768295135,-0.531947177102684,0.05594939901075082,-0.8079327320995189,0.1468807682182577,-0.9072324389325611,0.23527361926887794,-0.9449181401645266,-0.016392468000578975,-0.49581705167310836,-0.025637869797350325,-0.7109839665640089,0.005353739001593649,-0.8100544219604973,0.05907424958546134,-0.8585575230507579
OK_SIGN,-0.0,0.0,-0.19126642108122724,-0.03597151446447259,-0.33804741788595233,-0.15473102070387773,-0.44158018895154555,-0.29866098128467905,-0.46197201345669847,-0.4409892351944679,-0.18113132895418718,-0.4749410593572064,-0.31982489954087484,-0.6598659301713435,-0.40521784122446725,-0.5991539934878225,-0.43998929291343036,-0.5015482550630379,-0.08636012197027718,-0.5286028954373341,-0.18766136384369939,-0.8112315430875683,-0.3168032863841373,-0.8953323253062365,-0.41551187441227133,-0.9095877539976013,-0.020151184768295135,-0.531947177102684,-0.05594939901075082,-0.8079327320995189,-0.1468807682182577,-0.9072324389325611,-0.23527361926887794,-0.9449181401645266,0.016392468000578975,-0.49581705167310836,0.025637869797350325,-0.7109839665640089,-0.005353739001593649,-0.8100544219604973,-0.05907424958546134,-0.8585575230507579
OK_SIGN,0.0,0.0,0.19258973349695427,-0.04380165824274144,0.33855424944661805,-0.16431267948394027,0.44128677410569084,-0.31299491129260565,0.4591657208367759,-0.4576127885003517,0.1792647515727047,-0.48828825836028183,0.31468781652955086,-0.6814894568579467,0.39791009078006395,-0.6210665855025883,0.4333164087208775,-0.5207837130080215,0.0818581915649423,-0.5383822925867687,0.17685293675457675,-0.8224006224447922,0.30135162666082843,-0.9076126860553905,0.39772831983098283,-0.9175032335661948,0.013561275731029152,-0.5341022061223132,0.04659580722683185,-0.8126301600533391,0.1357115220540667,-0.9124974116295618,0.22268626667622266,-0.947158443398065,-0.02364775159445918,-0.491104907503577,-0.034098190707347445,-0.6957158777447928,-0.00562546115248531,-0.7920076264936798,0.04377182657098681,-0.8399220104661178
OK_SIGN,-0.0,0.0,-0.19258973349695427,-0.04380165824274144,-0.33855424944661805,-0.16431267948394027,-0.44128677410569084,-0.31299491129260565,-0.4591657208367759,-0.4576127885003517,-0.1792647515727047,-0.48828825836028183,-0.31468781652955086,-0.6814894568579467,-0.39791009078006395,-0.6210665855025883,-0.4333164087208775,-0.5207837130080215,-0.0818581915649423,-0.5383822925867687,-0.17685293675457675,-0.8224006224447922,-0.30135162666082843,-0.9076126860553905,-0.39772831983098283,-0.9175032335661948,-0.013561275731029152,-0.5341022061223132,-0.04659580722683185,-0.8126301600533391,-0.1357115220540667,-0.9124974116295618,-0.22268626667622266,-0.947158443398065,0.02364775159445918,-0.491104907503577,0.034098190707347445,-0.6957158777447928,0.00562546115248531,-0.7920076264936798,-0.04377182657098681,-0.8399220104661178
OK_SIGN,0.0,0.0,0.18848173795264986,-0.04023600104226201,0.34186225048493507,-0.1552243554396774,0.4486660503849574,-0.3020345098838178,0.464915833258159,-0.44273126441331684,0.1830190031160829,-0.4873367195233859,0.3222816761368387,-0.6708408654594402,0.40618695173918373,-0.6106082746808321,0.44068179032784816,-0.5141247250336356,0.09136553471742946,-0.5401133872863662,0.1917130492996268,-0.8145311129580272,0.31702940889697306,-0.8984018665377754,0.4125498441456357,-0.9109350284709726,0.028396948568233202,-0.5412363536590982,0.06761621767444995,-0.8084297207034196,0.16036321700144734,-0.9007551177447903,0.24883132003005826,-0.9263145061513173,-0.003567192281807592,-0.5065845816247161,-0.006904487905887244,-0.7132104775939346,0.02899082742073171,-0.7995322947780554,0.08645198355434681,-0.8341868185678619
OK_SIGN,-0.0,0.0,-0.18848173795264986,-0.04023600104226201,-0.34186225048493507,-0.1552243554396774,-0.4486660503849574,-0.3020345098838178,-0.464915833258159,-0.44273126441331684,-0.1830190031160829,-0.4873367195233859,-0.3222816761368387,-0.6708408654594402,-0.40618695173918373,-0.6106082746808321,-0.44068179032784816,-0.5141247250336356,-0.09136553471742946,-0.5401133872863662,-0.1917130492996268,-0.8145311129580272,-0.31702940889697306,-0.8984018665377754,-0.4125498441456357,-0.9109350284709726,-0.028396948568233202,-0.5412363536590982,-0.06761621767444995,-0.8084297207034196,-0.16036321700144734,-0.9007551177447903,-0.24883132003005826,-0.9263145061513173,0.003567192281807592,-0.5065845816247161,0.006904487905887244,-0.7132104775939346,-0.02899082742073171,-0.7995322947780554,-0.08645198355434681,-0.8341868185678619
OK_SIGN,0.0,0.0,0.18867745375276326,-0.03821216444263645,0.3454299694311164,-0.1505553237802032,0.4552932173222787,-0.30207657807533167,0.4643211964283449,-0.44529129722016825,0.18313503524357486,-0.47663105296033764,0.32303508405540426,-0.6643626858434847,0.4064248600436402,-0.6085995572692554,0.4436122670006342,-0.5139947739444599,0.09164991710204733,-0.532751732697011,0.18965523310434362,-0.8117275017480242,0.31365339214242993,-0.8978065464444086,0.4099813467754253,-0.9120939070601274,0.02958629480023856,-0.5354657838311212,0.06831204790211524,-0.8055067790615874,0.16154169863482642,-0.9019979472473811,0.24926915014896722,-0.9320394209487011,0.000651435688495287,-0.49969798432492396,0.00248959077775655,-0.7069870399749344,0.036876082946006944,-0.7946464023995642,0.08925578455762478,-0.829329115484192
OK_SIGN,-0.0,0.0,-0.18867745375276326,-0.03821216444263645,-0.3454299694311164,-0.1505553237802032,-0.4552932173222787,-0.30207657807533167,-0.4643211964283449,-0.44529129722016825,-0.18313503524357486,-0.47663105296033764,-0.32303508405540426,-0.6643626858434847,-0.4064248600436402,-0.6085995572692554,-0.4436122670006342,-0.5139947739444599,-0.09164991710204733,-0.532751732697011,-0.18965523310434362,-0.8117275017480242,-0.31365339214242993,-0.8978065464444086,-0.4099813467754253,-0.9120939070601274,-0.02958629480023856,-0.5354657838311212,-0.06831204790211524,-0.8055067790615874,-0.16154169863482642,-0.9019979472473811,-0.24926915014896722,-0.9320394209487011,-0.000651435688495287,-0.49969798432492396,-0.00248959077775655,-0.7069870399749344,-0.036876082946006944,-0.7946464023995642,-0.08925578455762478,-0.829329115484192
OK_SIGN,0.0,0.0,0.19078923186318494,-0.03208857034403916,0.340774186703122,-0.14538706734955192,0.4489012279697538,-0.2856478578628287,0.4779870997454904,-0.4305557061383117,0.16737416159197271,-0.4840982257049231,0.3170531397663293,-0.6706882823854943,0.40372971364310845,-0.607421088955727,0.43598345873445654,-0.5109388249129988,0.08054362277078686,-0.542399985985512,0.20069708409649262,-0.8155442428611799,0.33512971125086793,-0.8935972512416964,0.43423744700968986,-0.9007984456106187,0.02362593345762252,-0.546740217854645,0.07588467582368444,-0.8158365469641297,0.1749268512200783,-0.9087766831352616,0.2641769240904046,-0.9358066600741851,-0.004817073106222829,-0.5121800558161695,-0.006327339279046319,-0.7250159976917552,0.03756557813475431,-0.8124989130727492,0.10017529963975778,-0.84436379689524
OK_SIGN,-0.0,0.0,-0.19078923186318494,-0.03208857034403916,-0.340774186703122,-0.14538706734955192,-0.4489012279697538,-0.2856478578628287,-0.4779870997454904,-0.4305557061383117,-0.16737416159197271,-0.4840982257049231,-0.3170531397663293,-0.6706882823854943,-0.40372971364310845,-0.607421088955727,-0.43598345873445654,-0.5109388249129988,-0.08054362277078686,-0.542399985985512,-0.20069708409649262,-0.8155442428611799,-0.33512971125086793,-0.8935972512416964,-0.43423744700968986,-0.9007984456106187,-0.02362593345762252,-0.546740217854645,-0.07588467582368444,-0.8158365469641297,-0.1749268512200783,-0.9087766831352616,-0.2641769240904046,-0.9358066600741851,0.004817073106222829,-0.5121800558161695,0.006327339279046319,-0.7250159976917552,-0.03756557813475431,-0.8124989130727492,-0.10017529963975778,-0.84436379689524
OK_SIGN,0.0,0.0,0.1879772995486332,-0.029980966226050246,0.34433249402878635,-0.14008720406438405,0.46109515025947306,-0.28059161228146856,0.4892510817955662,-0.424083945965787,0.17192207136458315,-0.47861730016724285,0.33114174506898564,-0.6577935787803376,0.4137025753968814,-0.5915802912269982,0.4431105438967258,-0.49972957925716405,0.08983821558489073,-0.5373454493985368,0.2176296984016776,-0.8068578038226997,0.35252918872115796,-0.8819130346562258,0.4541802079263442,-0.8909098375974882,0.037427644336216724,-0.5406070112076824,0.09959853438802434,-0.8039831364628534,0.19897445801325245,-0.896331284153215,0.2865731515916448,-0.9252188936274385,0.013909012519394972,-0.5039009415751289,0.025799585574748242,-0.7124512282360779,0.06641356931895205,-0.8034846819287661,0.12276363789962737,-0.8421222522682662
OK_SIGN,-0.0,0.0,-0.1879772995486332,-0.029980966226050246,-0.34433249402878635,-0.14008720406438405,-0.46109515025947306,-0.28059161228146856,-0.4892510817955662,-0.424083945965787,-0.17192207136458315,-0.47861730016724285,-0.33114174506898564,-0.6577935787803376,-0.4137025753968814,-0.5915802912269982,-0.4431105438967258,-0.49972957925716405,-0.08983821558489073,-0.5373454493985368,-0.2176296984016776,-0.8068578038226997,-0.35252918872115796,-0.8819130346562258,-0.4541802079263442,-0.8909098375974882,-0.037427644336216724,-0.5406070112076824,-0.09959853438802434,-0.8039831364628534,-0.19897445801325245,-0.896331284153215,-0.2865731515916448,-0.9252188936274385,-0.013909012519394972,-0.5039009415751289,-0.025799585574748242,-0.7124512282360779,-0.06641356931895205,-0.8034846819287661,-0.12276363789962737,-0.8421222522682662
OK_SIGN,0.0,0.0,0.18561355912108804,-0.010594559260814675,0.3356880339302493,-0.12480360923317936,0.4534039563586827,-0.27556571787987566,0.4893287236435543,-0.43127987223330116,0.15171167369498212,-0.47407402168759794,0.32093220358191643,-0.661274025154981,0.40910692290827466,-0.5895156082949449,0.43814375814125484,-0.49582650701005526,0.0756240921352907,-0.5413761728014507,0.2142929656002502,-0.8083696980047643,0.35359279270631994,-0.8807573509242009,0.4579961686972001,-0.888954166118077,0.030094779687156983,-0.5446467060142451,0.10867517346142669,-0.7968807080685498,0.21627771714505745,-0.8924939302638891,0.3069482544539862,-0.924321921654447,0.01243039647137865,-0.5088340968150261,0.039631652131051326,-0.7128791111435077,0.08876926023521985,-0.8091986029379338,0.14859014069551635,-0.8555009130345816
OK_SIGN,-0.0,0.0,-0.18561355912108804,-0.010594559260814675,-0.3356880339302493,-0.12480360923317936,-0.4534039563586827,-0.27556571787987566,-0.4893287236435543,-0.43127987223330116,-0.15171167369498212,-0.47407402168759794,-0.32093220358191643,-0.661274025154981,-0.40910692290827466,-0.5895156082949449,-0.43814375814125484,-0.49582650701005526,-0.0756240921352907,-0.5413761728014507,-0.2142929656002502,-0.8083696980047643,-0.35359279270631994,-0.8807573509242009,-0.4579961686972001,-0.888954166118077,-0.030094779687156983,-0.5446467060142451,-0.10867517346142669,-0.7968807080685498,-0.21627771714505745,-0.8924939302638891,-0.3069482544539862,-0.924321921654447,-0.01243039647137865,-0.5088340968150261,-0.039631652131051326,-0.7128791111435077,-0.08876926023521985,-0.8091986029379338,-0.14859014069551635,-0.8555009130345816
OK_SIGN,0.0,0.0,0.17252250152642656,-0.01218521999805883,0.3213069307981036,-0.1346319389811905,0.44374941556159503,-0.2810531552177576,0.4893626762546945,-0.4435108302467662,0.13284829556091468,-0.49342156463673875,0.31139306719275583,-0.6683733848722498,0.41254753744555467,-0.5886857168941352,0.4481385730755754,-0.4874934843151574,0.07586727849825349,-0.5652510394385033,0.21952501832474258,-0.8265820636986335,0.3711659904259364,-0.8871040981575479,0.47984449615409186,-0.8773535544526081,0.047729506386745855,-0.571075597410514,0.1404818158583966,-0.8259288705096473,0.26418316004471537,-0.9080019595728214,0.36182901764340547,-0.9211017710131649,0.04501208791683581,-0.5424572845761656,0.09491694624689949,-0.7586304427861329,0.16079414518628152,-0.8514002076122188,0.2316587363859532,-0.8861964197269206
OK_SIGN,-0.0,0.0,-0.17252250152642656,-0.01218521999805883,-0.3213069307981036,-0.1346319389811905,-0.44374941556159503,-0.2810531552177576,-0.4893626762546945,-0.4435108302467662,-0.13284829556091468,-0.49342156463673875,-0.31139306719275583,-0.6683733848722498,-0.41254753744555467,-0.5886857168941352,-0.4481385730755754,-0.4874934843151574,-0.07586727849825349,-0.5652510394385033,-0.21952501832474258,-0.8265820636986335,-0.3711659904259364,-0.8871040981575479,-0.47984449615409186,-0.8773535544526081,-0.047729506386745855,-0.571075597410514,-0.1404818158583966,-0.8259288705096473,-0.26418316004471537,-0.9080019595728214,-0.36182901764340547,-0.9211017710131649,-0.04501208791683581,-0.5424572845761656,-0.09491694624689949,-0.7586304427861329,-0.16079414518628152,-0.8514002076122188,-0.2316587363859532,-0.8861964197269206
OK_SIGN,0.0,0.0,0.17048449380043124,-0.011079229675835533,0.3188879268689348,-0.13256852600329377,0.44088932988812357,-0.2786510211206358,0.48663557145386926,-0.4387388390072541,0.13059009820785372,-0.4782387567994253,0.3055058756221634,-0.665429444984463,0.40532934205460286,-0.5905635462286992,0.44255195430432503,-0.49334041825935204,0.06981432048937068,-0.5499163427423321,0.21432851544248424,-0.8128618230621864,0.3631725252695269,-0.8807279097231597,0.47206804552360004,-0.8815621137478223,0.0393056557619582,-0.5598175824363593,0.1320894200417395,-0.8167951188534303,0.2503645473141408,-0.9056841165449827,0.34615988338279363,-0.9287180308340367,0.03559647575425689,-0.5365612534323285,0.08560159763473839,-0.7528175048269923,0.1495888226985731,-0.8514309161351582,0.22027068815649578,-0.896073334308564
OK_SIGN,-0.0,0.0,-0.17048449380043124,-0.011079229675835533,-0.3188879268689348,-0.13256852600329377,-0.44088932988812357,-0.2786510211206358,-0.48663557145386926,-0.4387388390072541,-0.13059009820785372,-0.4782387567994253,-0.3055058756221634,-0.665429444984463,-0.40532934205460286,-0.5905635462286992,-0.44255195430432503,-0.49334041825935204,-0.06981432048937068,-0.5499163427423321,-0.21432851544248424,-0.8128618230621864,-0.3631725252695269,-0.8807279097231597,-0.47206804552360004,-0.8815621137478223,-0.0393056557619582,-0.5598175824363593,-0.1320894200417395,-0.8167951188534303,-0.2503645473141408,-0.9056841165449827,-0.34615988338279363,-0.9287180308340367,-0.03559647575425689,-0.5365612534323285,-0.08560159763473839,-0.7528175048269923,-0.1495888226985731,-0.8514309161351582,-0.22027068815649578,-0.896073334308564
OK_SIGN,0.0,0.0,0.13903088092899119,0.04382438993384197,0.2698530944604417,-0.038473754136098215,0.3963850310279915,-0.17193261927716913,0.49195978082374614,-0.3345171986014406,0.08489586394667584,-0.4188613821968971,0.2912962505273124,-0.5979899129293366,0.41333466878906094,-0.5169392654547197,0.4578208981819438,-0.4185691287566281,0.05586995656959805,-0.5108510502812319,0.2332090432887161,-0.7581195810515905,0.40866312628652296,-0.7980768996542315,0.5336406249374376,-0.7860046116927226,0.06249631446900653,-0.5438756890316301,0.1808619661391334,-0.7967931257623565,0.3216046930593097,-0.8778201487536093,0.43284300621277016,-0.9014693183756682,0.08497142690095671,-0.5434483247820088,0.15176695493618517,-0.7579259841617,0.23739331976171688,-0.8475716964827388,0.32291483435209306,-0.8966847853665534
OK_SIGN,-0.0,0.0,-0.13903088092899119,0.04382438993384197,-0.2698530944604417,-0.038473754136098215,-0.3963850310279915,-0.17193261927716913,-0.49195978082374614,-0.3345171986014406,-0.08489586394667584,-0.4188613821968971,-0.2912962505273124,-0.5979899129293366,-0.41333466878906094,-0.5169392654547197,-0.4578208981819438,-0.4185691287566281,-0.05586995656959805,-0.5108510502812319,-0.2332090432887161,-0.7581195810515905,-0.40866312628652296,-0.7980768996542315,-0.5336406249374376,-0.7860046116927226,-0.06249631446900653,-0.5438756890316301,-0.1808619661391334,-0.7967931257623565,-0.3216046930593097,-0.8778201487536093,-0.43284300621277016,-0.9014693183756682,-0.08497142690095671,-0.5434483247820088,-0.15176695493618517,-0.7579259841617,-0.23739331976171688,-0.8475716964827388,-0.32291483435209306,-0.8966847853665534
OK_SIGN,0.0,0.0,0.142438219830789,0.0382243049797133,0.28593293637473366,-0.0440741794705475,0.41309347672457003,-0.17947643445846656,0.4967412337211298,-0.3482762044109132,0.09898961618438641,-0.41284954094308624,0.3016563474462834,-0.5923240359049164,0.42101226517270873,-0.5187832603569323,0.46868174245332916,-0.4248886136771692,0.061197642636692084,-0.5042767952657231,0.23560379209317922,-0.7538484013388481,0.4060449051535641,-0.7983655794729142,0.52944537863818,-0.7843774007782873,0.06025584070189219,-0.5374450088324773,0.1642721913728793,-0.7955541909396587,0.29599284095041006,-0.8861389102916991,0.40384022643171863,-0.9148295313967396,0.07910378085452191,-0.5351870821120714,0.13927304947928468,-0.7506003615856109,0.22396875177201284,-0.844500474119531,0.3103308343110751,-0.8962556773823943
OK_SIGN,-0.0,0.0,-0.142438219830789,0.0382243049797133,-0.28593293637473366,-0.0440741794705475,-0.41309347672457003,-0.17947643445846656,-0.4967412337211298,-0.3482762044109132,-0.09898961618438641,-0.41284954094308624,-0.3016563474462834,-0.5923240359049164,-0.42101226517270873,-0.5187832603569323,-0.46868174245332916,-0.4248886136771692,-0.061197642636692084,-0.5042767952657231,-0.23560379209317922,-0.7538484013388481,-0.4060449051535641,-0.7983655794729142,-0.52944537863818,-0.7843774007782873,-0.06025584070189219,-0.5374450088324773,-0.1642721913728793,-0.7955541909396587,-0.29599284095041006,-0.8861389102916991,-0.40384022643171863,-0.9148295313967396,-0.07910378085452191,-0.5351870821120714,-0.13927304947928468,-0.7506003615856109,-0.22396875177201284,-0.844500474119531,-0.3103308343110751,-0.8962556773823943
OK_SIGN,0.0,0.0,0.14802569100510032,0.021544468896535718,0.2897276179879067,-0.0663327222175744,0.4163281976145298,-0.19984170799923676,0.4889653734506713,-0.3681307405730727,0.10777442140856652,-0.4217203438787414,0.30121311409057583,-0.6134723907546857,0.4157026628621277,-0.5405487918261607,0.4587006407896801,-0.44001017966206635,0.06002206480414484,-0.5137003404543746,0.22496253356790838,-0.7652113588058589,0.39212710647857024,-0.8187058081311719,0.5116980001294622,-0.8059767569794474,0.04777970572825209,-0.5441799341233499,0.13968315970811718,-0.8058958455140577,0.2602063795590973,-0.9019455315194833,0.3621826119608328,-0.9321071588574078,0.05878986881610525,-0.5378229666919326,0.11012059177268872,-0.7512079083855513,0.1861411076210895,-0.8507616899595737,0.2671685228104806,-0.9039067170925615
OK_SIGN,-0.0,0.0,-0.14802569100510032,0.021544468896535718,-0.2897276179879067,-0.0663327222175744,-0.4163281976145298,-0.19984170799923676,-0.4889653734506713,-0.3681307405730727,-0.10777442140856652,-0.4217203438787414,-0.30121311409057583,-0.6134723907546857,-0.4157026628621277,-0.5405487918261607,-0.4587006407896801,-0.44001017966206635,-0.06002206480414484,-0.5137003404543746,-0.22496253356790838,-0.7652113588058589,-0.39212710647857024,-0.8187058081311719,-0.5116980001294622,-0.8059767569794474,-0.04777970572825209,-0.5441799341233499,-0.13968315970811718,-0.8058958455140577,-0.2602063795590973,-0.9019455315194833,-0.3621826119608328,-0.9321071588574078,-0.05878986881610525,-0.5378229666919326,-0.11012059177268872,-0.7512079083855513,-0.1861411076210895,-0.8507616899595737,-0.2671685228104806,-0.9039067170925615
OK_SIGN,0.0,0.0,0.16835918977267517,-0.0025750503127056255,0.31561106345913786,-0.10112130672028803,0.4395425556922619,-0.2424571967297765,0.48124286793852183,-0.4114152060532067,0.13602125077245023,-0.4137968498546495,0.3147435956995269,-0.6225099967993151,0.41718508280957506,-0.5606199131952097,0.45899977253573326,-0.4695998464582831,0.06556093582135498,-0.5024446990430755,0.22363355874478494,-0.7736796568649269,0.37981966863516164,-0.8399128023492306,0.4930576660460397,-0.8321634124749764,0.03059425053184231,-0.5336539284164311,0.10956024382986708,-0.8158563315366645,0.21979926203455344,-0.9163716648535181,0.3172259825792907,-0.9483499754713992,0.023333090062216285,-0.5241602609329853,0.044926447315766796,-0.7380167754652461,0.10038050423458941,-0.843629607549574,0.16728813178210478,-0.8963358275727394
OK_SIGN,-0.0,0.0,-0.16835918977267517,-0.0025750503127056255,-0.31561106345913786,-0.10112130672028803,-0.4395425556922619,-0.2424571967297765,-0.48124286793852183,-0.4114152060532067,-0.13602125077245023,-0.4137968498546495,-0.3147435956995269,-0.6225099967993151,-0.41718508280957506,-0.5606199131952097,-0.45899977253573326,-0.4695998464582831,-0.06556093582135498,-0.5024446990430755,-0.22363355874478494,-0.7736796568649269,-0.37981966863516164,-0.8399128023492306,-0.4930576660460397,-0.8321634124749764,-0.03059425053184231,-0.5336539284164311,-0.10956024382986708,-0.8158563315366645,-0.21979926203455344,-0.9163716648535181,-0.3172259825792907,-0.9483499754713992,-0.023333090062216285,-0.5241602609329853,-0.044926447315766796,-0.7380167754652461,-0.10038050423458941,-0.843629607549574,-0.16728813178210478,-0.8963358275727394
OK_SIGN,0.0,0.0,0.1834511046131346,-0.013289200289496022,0.3316155985692887,-0.10078441806829869,0.4491577538335365,-0.23645450933964796,0.4872680438663883,-0.39373111341974454,0.17118383398351175,-0.35341747786318173,0.3409736861254555,-0.5755738597406774,0.4344319432950144,-0.5355057901452244,0.4726736572018247,-0.448278604650381,0.08689611583614872,-0.43810267710711326,0.23821182017528428,-0.7331954412031374,0.380663366884051,-0.8094856421814075,0.48414810528810576,-0.8160170054754561,0.034170207229227284,-0.482143418018456,0.10904107974527862,-0.7816448482232518,0.21256861114523723,-0.8941871356814717,0.30492568931827796,-0.9523761462750803,0.009742566165518352,-0.48512864095386427,0.01235318579832211,-0.7167148709498886,0.046516315724380676,-0.8375784210500586,0.09652618579897367,-0.9126816101573342
OK_SIGN,-0.0,0.0,-0.1834511046131346,-0.013289200289496022,-0.3316155985692887,-0.10078441806829869,-0.4491577538335365,-0.23645450933964796,-0.4872680438663883,-0.39373111341974454,-0.17118383398351175,-0.35341747786318173,-0.3409736861254555,-0.5755738597406774,-0.4344319432950144,-0.5355057901452244,-0.4726736572018247,-0.448278604650381,-0.08689611583614872,-0.43810267710711326,-0.23821182017528428,-0.7331954412031374,-0.380663366884051,-0.8094856421814075,-0.48414810528810576,-0.8160170054754561,-0.034170207229227284,-0.482143418018456,-0.10904107974527862,-0.7816448482232518,-0.21256861114523723,-0.8941871356814717,-0.30492568931827796,-0.9523761462750803,-0.009742566165518352,-0.48512864095386427,-0.01235318579832211,-0.7167148709498886,-0.046516315724380676,-0.8375784210500586,-0.09652618579897367,-0.9126816101573342
OK_SIGN,0.0,0.0,0.1851220981631727,-0.03099742037778729,0.3299613674557081,-0.1350596900834738,0.43739093119725886,-0.2891609055167999,0.4594038132438981,-0.4553080497096658,0.1856454141540877,-0.33685053102335694,0.3449823874040582,-0.5813381440038845,0.42754648548544505,-0.565746152699018,0.4631137875152033,-0.48037818176962754,0.08984684463444619,-0.41133992668892067,0.21669787769691382,-0.7245460085745091,0.34124594695015315,-0.8228594337333958,0.43696479318355846,-0.850881438183936,0.019666728025315567,-0.4546719682965695,0.07997154877113566,-0.7646973183782395,0.1671802183449592,-0.8942100700379984,0.2470810553214801,-0.9689948153118383,-0.021096876101014992,-0.4624585465343353,-0.02704787032472749,-0.6934206412526198,-0.007940910179858538,-0.8240046238307968,0.02816829911632194,-0.9147946712549498
OK_SIGN,-0.0,0.0,-0.1851220981631727,-0.03099742037778729,-0.3299613674557081,-0.1350596900834738,-0.43739093119725886,-0.2891609055167999,-0.4594038132438981,-0.4553080497096658,-0.1856454141540877,-0.33685053102335694,-0.3449823874040582,-0.5813381440038845,-0.42754648548544505,-0.565746152699018,-0.4631137875152033,-0.48037818176962754,-0.08984684463444619,-0.41133992668892067,-0.21669787769691382,-0.7245460085745091,-0.34124594695015315,-0.8228594337333958,-0.43696479318355846,-0.850881438183936,-0.019666728025315567,-0.4546719682965695,-0.07997154877113566,-0.7646973183782395,-0.1671802183449592,-0.8942100700379984,-0.2470810553214801,-0.9689948153118383,0.021096876101014992,-0.4624585465343353,0.02704787032472749,-0.6934206412526198,0.007940910179858538,-0.8240046238307968,-0.02816829911632194,-0.9147946712549498
OK_SIGN,0.0,0.0,0.18376733692168065,-0.025626975121962933,0.33059580353993095,-0.1326183285582419,0.4380558693912176,-0.29570791734874086,0.4606737830088451,-0.4640837224966413,0.1642028962122107,-0.293406248072393,0.32769395066070117,-0.5590436152653289,0.4176536566614429,-0.5639394478273182,0.4617384813515152,-0.4870631399041708,0.06625963171153103,-0.37863693712436763,0.1904638881993246,-0.7103872692566656,0.3219149272325322,-0.830430370299384,0.42642385949751227,-0.875286140020267,-0.0001464988651600164,-0.4348803280876774,0.05858309117714617,-0.7530536155365697,0.15308140757869912,-0.8918722462080081,0.23829312313868167,-0.9711932801789833,-0.03498124248807144,-0.4552585301151967,-0.0389316746371285,-0.6982462492658457,-0.007429969091992326,-0.834815513694171,0.03989562877453097,-0.9283131882769031
OK_SIGN,-0.0,0.0,-0.18376733692168065,-0.025626975121962933,-0.33059580353993095,-0.1326183285582419,-0.4380558693912176,-0.29570791734874086,-0.4606737830088451,-0.4640837224966413,-0.1642028962122107,-0.293406248072393,-0.32769395066070117,-0.5590436152653289,-0.4176536566614429,-0.5639394478273182,-0.4617384813515152,-0.4870631399041708,-0.06625963171153103,-0.37863693712436763,-0.1904638881993246,-0.7103872692566656,-0.3219149272325322,-0.830430370299384,-0.42642385949751227,-0.875286140020267,0.0001464988651600164,-0.4348803280876774,-0.05858309117714617,-0.7530536155365697,-0.15308140757869912,-0.8918722462080081,-0.23829312313868167,-0.9711932801789833,0.03498124248807144,-0.4552585301151967,0.0389316746371285,-0.6982462492658457,0.007429969091992326,-0.834815513694171,-0.03989562877453097,-0.9283131882769031
OK_SIGN,0.0,0.0,0.18477316089919502,-0.020444258072814445,0.3337065633288852,-0.1277622734985628,0.44268575614916716,-0.28844235567900584,0.4703285059973364,-0.459800214759319,0.1638928818296691,-0.29645451643891063,0.3290345230564003,-0.5585126951001851,0.42383541961283716,-0.5537184099033213,0.4671966671734601,-0.47329757718487725,0.06664767897560236,-0.37985685633374244,0.1870774565740935,-0.7142340324761572,0.3248401262739101,-0.8345389425947985,0.43345165373685646,-0.878377072258344,0.0046267800409675285,-0.4357951185466943,0.06222182052314663,-0.7605038632513585,0.16331397385906443,-0.8950865575446196,0.25180415596639605,-0.9677782116983472,-0.024453045606801522,-0.45684552532758743,-0.028109564722025207,-0.7033758068401627,0.009347549086076778,-0.837887269142886,0.06248889818838103,-0.927787793903725
OK_SIGN,-0.0,0.0,-0.18477316089919502,-0.020444258072814445,-0.3337065633288852,-0.1277622734985628,-0.44268575614916716,-0.28844235567900584,-0.4703285059973364,-0.459800214759319,-0.1638928818296691,-0.29645451643891063,-0.3290345230564003,-0.5585126951001851,-0.42383541961283716,-0.5537184099033213,-0.4671966671734601,-0.47329757718487725,-0.06664767897560236,-0.37985685633374244,-0.1870774565740935,-0.7142340324761572,-0.3248401262739101,-0.8345389425947985,-0.43345165373685646,-0.878377072258344,-0.0046267800409675285,-0.4357951185466943,-0.06222182052314663,-0.7605038632513585,-0.16331397385906443,-0.8950865575446196,-0.25180415596639605,-0.9677782116983472,0.024453045606801522,-0.45684552532758743,0.028109564722025207,-0.7033758068401627,-0.009347549086076778,-0.837887269142886,-0.06248889818838103,-0.927787793903725
OK_SIGN,0.0,0.0,0.17662268995135774,-0.005978995461416384,0.3230746807553717,-0.09505020773093172,0.43820018395717364,-0.22042094523885772,0.47541894940498197,-0.37596062410461767,0.16418758473298986,-0.37019875749980097,0.3283239424574065,-0.5786825541771572,0.4182234084031183,-0.5300379058024313,0.44736278733374485,-0.4392196181686337,0.08931428944745111,-0.4542837068596624,0.22417608585750623,-0.7407844798045595,0.36620388787371166,-0.8416090260754018,0.47386071085661674,-0.88059981075768,0.047973340190481745,-0.49250591900481727,0.12118083695050394,-0.7643672349817119,0.21953309412785055,-0.8749660116742964,0.30752460511699614,-0.9320149865127423,0.03422215285479831,-0.4900925577120333,0.05147627986659562,-0.7109533688496694,0.09243118506549342,-0.8241541762424303,0.14502876723085895,-0.8911326529093232
OK_SIGN,-0.0,0.0,-0.17662268995135774,-0.005978995461416384,-0.3230746807553717,-0.09505020773093172,-0.43820018395717364,-0.22042094523885772,-0.47541894940498197,-0.37596062410461767,-0.16418758473298986,-0.37019875749980097,-0.3283239424574065,-0.5786825541771572,-0.4182234084031183,-0.5300379058024313,-0.44736278733374485,-0.4392196181686337,-0.08931428944745111,-0.4542837068596624,-0.22417608585750623,-0.7407844798045595,-0.36620388787371166,-0.8416090260754018,-0.47386071085661674,-0.88059981075768,-0.047973340190481745,-0.49250591900481727,-0.12118083695050394,-0.7643672349817119,-0.21953309412785055,-0.8749660116742964,-0.30752460511699614,-0.9320149865127423,-0.03422215285479831,-0.4900925577120333,-0.05147627986659562,-0.7109533688496694,-0.09243118506549342,-0.8241541762424303,-0.14502876723085895,-0.8911326529093232
OK_SIGN,0.0,0.0,0.18141372568000877,-0.011715122789794105,0.3344873757451489,-0.09860008047900132,0.44695959311781386,-0.22643575679064012,0.4793850253571387,-0.37571005493555976,0.19238954861474628,-0.3794226636612547,0.3455279669317988,-0.5848768939474807,0.42836647851523696,-0.5309656680995662,0.4554092063902677,-0.43326350360275406,0.1107787423778269,-0.4560183088409697,0.2326848191368293,-0.7438887352721436,0.3645867685701288,-0.8424969943952002,0.4654443200335168,-0.8850771632736533,0.061429712886560836,-0.4896673984110689,0.12438841914862594,-0.7704963427609208,0.21522324885369712,-0.8762985867625319,0.2973240302208367,-0.9270726004084378,0.040147807091389556,-0.48231636704413994,0.05495511823460514,-0.7033261304857893,0.09172035380232804,-0.8140453092033754,0.14066615135789948,-0.8751066526571841
OK_SIGN,-0.0,0.0,-0.18141372568000877,-0.011715122789794105,-0.3344873757451489,-0.09860008047900132,-0.44695959311781386,-0.22643575679064012,-0.4793850253571387,-0.37571005493555976,-0.19238954861474628,-0.3794226636612547,-0.3455279669317988,-0.5848768939474807,-0.42836647851523696,-0.5309656680995662,-0.4554092063902677,-0.43326350360275406,-0.1107787423778269,-0.4560183088409697,-0.2326848191368293,-0.7438887352721436,-0.3645867685701288,-0.8424969943952002,-0.4654443200335168,-0.8850771632736533,-0.061429712886560836,-0.4896673984110689,-0.12438841914862594,-0.7704963427609208,-0.21522324885369712,-0.8762985867625319,-0.2973240302208367,-0.9270726004084378,-0.040147807091389556,-0.48231636704413994,-0.05495511823460514,-0.7033261304857893,-0.09172035380232804,-0.8140453092033754,-0.14066615135789948,-0.8751066526571841
OK_SIGN,0.0,0.0,0.16957967231405097,0.009742824199917293,0.3177041008005547,-0.08205569123790867,0.43723383906270247,-0.22226938326320933,0.48606524603231704,-0.392090031061657,0.1328839929558458,-0.38474971558974275,0.30541856395444,-0.5924208714139276,0.41055642056822333,-0.5321025169832027,0.4504234552611169,-0.44035649375753727,0.07123049953010309,-0.4756642048799147,0.21202851497648467,-0.7620035769858242,0.36520112708961294,-0.8501567062934317,0.4806355459744518,-0.8717385886360307,0.04645754567681955,-0.5111502884150431,0.12826509957152948,-0.7827785284843437,0.24309851211713693,-0.8936739297747992,0.34170711270404197,-0.9398064955763326,0.04919758859730272,-0.5104704173718272,0.09505126319137003,-0.7362232444991674,0.162946864234612,-0.8407803164926897,0.23694116720498842,-0.8953781993981882
OK_SIGN,-0.0,0.0,-0.16957967231405097,0.009742824199917293,-0.3177041008005547,-0.08205569123790867,-0.43723383906270247,-0.22226938326320933,-0.48606524603231704,-0.392090031061657,-0.1328839929558458,-0.38474971558974275,-0.30541856395444,-0.5924208714139276,-0.41055642056822333,-0.5321025169832027,-0.4504234552611169,-0.44035649375753727,-0.07123049953010309,-0.4756642048799147,-0.21202851497648467,-0.7620035769858242,-0.36520112708961294,-0.8501567062934317,-0.4806355459744518,-0.8717385886360307,-0.04645754567681955,-0.5111502884150431,-0.12826509957152948,-0.7827785284843437,-0.24309851211713693,-0.8936739297747992,-0.34170711270404197,-0.9398064955763326,-0.04919758859730272,-0.5104704173718272,-0.09505126319137003,-0.7362232444991674,-0.162946864234612,-0.8407803164926897,-0.23694116720498842,-0.8953781993981882
OK_SIGN,0.0,0.0,0.18057302688830348,0.022922680429841434,0.3551306272573156,-0.06713189772277948,0.49024471162345135,-0.2093836701056481,0.5521294304330074,-0.39079668392298045,0.16105534197398247,-0.40294788295373646,0.3609148208935908,-0.6190775780883597,0.468240032294997,-0.5581776360163149,0.49485035742664596,-0.4495095131894047,0.08767154019865285,-0.5103220756422295,0.23699928230343553,-0.8419301655982098,0.4105560910208028,-0.8876426307669246,0.5236446111119826,-0.8307220670664303,0.053950124919358335,-0.5584816384214467,0.1425871490349873,-0.8829656202586436,0.29769889746710787,-0.9409038334151338,0.41306368941803195,-0.910702140375416,0.04243774301904117,-0.5617068173572218,0.08390850364960838,-0.8288053347117079,0.18163525587136128,-0.9048001294176202,0.2756247265229395,-0.9001720065419574
OK_SIGN,-0.0,0.0,-0.18057302688830348,0.022922680429841434,-0.3551306272573156,-0.06713189772277948,-0.49024471162345135,-0.2093836701056481,-0.5521294304330074,-0.39079668392298045,-0.16105534197398247,-0.40294788295373646,-0.3609148208935908,-0.6190775780883597,-0.468240032294997,-0.5581776360163149,-0.49485035742664596,-0.4495095131894047,-0.08767154019865285,-0.5103220756422295,-0.23699928230343553,-0.8419301655982098,-0.4105560910208028,-0.8876426307669246,-0.5236446111119826,-0.8307220670664303,-0.053950124919358335,-0.5584816384214467,-0.1425871490349873,-0.8829656202586436,-0.29769889746710787,-0.9409038334151338,-0.41306368941803195,-0.910702140375416,-0.04243774301904117,-0.5617068173572218,-0.08390850364960838,-0.8288053347117079,-0.18163525587136128,-0.9048001294176202,-0.2756247265229395,-0.9001720065419574
OK_SIGN,0.0,0.0,0.16460862527584944,0.02283673048041802,0.31328635752009715,-0.052507983855864644,0.4339972796032693,-0.18598903304754213,0.48164707580205135,-0.36203886452388845,0.14025923105132934,-0.3593133457885,0.3227376930987737,-0.5632676400639509,0.4451271719746573,-0.5416019740771074,0.5080068975126508,-0.4738455343253533,0.07811904504976779,-0.46183677255977723,0.21786892268667743,-0.7647939402608004,0.3804375964203716,-0.8377690318614394,0.5009987833194344,-0.8310357705570204,0.05273749320868322,-0.5087766378743523,0.11937371075254065,-0.8051847946839453,0.24561392174451294,-0.9047947300762798,0.35551777036169907,-0.9346695217867361,0.05064128522730045,-0.5127251631389329,0.08279839644741122,-0.7516561582878093,0.1567411833989134,-0.8515126914551037,0.23855191980424692,-0.8907192843853967
OK_SIGN,-0.0,0.0,-0.16460862527584944,0.02283673048041802,-0.31328635752009715,-0.052507983855864644,-0.4339972796032693,-0.18598903304754213,-0.48164707580205135,-0.36203886452388845,-0.14025923105132934,-0.3593133457885,-0.3227376930987737,-0.5632676400639509,-0.4451271719746573,-0.5416019740771074,-0.5080068975126508,-0.4738455343253533,-0.07811904504976779,-0.46183677255977723,-0.21786892268667743,-0.7647939402608004,-0.3804375964203716,-0.8377690318614394,-0.5009987833194344,-0.8310357705570204,-0.05273749320868322,-0.5087766378743523,-0.11937371075254065,-0.8051847946839453,-0.24561392174451294,-0.9047947300762798,-0.35551777036169907,-0.9346695217867361,-0.05064128522730045,-0.5127251631389329,-0.08279839644741122,-0.7516561582878093,-0.1567411833989134,-0.8515126914551037,-0.23855191980424692,-0.8907192843853967
OK_SIGN,0.0,0.0,0.1715225727918334,0.007084671752482672,0.32532927389054445,-0.07895531953958594,0.4398922462243554,-0.22498595280468656,0.4874912526371311,-0.3876327305011981,0.1530938403805752,-0.33637081732148716,0.34007254489676125,-0.5297637590686064,0.45960105915593585,-0.5303263673276856,0.5273616481871815,-0.4962852976500979,0.08505270183593479,-0.43308996860251037,0.2447761804336688,-0.7282914444500045,0.3952814358988114,-0.8187026755302753,0.5085312922944047,-0.8479069911045479,0.0547717167154869,-0.4837283173078887,0.1490467501496905,-0.7555751780894829,0.26105543067953874,-0.870316407525947,0.356201123452383,-0.9344093105546736,0.04616322342790647,-0.49200368949065215,0.0882204127193943,-0.7237841222170206,0.13502849756616492,-0.8390629737335467,0.1905556688888506,-0.9057617340027984
OK_SIGN,-0.0,0.0,-0.1715225727918334,0.007084671752482672,-0.32532927389054445,-0.07895531953958594,-0.4398922462243554,-0.22498595280468656,-0.4874912526371311,-0.3876327305011981,-0.1530938403805752,-0.33637081732148716,-0.34007254489676125,-0.5297637590686064,-0.45960105915593585,-0.5303263673276856,-0.5273616481871815,-0.4962852976500979,-0.08505270183593479,-0.43308996860251037,-0.2447761804336688,-0.7282914444500045,-0.3952814358988114,-0.8187026755302753,-0.5085312922944047,-0.8479069911045479,-0.0547717167154869,-0.4837283173078887,-0.1490467501496905,-0.7555751780894829,-0.26105543067953874,-0.870316407525947,-0.356201123452383,-0.9344093105546736,-0.04616322342790647,-0.49200368949065215,-0.0882204127193943,-0.7237841222170206,-0.13502849756616492,-0.8390629737335467,-0.1905556688888506,-0.9057617340027984
OK_SIGN,0.0,0.0,0.17521251952006175,0.0002829988853696333,0.3297678324401147,-0.09371885592065765,0.4519871414435376,-0.23639634780706442,0.5088131635428822,-0.40014552923448415,0.15663919823930228,-0.3526357859286765,0.3371906038699565,-0.566723843499613,0.4459887806164032,-0.5399474922166754,0.4916283001933676,-0.4647201224484005,0.08189804555175927,-0.44768968438297746,0.2375142190847541,-0.750839870904182,0.3910025080767573,-0.8351018046046051,0.5011670575419789,-0.8442152932107735,0.045429624456902025,-0.4989217276075429,0.13702230786854244,-0.784160806815689,0.25938071946988595,-0.8898297315193129,0.3608564498601911,-0.9326213715084484,0.03553407964482411,-0.5101654119978684,0.07191946718892256,-0.7509494409505442,0.13089169257138503,-0.8560726554623255,0.19890490200589972,-0.9071630280410087
OK_SIGN,-0.0,0.0,-0.17521251952006175,0.0002829988853696333,-0.3297678324401147,-0.09371885592065765,-0.4519871414435376,-0.23639634780706442,-0.5088131635428822,-0.40014552923448415,-0.15663919823930228,-0.3526357859286765,-0.3371906038699565,-0.566723843499613,-0.4459887806164032,-0.5399474922166754,-0.4916283001933676,-0.4647201224484005,-0.08189804555175927,-0.44768968438297746,-0.2375142190847541,-0.750839870904182,-0.3910025080767573,-0.8351018046046051,-0.5011670575419789,-0.8442152932107735,-0.045429624456902025,-0.4989217276075429,-0.13702230786854244,-0.784160806815689,-0.25938071946988595,-0.8898297315193129,-0.3608564498601911,-0.9326213715084484,-0.03553407964482411,-0.5101654119978684,-0.07191946718892256,-0.7509494409505442,-0.13089169257138503,-0.8560726554623255,-0.19890490200589972,-0.9071630280410087
OK_SIGN,0.0,0.0,0.17713744061472456,-0.020169480185858516,0.32247931758572485,-0.11111326264501868,0.4374806083815084,-0.24345953980049317,0.49786501106116493,-0.39947624157011963,0.15114311536075453,-0.36286639609973803,0.3152113395149019,-0.5789045992775498,0.41153333197778347,-0.5478952120510336,0.45260747176119814,-0.46820597518862506,0.07442025915436117,-0.4504808966314118,0.21617951423501655,-0.7409336834903908,0.3586440085499409,-0.831305970474895,0.46583872709412316,-0.8499296656211435,0.03152906316331472,-0.4921298220188702,0.09992410836984907,-0.7710695413644535,0.20100806960212245,-0.8903648622774528,0.291265366564524,-0.9566422979567825,0.016959547701913488,-0.4921303977915131,0.017172501326537026,-0.7119340718003951,0.04764674900813205,-0.8370682208314041,0.09259945782032171,-0.9210967270901104
OK_SIGN,-0.0,0.0,-0.17713744061472456,-0.020169480185858516,-0.32247931758572485,-0.11111326264501868,-0.4374806083815084,-0.24345953980049317,-0.49786501106116493,-0.39947624157011963,-0.15114311536075453,-0.36286639609973803,-0.3152113395149019,-0.5789045992775498,-0.41153333197778347,-0.5478952120510336,-0.45260747176119814,-0.46820597518862506,-0.07442025915436117,-0.4504808966314118,-0.21617951423501655,-0.7409336834903908,-0.3586440085499409,-0.831305970474895,-0.46583872709412316,-0.8499296656211435,-0.03152906316331472,-0.4921298220188702,-0.09992410836984907,-0.7710695413644535,-0.20100806960212245,-0.8903648622774528,-0.291265366564524,-0.9566422979567825,-0.016959547701913488,-0.4921303977915131,-0.017172501326537026,-0.7119340718003951,-0.04764674900813205,-0.8370682208314041,-0.09259945782032171,-0.9210967270901104
OK_SIGN,0.0,0.0,0.16589816482943257,-0.0016587192789753423,0.31079818047096963,-0.09486814576281766,0.4300541507271977,-0.23454556381424077,0.48874718960190205,-0.4026544457106397,0.11685690949956298,-0.3995099323856553,0.30231649594092563,-0.6142825606207466,0.4038453298273239,-0.5476859867510437,0.44289338075830503,-0.4585238625670513,0.0507802187317288,-0.4883667540893762,0.23443184204773337,-0.7421477371182258,0.3988819497169717,-0.804069622313302,0.5130200997409915,-0.8068392371406092,0.020281829836164608,-0.5268162963076375,0.12105865192126897,-0.7962401129475881,0.23252992003963546,-0.8974099779021045,0.32611373391209203,-0.9453305414266023,0.015661829831274114,-0.5339859638730771,0.03783101506724242,-0.7360113617083929,0.07587056263217032,-0.8533371285883729,0.12043535441899583,-0.9403255911124632
OK_SIGN,-0.0,0.0,-0.16589816482943257,-0.0016587192789753423,-0.31079818047096963,-0.09486814576281766,-0.4300541507271977,-0.23454556381424077,-0.48874718960190205,-0.4026544457106397,-0.11685690949956298,-0.3995099323856553,-0.30231649594092563,-0.6142825606207466,-0.4038453298273239,-0.5476859867510437,-0.44289338075830503,-0.4585238625670513,-0.0507802187317288,-0.4883667540893762,-0.23443184204773337,-0.7421477371182258,-0.3988819497169717,-0.804069622313302,-0.5130200997409915,-0.8068392371406092,-0.020281829836164608,-0.5268162963076375,-0.12105865192126897,-0.7962401129475881,-0.23252992003963546,-0.8974099779021045,-0.32611373391209203,-0.9453305414266023,-0.015661829831274114,-0.5339859638730771,-0.03783101506724242,-0.7360113617083929,-0.07587056263217032,-0.8533371285883729,-0.12043535441899583,-0.9403255911124632
OK_SIGN,0.0,0.0,0.15819739037689518,0.020607557422597216,0.295623336371268,-0.07033242535673535,0.40658317538838296,-0.22071189844055286,0.4668328238721205,-0.4013216945861688,0.08795845880195952,-0.3933244292992108,0.26135904765604,-0.6175177887974411,0.38487979444739606,-0.5781359887902995,0.4420255948909974,-0.4953255995591298,0.03388985885173639,-0.49054295607323417,0.19114076110879746,-0.7767568890738827,0.3597485203840236,-0.8359025287859603,0.47856847622218807,-0.8216249005591403,0.022399218416229556,-0.5383361042355576,0.10725073697126176,-0.8247684016040088,0.23711023484247537,-0.9149436088861101,0.3414105517987916,-0.9399142700908656,0.034589879900872846,-0.547252300623006,0.07810223155003476,-0.7781760300964533,0.15931858818042308,-0.8712079817171834,0.24060988535186484,-0.9164753426147779
OK_SIGN,-0.0,0.0,-0.15819739037689518,0.020607557422597216,-0.295623336371268,-0.07033242535673535,-0.40658317538838296,-0.22071189844055286,-0.4668328238721205,-0.4013216945861688,-0.08795845880195952,-0.3933244292992108,-0.26135904765604,-0.6175177887974411,-0.38487979444739606,-0.5781359887902995,-0.4420255948909974,-0.4953255995591298,-0.03388985885173639,-0.49054295607323417,-0.19114076110879746,-0.7767568890738827,-0.3597485203840236,-0.8359025287859603,-0.47856847622218807,-0.8216249005591403,-0.022399218416229556,-0.5383361042355576,-0.10725073697126176,-0.8247684016040088,-0.23711023484247537,-0.9149436088861101,-0.3414105517987916,-0.9399142700908656,-0.034589879900872846,-0.547252300623006,-0.07810223155003476,-0.7781760300964533,-0.15931858818042308,-0.8712079817171834,-0.24060988535186484,-0.9164753426147779
OK_SIGN,0.0,0.0,0.16054548152216022,0.007251218390889215,0.2995205056115409,-0.07584321438822396,0.4174407881230467,-0.20364065788325936,0.5056642701749303,-0.3387413138062254,0.12026415745319648,-0.35584751447421875,0.31168824764879377,-0.5329976979289712,0.4274046329152063,-0.5325510366545123,0.49549017449548444,-0.49731419030744384,0.05491342098061421,-0.44196174467656113,0.21335647487059484,-0.7125124726995481,0.3496443008924457,-0.8288923506230189,0.4525148281416292,-0.8917568784775096,0.026610791879848043,-0.47919865539538387,0.1131497483722725,-0.7378902747353686,0.20713904416931825,-0.8656769944602641,0.2887110265513123,-0.9492081771505253,0.02249197049865583,-0.4773826011703465,0.0439712758852471,-0.6798395823040847,0.07379684282722965,-0.7996691021038881,0.11098159702764523,-0.8825436975951355
OK_SIGN,-0.0,0.0,-0.16054548152216022,0.007251218390889215,-0.2995205056115409,-0.07584321438822396,-0.4174407881230467,-0.20364065788325936,-0.5056642701749303,-0.3387413138062254,-0.12026415745319648,-0.35584751447421875,-0.31168824764879377,-0.5329976979289712,-0.4274046329152063,-0.5325510366545123,-0.49549017449548444,-0.49731419030744384,-0.05491342098061421,-0.44196174467656113,-0.21335647487059484,-0.7125124726995481,-0.3496443008924457,-0.8288923506230189,-0.4525148281416292,-0.8917568784775096,-0.026610791879848043,-0.47919865539538387,-0.1131497483722725,-0.7378902747353686,-0.20713904416931825,-0.8656769944602641,-0.2887110265513123,-0.9492081771505253,-0.02249197049865583,-0.4773826011703465,-0.0439712758852471,-0.6798395823040847,-0.07379684282722965,-0.7996691021038881,-0.11098159702764523,-0.8825436975951355
OK_SIGN,0.0,0.0,0.16875000758059347,0.021456492492220636,0.32306764048839043,-0.06620599593926349,0.4453730394942098,-0.204965423839312,0.542421981560926,-0.3618388311658939,0.12121083682860902,-0.37573355251616947,0.31659239366389735,-0.5683434609848756,0.4472408261145529,-0.5528716408874979,0.5131851941350868,-0.479302612097019,0.05386717458507905,-0.46998584935573623,0.16948127616234984,-0.8041046637306405,0.3313852354320131,-0.8936472163924284,0.4537460161748492,-0.8862107828658369,0.030125191749465954,-0.5124961463990944,0.08582067028112976,-0.8266452956808243,0.22512932248862613,-0.9243145661990051,0.3418945162458038,-0.939738335794091,0.03179000032887701,-0.5198930089237983,0.06407658140019082,-0.7813171546593056,0.14877097970572262,-0.8814015812145639,0.23935138788576596,-0.9088987461355484
OK_SIGN,-0.0,0.0,-0.16875000758059347,0.021456492492220636,-0.32306764048839043,-0.06620599593926349,-0.4453730394942098,-0.204965423839312,-0.542421981560926,-0.3618388311658939,-0.12121083682860902,-0.37573355251616947,-0.31659239366389735,-0.5683434609848756,-0.4472408261145529,-0.5528716408874979,-0.5131851941350868,-0.479302612097019,-0.05386717458507905,-0.46998584935573623,-0.16948127616234984,-0.8041046637306405,-0.3313852354320131,-0.8936472163924284,-0.4537460161748492,-0.8862107828658369,-0.030125191749465954,-0.5124961463990944,-0.08582067028112976,-0.8266452956808243,-0.22512932248862613,-0.9243145661990051,-0.3418945162458038,-0.939738335794091,-0.03179000032887701,-0.5198930089237983,-0.06407658140019082,-0.7813171546593056,-0.14877097970572262,-0.8814015812145639,-0.23935138788576596,-0.9088987461355484
OK_SIGN,0.0,0.0,0.16892282938578454,0.02201704118114869,0.3233042821090154,-0.06819369481580162,0.44617694381273537,-0.20550546606317607,0.5400909516165289,-0.3627267096213178,0.12065327960481005,-0.3759135993953576,0.314550499578941,-0.5724344968891804,0.4452806701864282,-0.555513840791426,0.5107462106160394,-0.4794693547045591,0.05293247077527502,-0.4696662072344927,0.1681935242880863,-0.806001370937032,0.33130171223077526,-0.8952292995916835,0.45362547263081004,-0.8865924569045681,0.029430302427537306,-0.5137509370117678,0.08485713629298863,-0.8310220778350612,0.22481459414614471,-0.9267896219252119,0.3417957151903107,-0.9397742755989568,0.03198353319376101,-0.5229438405847904,0.06463485211205362,-0.786079965989228,0.15061542408456532,-0.8825495026967487,0.24206140898956716,-0.9051679487845437
OK_SIGN,-0.0,0.0,-0.16892282938578454,0.02201704118114869,-0.3233042821090154,-0.06819369481580162,-0.44617694381273537,-0.20550546606317607,-0.5400909516165289,-0.3627267096213178,-0.12065327960481005,-0.3759135993953576,-0.314550499578941,-0.5724344968891804,-0.4452806701864282,-0.555513840791426,-0.5107462106160394,-0.4794693547045591,-0.05293247077527502,-0.4696662072344927,-0.1681935242880863,-0.806001370937032,-0.33130171223077526,-0.8952292995916835,-0.45362547263081004,-0.8865924569045681,-0.029430302427537306,-0.5137509370117678,-0.08485713629298863,-0.8310220778350612,-0.22481459414614471,-0.9267896219252119,-0.3417957151903107,-0.9397742755989568,-0.03198353319376101,-0.5229438405847904,-0.06463485211205362,-0.786079965989228,-0.15061542408456532,-0.8825495026967487,-0.24206140898956716,-0.9051679487845437
OK_SIGN,0.0,0.0,0.1580605697183485,-0.004202805800149296,0.30062774937933895,-0.09104628944441512,0.42067844452779557,-0.22048344388414007,0.5002621001959248,-0.3643232936896118,0.12986603749569373,-0.37900565223997396,0.3140828489323223,-0.5650653787174867,0.41987113524597197,-0.5333210844221414,0.4758532364057721,-0.47121236606089556,0.06826891830535761,-0.4646182373778036,0.26419874519819836,-0.6821119900035183,0.4185640551976752,-0.7520918084303143,0.5261112169794291,-0.7753825157786953,0.03196382286439859,-0.4953205567732379,0.10889841223542912,-0.7428361233167676,0.19284476395388842,-0.874288242316454,0.26694037082791594,-0.9637130477596818,0.021046619150033214,-0.48548709959682873,0.017180550653808496,-0.6818677293160976,0.04251633122798935,-0.7983880179627599,0.08101729137228558,-0.8919389513675868
OK_SIGN,-0.0,0.0,-0.1580605697183485,-0.004202805800149296,-0.30062774937933895,-0.09104628944441512,-0.42067844452779557,-0.22048344388414007,-0.5002621001959248,-0.3643232936896118,-0.12986603749569373,-0.37900565223997396,-0.3140828489323223,-0.5650653787174867,-0.41987113524597197,-0.5333210844221414,-0.4758532364057721,-0.47121236606089556,-0.06826891830535761,-0.4646182373778036,-0.26419874519819836,-0.6821119900035183,-0.4185640551976752,-0.7520918084303143,-0.5261112169794291,-0.7753825157786953,-0.03196382286439859,-0.4953205567732379,-0.10889841223542912,-0.7428361233167676,-0.19284476395388842,-0.874288242316454,-0.26694037082791594,-0.9637130477596818,-0.021046619150033214,-0.48548709959682873,-0.017180550653808496,-0.6818677293160976,-0.04251633122798935,-0.7983880179627599,-0.08101729137228558,-0.8919389513675868
OK_SIGN,0.0,0.0,0.16732153816901207,0.0003286737181977792,0.30551440952007675,-0.08274385730027543,0.42513738162228987,-0.21050639589291226,0.5014508752643638,-0.35765952305395704,0.13087639870538093,-0.37454758130888227,0.31839652881914743,-0.566621052973746,0.4286320687753171,-0.5416310714847193,0.48780892600727993,-0.4823480005713712,0.061152713615578634,-0.45965608184056095,0.23012160027933176,-0.7272423402613644,0.3819234208522021,-0.807227792602759,0.4935983593320634,-0.8241021699385362,0.025132511792150217,-0.4926105969695785,0.09808762998470782,-0.7671400462299792,0.19378781520609908,-0.8890613298343932,0.2791427381117646,-0.9602496195049841,0.016290823948119343,-0.4865729171482551,0.01925162359572895,-0.6964564581039571,0.047413754204536245,-0.8154578189888824,0.08827683557703023,-0.8972305797736351
OK_SIGN,-0.0,0.0,-0.16732153816901207,0.0003286737181977792,-0.30551440952007675,-0.08274385730027543,-0.42513738162228987,-0.21050639589291226,-0.5014508752643638,-0.35765952305395704,-0.13087639870538093,-0.37454758130888227,-0.31839652881914743,-0.566621052973746,-0.4286320687753171,-0.5416310714847193,-0.48780892600727993,-0.4823480005713712,-0.061152713615578634,-0.45965608184056095,-0.23012160027933176,-0.7272423402613644,-0.3819234208522021,-0.807227792602759,-0.4935983593320634,-0.8241021699385362,-0.025132511792150217,-0.4926105969695785,-0.09808762998470782,-0.7671400462299792,-0.19378781520609908,-0.8890613298343932,-0.2791427381117646,-0.9602496195049841,-0.016290823948119343,-0.4865729171482551,-0.01925162359572895,-0.6964564581039571,-0.047413754204536245,-0.8154578189888824,-0.08827683557703023,-0.8972305797736351
OK_SIGN,0.0,0.0,0.16610861828907436,-0.0013201404493092322,0.30704470904582154,-0.0908177122548131,0.42763175407125914,-0.21681476572254846,0.5046353642768953,-0.36343317494652,0.13501823405628352,-0.38159496162724893,0.3157004078399656,-0.5758622419555697,0.42747058761490053,-0.5552533919212812,0.48812300778364703,-0.4963967437326082,0.0643242988990209,-0.46780485367012864,0.21471769694482207,-0.7453245470297336,0.3644612943654488,-0.8326429760810201,0.4770826914263311,-0.8510055996870675,0.02839709894975844,-0.5015505919233556,0.09688232484462282,-0.7729529995861396,0.19860925042467809,-0.8911996525816506,0.28900334170093306,-0.9573280882151604,0.018709388227205234,-0.49438920267293096,0.02196592791398618,-0.7077663856081847,0.05378876648389689,-0.8294142636960565,0.09956128237999333,-0.9094575097091298
OK_SIGN,-0.0,0.0,-0.16610861828907436,-0.0013201404493092322,-0.30704470904582154,-0.0908177122548131,-0.42763175407125914,-0.21681476572254846,-0.5046353642768953,-0.36343317494652,-0.13501823405628352,-0.38159496162724893,-0.3157004078399656,-0.5758622419555697,-0.42747058761490053,-0.5552533919212812,-0.48812300778364703,-0.4963967437326082,-0.0643242988990209,-0.46780485367012864,-0.21471769694482207,-0.7453245470297336,-0.3644612943654488,-0.8326429760810201,-0.4770826914263311,-0.8510055996870675,-0.02839709894975844,-0.5015505919233556,-0.09688232484462282,-0.7729529995861396,-0.19860925042467809,-0.8911996525816506,-0.28900334170093306,-0.9573280882151604,-0.018709388227205234,-0.49438920267293096,-0.02196592791398618,-0.7077663856081847,-0.05378876648389689,-0.8294142636960565,-0.09956128237999333,-0.9094575097091298
OK_SIGN,0.0,0.0,0.16495322973059123,-0.003563709808867765,0.3077279855589062,-0.09078096683011565,0.4210510853957575,-0.22301508717302448,0.49105160312097296,-0.3767491720550845,0.13223926685385987,-0.38644702486813826,0.3051377133939542,-0.5761003528505302,0.41206793353896837,-0.5560673099489061,0.46705707491891074,-0.4867617372185625,0.062485034580123736,-0.4750987473046252,0.18942696450878763,-0.769894546942476,0.33308061159435337,-0.8736145893776621,0.44635681177495734,-0.8948550701549918,0.027338183163652666,-0.5085268300799332,0.0975950303375261,-0.774508809051284,0.21700512449759254,-0.8786853138045303,0.32330796835602743,-0.9190659178334797,0.016108911309701712,-0.5021289698936272,0.02111464028375281,-0.7125249782311981,0.06631735905733903,-0.8240210666804323,0.12666700663398928,-0.8876863124331658
OK_SIGN,-0.0,0.0,-0.16495322973059123,-0.003563709808867765,-0.3077279855589062,-0.09078096683011565,-0.4210510853957575,-0.22301508717302448,-0.49105160312097296,-0.3767491720550845,-0.13223926685385987,-0.38644702486813826,-0.3051377133939542,-0.5761003528505302,-0.41206793353896837,-0.5560673099489061,-0.46705707491891074,-0.4867617372185625,-0.062485034580123736,-0.4750987473046252,-0.18942696450878763,-0.769894546942476,-0.33308061159435337,-0.8736145893776621,-0.44635681177495734,-0.8948550701549918,-0.027338183163652666,-0.5085268300799332,-0.0975950303375261,-0.774508809051284,-0.21700512449759254,-0.8786853138045303,-0.32330796835602743,-0.9190659178334797,-0.016108911309701712,-0.5021289698936272,-0.02111464028375281,-0.7125249782311981,-0.06631735905733903,-0.8240210666804323,-0.12666700663398928,-0.8876863124331658
OK_SIGN,0.0,0.0,0.16754474520462687,-0.004470641185386265,0.31231740388922,-0.09705621600927503,0.4286191459911094,-0.23058164455644492,0.5012960232367607,-0.3857231131636254,0.1339979319171626,-0.39504034423391465,0.3101294767398381,-0.589729663049999,0.41854782883701563,-0.5658459772068308,0.4732487013374354,-0.4953703275795547,0.06461233148604462,-0.4843965146781436,0.1999254104100478,-0.7774760528714478,0.34780852687501346,-0.8723523388487736,0.4614966426395549,-0.8871419552881145,0.030402346712957235,-0.5189495336989988,0.10706523982757786,-0.7846947561472336,0.22800968740993016,-0.8851049632077503,0.33374622722112374,-0.9251027564974685,0.020315287864548708,-0.5127597648061492,0.024393565214635482,-0.7222834839191971,0.06580196583928478,-0.8336981454679193,0.12169289359386222,-0.8995434641017073
OK_SIGN,-0.0,0.0,-0.16754474520462687,-0.004470641185386265,-0.31231740388922,-0.09705621600927503,-0.4286191459911094,-0.23058164455644492,-0.5012960232367607,-0.3857231131636254,-0.1339979319171626,-0.39504034423391465,-0.3101294767398381,-0.589729663049999,-0.41854782883701563,-0.5658459772068308,-0.4732487013374354,-0.4953703275795547,-0.06461233148604462,-0.4843965146781436,-0.1999254104100478,-0.7774760528714478,-0.34780852687501346,-0.8723523388487736,-0.4614966426395549,-0.8871419552881145,-0.030402346712957235,-0.5189495336989988,-0.10706523982757786,-0.7846947561472336,-0.22800968740993016,-0.8851049632077503,-0.33374622722112374,-0.9251027564974685,-0.020315287864548708,-0.5127597648061492,-0.024393565214635482,-0.7222834839191971,-0.06580196583928478,-0.8336981454679193,-0.12169289359386222,-0.8995434641017073
OK_SIGN,0.0,0.0,0.17190472765055614,-0.009214256448441942,0.3152793074319118,-0.0995591736394403,0.4327980830467159,-0.23387913524124251,0.5057521784779495,-0.3875474585011821,0.13996274627463817,-0.39036804544006715,0.3157121026324831,-0.6069636887401391,0.4224370252901195,-0.5825954114275003,0.47874864043767906,-0.521998487954127,0.0672840120209669,-0.4819160569878349,0.22972769246326463,-0.7571683787151929,0.37738385030817645,-0.8494436218458208,0.4883352448823814,-0.8726561113094118,0.0266653558551423,-0.5204118548143243,0.11698331342346059,-0.7871138219964087,0.22697051998275905,-0.8904008840902119,0.3240151577458143,-0.9388324897759293,0.011823574897645576,-0.5166761667206955,0.014461039871156689,-0.7248658335806011,0.05477474709742104,-0.8380754780583552,0.11114358785915997,-0.9110473770140002
OK_SIGN,-0.0,0.0,-0.17190472765055614,-0.009214256448441942,-0.3152793074319118,-0.0995591736394403,-0.4327980830467159,-0.23387913524124251,-0.5057521784779495,-0.3875474585011821,-0.13996274627463817,-0.39036804544006715,-0.3157121026324831,-0.6069636887401391,-0.4224370252901195,-0.5825954114275003,-0.47874864043767906,-0.521998487954127,-0.0672840120209669,-0.4819160569878349,-0.22972769246326463,-0.7571683787151929,-0.37738385030817645,-0.8494436218458208,-0.4883352448823814,-0.8726561113094118,-0.0266653558551423,-0.5204118548143243,-0.11698331342346059,-0.7871138219964087,-0.22697051998275905,-0.8904008840902119,-0.3240151577458143,-0.9388324897759293,-0.011823574897645576,-0.5166761667206955,-0.014461039871156689,-0.7248658335806011,-0.05477474709742104,-0.8380754780583552,-0.11114358785915997,-0.9110473770140002
OK_SIGN,0.0,0.0,0.1737020161550085,0.003045085877489901,0.3159138953731668,-0.08943988337597271,0.4372325986421824,-0.22770780423180473,0.5117941402971814,-0.3809545168443583,0.1369092564547891,-0.3794964379749464,0.3097684070607004,-0.6062716274848208,0.4254277346043352,-0.5961470578164291,0.49038809960366636,-0.5440020980221334,0.06153375884001896,-0.4734799595228774,0.21632665984646776,-0.7643674706460916,0.36765714132175265,-0.8567672644826443,0.47927663422323663,-0.8776638923230498,0.023399939384196964,-0.5158280204269039,0.1053707930402595,-0.7889188746582811,0.22200294983903637,-0.891692205820556,0.32156377839757483,-0.9363470793582384,0.011292948563572124,-0.5148859993012823,0.013938391730109925,-0.7270310380719792,0.052289939227333805,-0.8394754466879938,0.10340028091288307,-0.9091313330748471
OK_SIGN,-0.0,0.0,-0.1737020161550085,0.003045085877489901,-0.3159138953731668,-0.08943988337597271,-0.4372325986421824,-0.22770780423180473,-0.5117941402971814,-0.3809545168443583,-0.1369092564547891,-0.3794964379749464,-0.3097684070607004,-0.6062716274848208,-0.4254277346043352,-0.5961470578164291,-0.49038809960366636,-0.5440020980221334,-0.06153375884001896,-0.4734799595228774,-0.21632665984646776,-0.7643674706460916,-0.36765714132175265,-0.8567672644826443,-0.47927663422323663,-0.8776638923230498,-0.023399939384196964,-0.5158280204269039,-0.1053707930402595,-0.7889188746582811,-0.22200294983903637,-0.891692205820556,-0.32156377839757483,-0.9363470793582384,-0.011292948563572124,-0.5148859993012823,-0.013938391730109925,-0.7270310380719792,-0.052289939227333805,-0.8394754466879938,-0.10340028091288307,-0.9091313330748471
OK_SIGN,0.0,0.0,0.17325098427603267,0.006470087701402499,0.31914309754433245,-0.08831381643924326,0.4418685172441932,-0.23133773934361265,0.5171105318048909,-0.3890807473446793,0.13514464232722292,-0.38221621405414236,0.304868956790152,-0.6182554567517473,0.4229434586570204,-0.6117642845192933,0.49145785922758894,-0.5604275294871562,0.06104622496511563,-0.4778225884410277,0.2128991000201195,-0.775323586223934,0.3632692900273607,-0.8654339261834211,0.4754244182610703,-0.8797565700357816,0.024799573362086373,-0.5229902526368542,0.10866776415133153,-0.7967013918224689,0.22929019710595447,-0.8967960815271602,0.3326069155187226,-0.9339001707262797,0.014364205541140715,-0.5254277285475369,0.018998984597278952,-0.7391527695185959,0.06356170496392691,-0.846782532661829,0.12118069580558882,-0.9087764335452302
OK_SIGN,-0.0,0.0,-0.17325098427603267,0.006470087701402499,-0.31914309754433245,-0.08831381643924326,-0.4418685172441932,-0.23133773934361265,-0.5171105318048909,-0.3890807473446793,-0.13514464232722292,-0.38221621405414236,-0.304868956790152,-0.6182554567517473,-0.4229434586570204,-0.6117642845192933,-0.49145785922758894,-0.5604275294871562,-0.06104622496511563,-0.4778225884410277,-0.2128991000201195,-0.775323586223934,-0.3632692900273607,-0.8654339261834211,-0.4754244182610703,-0.8797565700357816,-0.024799573362086373,-0.5229902526368542,-0.10866776415133153,-0.7967013918224689,-0.22929019710595447,-0.8967960815271602,-0.3326069155187226,-0.9339001707262797,-0.014364205541140715,-0.5254277285475369,-0.018998984597278952,-0.7391527695185959,-0.06356170496392691,-0.846782532661829,-0.12118069580558882,-0.9087764335452302
OK_SIGN,0.0,0.0,0.1587049399857629,-0.0019997941776926744,0.29871620831244083,-0.10161053995308056,0.4103926714700265,-0.24116077983167514,0.47148974746490196,-0.3981339786623444,0.1277085364955801,-0.3768056846153314,0.29526109504175885,-0.5866849448439714,0.39636445495026124,-0.5443727874146309,0.4413261040318934,-0.4648094663779045,0.055931184794268216,-0.4621795566529988,0.20101595987575313,-0.7423795494449896,0.34162923027713143,-0.8321626865097442,0.44800167245586847,-0.8568604533649294,0.021500062488896698,-0.4980806235572911,0.10017480278747722,-0.7597609882107811,0.1993680716213331,-0.8853145376601738,0.28778071752750073,-0.9576963290205079,0.012886695781816112,-0.49746562103287395,0.032126792593061906,-0.704367128253872,0.0694102948191185,-0.819273309385174,0.11727518808095286,-0.8957991565983718
OK_SIGN,-0.0,0.0,-0.1587049399857629,-0.0019997941776926744,-0.29871620831244083,-0.10161053995308056,-0.4103926714700265,-0.24116077983167514,-0.47148974746490196,-0.3981339786623444,-0.1277085364955801,-0.3768056846153314,-0.29526109504175885,-0.5866849448439714,-0.39636445495026124,-0.5443727874146309,-0.4413261040318934,-0.4648094663779045,-0.055931184794268216,-0.4621795566529988,-0.20101595987575313,-0.7423795494449896,-0.34162923027713143,-0.8321626865097442,-0.44800167245586847,-0.8568604533649294,-0.021500062488896698,-0.4980806235572911,-0.10017480278747722,-0.7597609882107811,-0.1993680716213331,-0.8853145376601738,-0.28778071752750073,-0.9576963290205079,-0.012886695781816112,-0.49746562103287395,-0.032126792593061906,-0.704367128253872,-0.0694102948191185,-0.819273309385174,-0.11727518808095286,-0.8957991565983718
OK_SIGN,0.0,0.0,0.15941930925100767,-0.0022526957236778944,0.2991368059600136,-0.10116156148143844,0.4122529992732424,-0.24051057874329987,0.47440764703836924,-0.39810701715896357,0.1283750175290847,-0.3778971927671119,0.2982061289019685,-0.5822300704889563,0.3995450551868459,-0.5413327571359914,0.4433917499569968,-0.4621927445615325,0.05690725310338425,-0.46294613817614017,0.20141001966517258,-0.7471169345659753,0.3427401529654462,-0.8360234830897992,0.44968104079894095,-0.8598206326712061,0.02316099572907242,-0.49879148359115155,0.09999559129883125,-0.7610984881170659,0.1981049323210897,-0.8854943506889982,0.28660199595697405,-0.9580497356157867,0.014784576766660633,-0.49700058723642754,0.03024956722651392,-0.7046630416628297,0.06598556479940516,-0.8199464213380784,0.11437881917771006,-0.8965391336231473
OK_SIGN,-0.0,0.0,-0.15941930925100767,-0.0022526957236778944,-0.2991368059600136,-0.10116156148143844,-0.4122529992732424,-0.24051057874329987,-0.47440764703836924,-0.39810701715896357,-0.1283750175290847,-0.3778971927671119,-0.2982061289019685,-0.5822300704889563,-0.3995450551868459,-0.5413327571359914,-0.4433917499569968,-0.4621927445615325,-0.05690725310338425,-0.46294613817614017,-0.20141001966517258,-0.7471169345659753,-0.3427401529654462,-0.8360234830897992,-0.44968104079894095,-0.8598206326712061,-0.02316099572907242,-0.49879148359115155,-0.09999559129883125,-0.7610984881170659,-0.1981049323210897,-0.8854943506889982,-0.28660199595697405,-0.9580497356157867,-0.014784576766660633,-0.49700058723642754,-0.03024956722651392,-0.7046630416628297,-0.06598556479940516,-0.8199464213380784,-0.11437881917771006,-0.8965391336231473
OK_SIGN,0.0,0.0,0.15983824013178927,-0.0007929648316860095,0.3007605581087041,-0.10199021868724052,0.41306884104518904,-0.2412738728863609,0.4748487278266538,-0.3987079094033616,0.12823097443924075,-0.37939949244314836,0.2992133652330869,-0.5817605530539061,0.40158004690384336,-0.5401303062894216,0.445729242809869,-0.4610356450402153,0.05758223499747501,-0.4631029362573048,0.20199965289139016,-0.7470461946536139,0.34480273956956686,-0.8357512413572841,0.45269567974045694,-0.8591939966122576,0.025060016143735434,-0.49779457798492427,0.1008906961255708,-0.7602625193211326,0.200670150997378,-0.8846239653550124,0.290488473449967,-0.9568784911328648,0.017313879289873282,-0.4947393359204756,0.032752279565888213,-0.7032871335385471,0.06990720664760289,-0.8184668215572579,0.11966192498500823,-0.894749973261607
OK_SIGN,-0.0,0.0,-0.15983824013178927,-0.0007929648316860095,-0.3007605581087041,-0.10199021868724052,-0.41306884104518904,-0.2412738728863609,-0.4748487278266538,-0.3987079094033616,-0.12823097443924075,-0.37939949244314836,-0.2992133652330869,-0.5817605530539061,-0.40158004690384336,-0.5401303062894216,-0.445729242809869,-0.4610356450402153,-0.05758223499747501,-0.4631029362573048,-0.20199965289139016,-0.7470461946536139,-0.34480273956956686,-0.8357512413572841,-0.45269567974045694,-0.8591939966122576,-0.025060016143735434,-0.49779457798492427,-0.1008906961255708,-0.7602625193211326,-0.200670150997378,-0.8846239653550124,-0.290488473449967,-0.9568784911328648,-0.017313879289873282,-0.4947393359204756,-0.032752279565888213,-0.7032871335385471,-0.06990720664760289,-0.8184668215572579,-0.11966192498500823,-0.894749973261607
OK_SIGN,0.0,0.0,0.15821170497168244,-0.005967368183257496,0.296250673723401,-0.10858739363176334,0.407533537963756,-0.2531511885886819,0.46458157452519006,-0.4127437836355457,0.12391250171107779,-0.36562214648067165,0.2912316709840436,-0.5830011769443761,0.3930154276369455,-0.5478087162930819,0.4383310904901673,-0.47290992215133565,0.05209771448186422,-0.45358890787542794,0.19694310014391186,-0.7403138193743631,0.33714951605076,-0.8348276464260601,0.4435737141872854,-0.8639843852850702,0.018525872113486063,-0.494609004272388,0.097005136222801,-0.7574431847388352,0.1960144395083556,-0.883902267199608,0.28459033294527547,-0.9586492280256096,0.011072548798110269,-0.4980925036893518,0.02720244703729268,-0.704485735569273,0.06294492530571906,-0.8179032601259779,0.11017825029543812,-0.8945592980060034
OK_SIGN,-0.0,0.0,-0.15821170497168244,-0.005967368183257496,-0.296250673723401,-0.10858739363176334,-0.407533537963756,-0.2531511885886819,-0.46458157452519006,-0.4127437836355457,-0.12391250171107779,-0.36562214648067165,-0.2912316709840436,-0.5830011769443761,-0.3930154276369455,-0.5478087162930819,-0.4383310904901673,-0.47290992215133565,-0.05209771448186422,-0.45358890787542794,-0.19694310014391186,-0.7403138193743631,-0.33714951605076,-0.8348276464260601,-0.4435737141872854,-0.8639843852850702,-0.018525872113486063,-0.494609004272388,-0.097005136222801,-0.7574431847388352,-0.1960144395083556,-0.883902267199608,-0.28459033294527547,-0.9586492280256096,-0.011072548798110269,-0.4980925036893518,-0.02720244703729268,-0.704485735569273,-0.06294492530571906,-0.8179032601259779,-0.11017825029543812,-0.8945592980060034
OK_SIGN,0.0,0.0,0.1594438416875672,-0.017328450072861525,0.2963518974279112,-0.1328851267295442,0.4077259442109552,-0.27747242070884076,0.4651814198042075,-0.42809620953147964,0.1271115037914939,-0.3660391571158412,0.2924451594473502,-0.5796686445527773,0.3942902232710373,-0.5465139048965741,0.4427722903204432,-0.4749435264689159,0.05392499877869859,-0.44983555128915814,0.20096927982012272,-0.7376352120565921,0.3435613842787514,-0.8313796185429996,0.4520204370875634,-0.8606047116325379,0.019112435614449943,-0.49012433779703735,0.10016803995390713,-0.7622409288467715,0.19962245272918452,-0.8849037994698673,0.2878945089063027,-0.9576621281754848,0.011203617084543318,-0.4940225056590559,0.03144887404132852,-0.7079000321038069,0.06741436536449275,-0.8218502235587127,0.11461124425247722,-0.8979325221840055
OK_SIGN,-0.0,0.0,-0.1594438416875672,-0.017328450072861525,-0.2963518974279112,-0.1328851267295442,-0.4077259442109552,-0.27747242070884076,-0.4651814198042075,-0.42809620953147964,-0.1271115037914939,-0.3660391571158412,-0.2924451594473502,-0.5796686445527773,-0.3942902232710373,-0.5465139048965741,-0.4427722903204432,-0.4749435264689159,-0.05392499877869859,-0.44983555128915814,-0.20096927982012272,-0.7376352120565921,-0.3435613842787514,-0.8313796185429996,-0.4520204370875634,-0.8606047116325379,-0.019112435614449943,-0.49012433779703735,-0.10016803995390713,-0.7622409288467715,-0.19962245272918452,-0.8849037994698673,-0.2878945089063027,-0.9576621281754848,-0.011203617084543318,-0.4940225056590559,-0.03144887404132852,-0.7079000321038069,-0.06741436536449275,-0.8218502235587127,-0.11461124425247722,-0.8979325221840055
OK_SIGN,0.0,0.0,0.15811592718696268,-0.0010168700535553008,0.30415849250237936,-0.09821275644108349,0.41863183364503787,-0.25174797183019093,0.4887951821179456,-0.41968973139027554,0.11107712192992931,-0.36073567933235506,0.2871897304420783,-0.5858948804099429,0.3959186808324002,-0.5365341990232113,0.44305718594980575,-0.4569174365559602,0.0496966973250821,-0.4579388462079689,0.2299418821802176,-0.7234859981971962,0.39005463311705685,-0.7958974757381351,0.5043159835772231,-0.808396446377885,0.02854979163165877,-0.5080299746816883,0.14144292424853885,-0.7710440307339341,0.26495306416144265,-0.8792875010481483,0.3649144225350844,-0.9310410647366129,0.029624734284296825,-0.5224397736591037,0.07675929937285604,-0.7264628612961951,0.14010871056725255,-0.8317428303483675,0.20301426894683072,-0.903893580763041
OK_SIGN,-0.0,0.0,-0.15811592718696268,-0.0010168700535553008,-0.30415849250237936,-0.09821275644108349,-0.41863183364503787,-0.25174797183019093,-0.4887951821179456,-0.41968973139027554,-0.11107712192992931,-0.36073567933235506,-0.2871897304420783,-0.5858948804099429,-0.3959186808324002,-0.5365341990232113,-0.44305718594980575,-0.4569174365559602,-0.0496966973250821,-0.4579388462079689,-0.2299418821802176,-0.7234859981971962,-0.39005463311705685,-0.7958974757381351,-0.5043159835772231,-0.808396446377885,-0.02854979163165877,-0.5080299746816883,-0.14144292424853885,-0.7710440307339341,-0.26495306416144265,-0.8792875010481483,-0.3649144225350844,-0.9310410647366129,-0.029624734284296825,-0.5224397736591037,-0.07675929937285604,-0.7264628612961951,-0.14010871056725255,-0.8317428303483675,-0.20301426894683072,-0.903893580763041
OK_SIGN,0.0,0.0,0.1643280255016628,-7.515573999618697e-05,0.3116476439033062,-0.09620512840588825,0.42883499665260955,-0.24026031813260676,0.4978077317314179,-0.3981695843424459,0.13702778796585333,-0.36314649939739024,0.3159435936114593,-0.5760729979610444,0.4240049650907732,-0.5265063421308669,0.4688820387736773,-0.4445623554604768,0.07085681466484399,-0.46186143843724614,0.25054237152077286,-0.7283761050633173,0.4097311557022666,-0.8016685948357979,0.5226997549107433,-0.8161915063942013,0.04375381843762178,-0.5112531276238579,0.15271289292442405,-0.7744229387310716,0.27060546836973237,-0.879356420130974,0.3642921993433049,-0.9312847005602626,0.04095528733642892,-0.519163354276262,0.07871611565179819,-0.7282994190028235,0.13287619849131282,-0.8345062120745843,0.18918646664784505,-0.9070550511030077
OK_SIGN,-0.0,0.0,-0.1643280255016628,-7.515573999618697e-05,-0.3116476439033062,-0.09620512840588825,-0.42883499665260955,-0.24026031813260676,-0.4978077317314179,-0.3981695843424459,-0.13702778796585333,-0.36314649939739024,-0.3159435936114593,-0.5760729979610444,-0.4240049650907732,-0.5265063421308669,-0.4688820387736773,-0.4445623554604768,-0.07085681466484399,-0.46186143843724614,-0.25054237152077286,-0.7283761050633173,-0.4097311557022666,-0.8016685948357979,-0.5226997549107433,-0.8161915063942013,-0.04375381843762178,-0.5112531276238579,-0.15271289292442405,-0.7744229387310716,-0.27060546836973237,-0.879356420130974,-0.3642921993433049,-0.9312847005602626,-0.04095528733642892,-0.519163354276262,-0.07871611565179819,-0.7282994190028235,-0.13287619849131282,-0.8345062120745843,-0.18918646664784505,-0.9070550511030077
OK_SIGN,0.0,0.0,0.16225757441748997,0.003642910028887218,0.30598205554217184,-0.09813487282865718,0.4277369711795111,-0.23914626864027375,0.492465058553273,-0.39966347641451244,0.1323254555743294,-0.37939300709277524,0.31708842811956994,-0.5832484887013152,0.4198698611436319,-0.5168986339037066,0.46175913961578385,-0.42926739669734665,0.06808577824243832,-0.4699865759544219,0.24485697485762722,-0.7240371264689924,0.4050011248567071,-0.7956155150090984,0.5205653834010476,-0.8077518551590491,0.0398623255307141,-0.507270735601062,0.14781042930386654,-0.7649758168173143,0.26494245332200783,-0.874611481529401,0.36314038538980087,-0.931734436681905,0.03737071656973574,-0.510166931956767,0.07351280332980387,-0.7142612354804624,0.11881949951095207,-0.8237637751321512,0.1688605090563296,-0.8996003712363984
OK_SIGN,-0.0,0.0,-0.16225757441748997,0.003642910028887218,-0.30598205554217184,-0.09813487282865718,-0.4277369711795111,-0.23914626864027375,-0.492465058553273,-0.39966347641451244,-0.1323254555743294,-0.37939300709277524,-0.31708842811956994,-0.5832484887013152,-0.4198698611436319,-0.5168986339037066,-0.46175913961578385,-0.42926739669734665,-0.06808577824243832,-0.4699865759544219,-0.24485697485762722,-0.7240371264689924,-0.4050011248567071,-0.7956155150090984,-0.5205653834010476,-0.8077518551590491,-0.0398623255307141,-0.507270735601062,-0.14781042930386654,-0.7649758168173143,-0.26494245332200783,-0.874611481529401,-0.36314038538980087,-0.931734436681905,-0.03737071656973574,-0.510166931956767,-0.07351280332980387,-0.7142612354804624,-0.11881949951095207,-0.8237637751321512,-0.1688605090563296,-0.8996003712363984
OK_SIGN,0.0,0.0,0.16326906723785858,0.014471415700756564,0.3150260758859946,-0.08386296569479149,0.43621331814667835,-0.220988702272708,0.506947147360976,-0.37600978084337455,0.14633277774801534,-0.37669386324803084,0.32666507671870626,-0.5709617805116964,0.4292367233284108,-0.5066629201646548,0.4701038970392802,-0.41842383278464507,0.08506193132269928,-0.4661387733656303,0.24751714535516864,-0.7258151170367657,0.4052356394470146,-0.8050874192271616,0.5218248468103945,-0.8226489914061375,0.05925931330008446,-0.5010231188789044,0.15188035090854207,-0.766202035928278,0.26325446921710405,-0.8781732370624051,0.35864500771227376,-0.9334740266569087,0.05727726574648569,-0.4981178472204876,0.09355094739521565,-0.7096950807407004,0.14498441284290975,-0.8179750140191049,0.20238810654915837,-0.8859569136902509
OK_SIGN,-0.0,0.0,-0.16326906723785858,0.014471415700756564,-0.3150260758859946,-0.08386296569479149,-0.43621331814667835,-0.220988702272708,-0.506947147360976,-0.37600978084337455,-0.14633277774801534,-0.37669386324803084,-0.32666507671870626,-0.5709617805116964,-0.4292367233284108,-0.5066629201646548,-0.4701038970392802,-0.41842383278464507,-0.08506193132269928,-0.4661387733656303,-0.24751714535516864,-0.7258151170367657,-0.4052356394470146,-0.8050874192271616,-0.5218248468103945,-0.8226489914061375,-0.05925931330008446,-0.5010231188789044,-0.15188035090854207,-0.766202035928278,-0.26325446921710405,-0.8781732370624051,-0.35864500771227376,-0.9334740266569087,-0.05727726574648569,-0.4981178472204876,-0.09355094739521565,-0.7096950807407004,-0.14498441284290975,-0.8179750140191049,-0.20238810654915837,-0.8859569136902509
OK_SIGN,0.0,0.0,0.1632391433444434,0.012284960308010861,0.3157480986584741,-0.08432663787405845,0.438887690443552,-0.21488665108223498,0.5153574522525849,-0.3639089899608166,0.15463098012406595,-0.3773130469786315,0.3397333674197607,-0.5738555319672622,0.44072509350375466,-0.5072698836804719,0.48034326381287107,-0.4163943486464883,0.09103965998461697,-0.4710748785468814,0.2616642529799776,-0.7278577127024037,0.4211076605858538,-0.801510948393948,0.537327342796231,-0.8152584905405146,0.06514037920674035,-0.5100511783344015,0.16387841695226382,-0.7751023262608356,0.2777123144767724,-0.8789768863273949,0.3742008189458667,-0.9273476948266182,0.0652465929801724,-0.5074334026845575,0.10240825598492476,-0.7169685935489094,0.15480592554876535,-0.8222410723010057,0.2122790033961168,-0.8883468974858126
OK_SIGN,-0.0,0.0,-0.1632391433444434,0.012284960308010861,-0.3157480986584741,-0.08432663787405845,-0.438887690443552,-0.21488665108223498,-0.5153574522525849,-0.3639089899608166,-0.15463098012406595,-0.3773130469786315,-0.3397333674197607,-0.5738555319672622,-0.44072509350375466,-0.5072698836804719,-0.48034326381287107,-0.4163943486464883,-0.09103965998461697,-0.4710748785468814,-0.2616642529799776,-0.7278577127024037,-0.4211076605858538,-0.801510948393948,-0.537327342796231,-0.8152584905405146,-0.06514037920674035,-0.5100511783344015,-0.16387841695226382,-0.7751023262608356,-0.2777123144767724,-0.8789768863273949,-0.3742008189458667,-0.9273476948266182,-0.0652465929801724,-0.5074334026845575,-0.10240825598492476,-0.7169685935489094,-0.15480592554876535,-0.8222410723010057,-0.2122790033961168,-0.8883468974858126
OK_SIGN,0.0,0.0,0.16430711125423025,0.012415483139423741,0.3161157724349722,-0.07672488221065846,0.4362884502657796,-0.21387734806500594,0.5149497461479491,-0.36460216724563993,0.145144601473675,-0.3705223765344843,0.33356000244149453,-0.5473632852330699,0.44663650111698205,-0.4843031434867344,0.4993695930173002,-0.3922284278113459,0.08959996759524401,-0.4665860732605852,0.25379680196628013,-0.7282330163954969,0.41769798021082155,-0.8012639687147101,0.5414931153763333,-0.8108318711140367,0.06684654519970694,-0.5057346260661761,0.16116975121213473,-0.7654472297029284,0.2769888256017939,-0.874366220742885,0.37663790381393897,-0.9263605612344699,0.06542418082383761,-0.505626077660775,0.09671930835299025,-0.7089970463087386,0.14579900316610922,-0.8193767739315693,0.2026086235173558,-0.8898949516591916
OK_SIGN,-0.0,0.0,-0.16430711125423025,0.012415483139423741,-0.3161157724349722,-0.07672488221065846,-0.4362884502657796,-0.21387734806500594,-0.5149497461479491,-0.36460216724563993,-0.145144601473675,-0.3705223765344843,-0.33356000244149453,-0.5473632852330699,-0.44663650111698205,-0.4843031434867344,-0.4993695930173002,-0.3922284278113459,-0.08959996759524401,-0.4665860732605852,-0.25379680196628013,-0.7282330163954969,-0.41769798021082155,-0.8012639687147101,-0.5414931153763333,-0.8108318711140367,-0.06684654519970694,-0.5057346260661761,-0.16116975121213473,-0.7654472297029284,-0.2769888256017939,-0.874366220742885,-0.37663790381393897,-0.9263605612344699,-0.06542418082383761,-0.505626077660775,-0.09671930835299025,-0.7089970463087386,-0.14579900316610922,-0.8193767739315693,-0.2026086235173558,-0.8898949516591916
OK_SIGN,0.0,0.0,0.16128244743925477,0.020139221052648988,0.3133065501057254,-0.07446405643270256,0.43668363516333547,-0.2084941758604746,0.5178416489006685,-0.35585140599135484,0.14567285828742824,-0.37040824114872767,0.33604945660564667,-0.557292155999745,0.43936090715612214,-0.4933883734326476,0.4806730156660162,-0.40406225314322036,0.08559825353180878,-0.46596624360369865,0.2584127145357087,-0.7244480534873081,0.4144309601567705,-0.7978184169319257,0.5294664229698705,-0.8111750658962615,0.06104859005346623,-0.5042018817483092,0.16464885915816707,-0.7614453302591664,0.2774014116766243,-0.8718500228559541,0.37312697035025477,-0.9277802886444829,0.0598490084447233,-0.5032400745055299,0.10130984469097389,-0.7087804242432448,0.15310294015475692,-0.8173758551552499,0.21086682373820353,-0.8873177938062142
OK_SIGN,-0.0,0.0,-0.16128244743925477,0.020139221052648988,-0.3133065501057254,-0.07446405643270256,-0.43668363516333547,-0.2084941758604746,-0.5178416489006685,-0.35585140599135484,-0.14567285828742824,-0.37040824114872767,-0.33604945660564667,-0.557292155999745,-0.43936090715612214,-0.4933883734326476,-0.4806730156660162,-0.40406225314322036,-0.08559825353180878,-0.46596624360369865,-0.2584127145357087,-0.7244480534873081,-0.4144309601567705,-0.7978184169319257,-0.5294664229698705,-0.8111750658962615,-0.06104859005346623,-0.5042018817483092,-0.16464885915816707,-0.7614453302591664,-0.2774014116766243,-0.8718500228559541,-0.37312697035025477,-0.9277802886444829,-0.0598490084447233,-0.5032400745055299,-0.10130984469097389,-0.7087804242432448,-0.15310294015475692,-0.8173758551552499,-0.21086682373820353,-0.8873177938062142
OK_SIGN,0.0,0.0,0.15894197332848398,0.020067804286786225,0.3076110020927581,-0.0654518156152065,0.4240100060803184,-0.2066576135559864,0.5137715759014957,-0.3694646325461631,0.11922047679009289,-0.3803803765716366,0.30698119025200865,-0.6023651374183152,0.42194330708888883,-0.548810069948373,0.47710769869809594,-0.46570263729432804,0.06476812270016136,-0.47701485476225747,0.25356916211610875,-0.734381930582671,0.4185280016645991,-0.8063417726342241,0.5374539753841115,-0.8154228397536717,0.048031292058514814,-0.5196303090663216,0.16803629133102374,-0.7794055354418202,0.29306776300513326,-0.8783049493450986,0.39676855980582915,-0.9179186837348983,0.0512942562043399,-0.5255846943011512,0.09984101639056298,-0.7319851880726321,0.16411499523183343,-0.8307252403620327,0.23048445643972726,-0.8921912605464408
OK_SIGN,-0.0,0.0,-0.15894197332848398,0.020067804286786225,-0.3076110020927581,-0.0654518156152065,-0.4240100060803184,-0.2066576135559864,-0.5137715759014957,-0.3694646325461631,-0.11922047679009289,-0.3803803765716366,-0.30698119025200865,-0.6023651374183152,-0.42194330708888883,-0.548810069948373,-0.47710769869809594,-0.46570263729432804,-0.06476812270016136,-0.47701485476225747,-0.25356916211610875,-0.734381930582671,-0.4185280016645991,-0.8063417726342241,-0.5374539753841115,-0.8154228397536717,-0.048031292058514814,-0.5196303090663216,-0.16803629133102374,-0.7794055354418202,-0.29306776300513326,-0.8783049493450986,-0.39676855980582915,-0.9179186837348983,-0.0512942562043399,-0.5255846943011512,-0.09984101639056298,-0.7319851880726321,-0.16411499523183343,-0.8307252403620327,-0.23048445643972726,-0.8921912605464408
OK_SIGN,0.0,0.0,0.1564224100055936,0.024298521679230866,0.30406873366062626,-0.06554935820237182,0.4206724568627277,-0.208355693373692,0.512229014824065,-0.3654612602751844,0.11750062857463116,-0.37919320284985375,0.30522461696685177,-0.5986015610182234,0.41649414564858595,-0.540727938552645,0.4669094481072773,-0.4546933908687147,0.06340366577396983,-0.477561334508272,0.2514571830676631,-0.7345847095237568,0.413329218756249,-0.8067874256390367,0.5311850470052816,-0.8195752251263653,0.04741706095928274,-0.5202664989018233,0.16648910756247867,-0.7725826923915022,0.28961172272405206,-0.874837763259766,0.3919491321599069,-0.9199868900147957,0.05211446314302044,-0.526072284730313,0.1026044204005351,-0.7295474752031532,0.16674040172740667,-0.8311345820819455,0.23323704637706966,-0.897406563810705
OK_SIGN,-0.0,0.0,-0.1564224100055936,0.024298521679230866,-0.30406873366062626,-0.06554935820237182,-0.4206724568627277,-0.208355693373692,-0.512229014824065,-0.3654612602751844,-0.11750062857463116,-0.37919320284985375,-0.30522461696685177,-0.5986015610182234,-0.41649414564858595,-0.540727938552645,-0.4669094481072773,-0.4546933908687147,-0.06340366577396983,-0.477561334508272,-0.2514571830676631,-0.7345847095237568,-0.413329218756249,-0.8067874256390367,-0.5311850470052816,-0.8195752251263653,-0.04741706095928274,-0.5202664989018233,-0.16648910756247867,-0.7725826923915022,-0.28961172272405206,-0.874837763259766,-0.3919491321599069,-0.9199868900147957,-0.05211446314302044,-0.526072284730313,-0.1026044204005351,-0.7295474752031532,-0.16674040172740667,-0.8311345820819455,-0.23323704637706966,-0.897406563810705
OK_SIGN,0.0,0.0,0.15908493285183858,0.012438475877370686,0.3021410407573157,-0.07612000218165933,0.4173794854121181,-0.21474872307474116,0.49993433396219333,-0.36771855771166145,0.12467715107505287,-0.36906939139532097,0.30887782414807746,-0.580278301289937,0.41366377665928,-0.5291548155376877,0.45855149165254044,-0.4497792112878207,0.0654468735856593,-0.4603381441147145,0.256857134621835,-0.7095186812101876,0.4123775402838165,-0.7978126341443625,0.5230450010076088,-0.8343071305497575,0.040612702633971175,-0.4990029566781914,0.1555536417440348,-0.745428137350721,0.26788563363363593,-0.8647178047456536,0.3606948361458393,-0.9326838881302315,0.03813235348483805,-0.5018542716354736,0.0771340435671785,-0.6985881860300824,0.12230008944245468,-0.80910940799284,0.1685303717092229,-0.8889096671064806
OK_SIGN,-0.0,0.0,-0.15908493285183858,0.012438475877370686,-0.3021410407573157,-0.07612000218165933,-0.4173794854121181,-0.21474872307474116,-0.49993433396219333,-0.36771855771166145,-0.12467715107505287,-0.36906939139532097,-0.30887782414807746,-0.580278301289937,-0.41366377665928,-0.5291548155376877,-0.45855149165254044,-0.4497792112878207,-0.0654468735856593,-0.4603381441147145,-0.256857134621835,-0.7095186812101876,-0.4123775402838165,-0.7978126341443625,-0.5230450010076088,-0.8343071305497575,-0.040612702633971175,-0.4990029566781914,-0.1555536417440348,-0.745428137350721,-0.26788563363363593,-0.8647178047456536,-0.3606948361458393,-0.9326838881302315,-0.03813235348483805,-0.5018542716354736,-0.0771340435671785,-0.6985881860300824,-0.12230008944245468,-0.80910940799284,-0.1685303717092229,-0.8889096671064806
OK_SIGN,0.0,0.0,0.1596536907137383,0.007017765139601805,0.30389703374521465,-0.08326075252787819,0.4207599036393773,-0.22026170090386982,0.4989069864296452,-0.37342537869154857,0.1321007190613976,-0.36910003140590464,0.3159352261818716,-0.579966369701871,0.41823718702722984,-0.5279890493412355,0.46165815721324827,-0.4464462463976587,0.07096894065291119,-0.4576863683090185,0.2607537565003405,-0.7049386194169713,0.4131998913250197,-0.7919437340599798,0.522641764907107,-0.8270855384173951,0.04289406563102671,-0.4949971613654571,0.16005217499832905,-0.7409592761595466,0.2716898232896354,-0.8609225419680235,0.3645815027366014,-0.9311714814481388,0.03830611372643742,-0.4984328910023497,0.0764480359916427,-0.6979423848045523,0.12018391132917244,-0.8108728819170835,0.16707010966964095,-0.8927288946950706
OK_SIGN,-0.0,0.0,-0.1596536907137383,0.007017765139601805,-0.30389703374521465,-0.08326075252787819,-0.4207599036393773,-0.22026170090386982,-0.4989069864296452,-0.37342537869154857,-0.1321007190613976,-0.36910003140590464,-0.3159352261818716,-0.579966369701871,-0.41823718702722984,-0.5279890493412355,-0.46165815721324827,-0.4464462463976587,-0.07096894065291119,-0.4576863683090185,-0.2607537565003405,-0.7049386194169713,-0.4131998913250197,-0.7919437340599798,-0.522641764907107,-0.8270855384173951,-0.04289406563102671,-0.4949971613654571,-0.16005217499832905,-0.7409592761595466,-0.2716898232896354,-0.8609225419680235,-0.3645815027366014,-0.9311714814481388,-0.03830611372643742,-0.4984328910023497,-0.0764480359916427,-0.6979423848045523,-0.12018391132917244,-0.8108728819170835,-0.16707010966964095,-0.8927288946950706
FULL_HAND,0.0,0.0,0.1524042834004516,-0.07225125130843173,0.2561214585933222,-0.20744358653739325,0.29408824149193225,-0.381610330853417,0.26553461539827583,-0.520334608430914,0.17561232857219652,-0.38822581936617406,0.18261421718283566,-0.650123858204733,0.1755192079199237,-0.7934630485426256,0.16435839409072475,-0.9074821703530226,0.08267374235728005,-0.4083000256301125,0.0966326673078644,-0.6903947446339687,0.09703772949298865,-0.8663277448001672,0.0915828330227569,-0.9957974616836125,0.0015674888057174289,-0.4017808840965752,0.02051532739729331,-0.6524152462115088,0.028613597818082124,-0.8101937046472056,0.03060177435315708,-0.9247134764861944,-0.06655621489524641,-0.37849857014373767,-0.04186026364914221,-0.5736338459011325,-0.03033297703555706,-0.685809564690535,-0.025725023019556675,-0.7778202972322955
FULL_HAND,-0.0,0.0,-0.1524042834004516,-0.07225125130843173,-0.2561214585933222,-0.20744358653739325,-0.29408824149193225,-0.381610330853417,-0.26553461539827583,-0.520334608430914,-0.17561232857219652,-0.38822581936617406,-0.18261421718283566,-0.650123858204733,-0.1755192079199237,-0.7934630485426256,-0.16435839409072475,-0.9074821703530226,-0.08267374235728005,-0.4083000256301125,-0.0966326673078644,-0.6903947446339687,-0.09703772949298865,-0.8663277448001672,-0.0915828330227569,-0.9957974616836125,-0.0015674888057174289,-0.4017808840965752,-0.02051532739729331,-0.6524152462115088,-0.028613597818082124,-0.8101937046472056,-0.03060177435315708,-0.9247134764861944,0.06655621489524641,-0.37849857014373767,0.04186026364914221,-0.5736338459011325,0.03033297703555706,-0.685809564690535,0.025725023019556675,-0.7778202972322955
FULL_HAND,0.0,0.0,0.15263819561766287,-0.06983210356753558,0.2569760497977237,-0.2058832980363517,0.2979012578467752,-0.37876900867265906,0.26988405733047466,-0.5155438979483905,0.1805880180899008,-0.3880439361857867,0.1909995452567816,-0.6467455243560537,0.1853496962236431,-0.7908209294880327,0.17502682103556663,-0.9060556105642168,0.08822948481076134,-0.4095226087352901,0.10553821213375633,-0.6891459368948072,0.10763074175666508,-0.8648940395745424,0.10317089947912393,-0.9946636444048151,0.006574153869454101,-0.4050669577404145,0.027817860572556443,-0.6540872544918457,0.037536810031099314,-0.8111953895680166,0.040605400480814756,-0.9256736393794962,-0.06336044561053861,-0.38394727490164227,-0.036277583607237894,-0.5788710673147361,-0.024090667205807024,-0.6903860485295424,-0.019124314768564497,-0.7815882323229745
FULL_HAND,-0.0,0.0,-0.15263819561766287,-0.06983210356753558,-0.2569760497977237,-0.2058832980363517,-0.2979012578467752,-0.37876900867265906,-0.26988405733047466,-0.5155438979483905,-0.1805880180899008,-0.3880439361857867,-0.1909995452567816,-0.6467455243560537,-0.1853496962236431,-0.7908209294880327,-0.17502682103556663,-0.9060556105642168,-0.08822948481076134,-0.4095226087352901,-0.10553821213375633,-0.6891459368948072,-0.10763074175666508,-0.8648940395745424,-0.10317089947912393,-0.9946636444048151,-0.006574153869454101,-0.4050669577404145,-0.027817860572556443,-0.6540872544918457,-0.037536810031099314,-0.8111953895680166,-0.040605400480814756,-0.9256736393794962,0.06336044561053861,-0.38394727490164227,0.036277583607237894,-0.5788710673147361,0.024090667205807024,-0.6903860485295424,0.019124314768564497,-0.7815882323229745
FULL_HAND,0.0,0.0,0.1528752981342169,-0.06909785441068123,0.2566009206920442,-0.20784641838662057,0.2973396689640624,-0.38088646580460944,0.26855374986443775,-0.5154927486521604,0.17743764147340324,-0.38752628074798007,0.18786324218094602,-0.6466610886131037,0.18250851521776562,-0.7898109917506201,0.1726446804346352,-0.9036557620186039,0.08583208644937497,-0.40956487452904483,0.10247927705518275,-0.690396761235668,0.10489900306109416,-0.8657636818550505,0.10092434771888684,-0.994894102926295,0.004816787662458614,-0.4043719619804136,0.02603881915845223,-0.6548576408750557,0.03596418991008434,-0.8110137165786367,0.03921952658586019,-0.9249336472530592,-0.06530696755363224,-0.3816672558687467,-0.039573051693464534,-0.575712699762453,-0.027256301515325255,-0.6870494111757212,-0.02179096477875194,-0.7789979662676205
FULL_HAND,-0.0,0.0,-0.1528752981342169,-0.06909785441068123,-0.2566009206920442,-0.20784641838662057,-0.2973396689640624,-0.38088646580460944,-0.26855374986443775,-0.5154927486521604,-0.17743764147340324,-0.38752628074798007,-0.18786324218094602,-0.6466610886131037,-0.18250851521776562,-0.7898109917506201,-0.1726446804346352,-0.9036557620186039,-0.08583208644937497,-0.40956487452904483,-0.10247927705518275,-0.690396761235668,-0.10489900306109416,-0.8657636818550505,-0.10092434771888684,-0.994894102926295,-0.004816787662458614,-0.4043719619804136,-0.02603881915845223,-0.6548576408750557,-0.03596418991008434,-0.8110137165786367,-0.03921952658586019,-0.9249336472530592,0.06530696755363224,-0.3816672558687467,0.039573051693464534,-0.575712699762453,0.027256301515325255,-0.6870494111757212,0.02179096477875194,-0.7789979662676205
FULL_HAND,0.0,0.0,0.15387585134068243,-0.0555377251104273,0.25899636288357486,-0.18908643243629164,0.292248359837189,-0.37296446369652303,0.2665610023423113,-0.5168244800580665,0.17109630995680802,-0.38672431743963886,0.1863982745417721,-0.6504394520299367,0.18242292589858886,-0.790088350137808,0.17254273464982384,-0.902662044004855,0.07450935952654963,-0.41148496386012473,0.0992511205229238,-0.6957777890917888,0.1046392314189519,-0.868392487147175,0.10126430673322769,-0.9948595580190396,-0.003860445747009108,-0.40846150685681554,0.025477364831685174,-0.6583229569652532,0.03897461178267979,-0.8106147519431657,0.04254833040642156,-0.9210608205562567,-0.06330546570917166,-0.3871511280245626,-0.029183016365624603,-0.5785185221056678,-0.014240471220596285,-0.687302739661578,-0.007566759927408597,-0.7737920182748801
FULL_HAND,-0.0,0.0,-0.15387585134068243,-0.0555377251104273,-0.25899636288357486,-0.18908643243629164,-0.292248359837189,-0.37296446369652303,-0.2665610023423113,-0.5168244800580665,-0.17109630995680802,-0.38672431743963886,-0.1863982745417721,-0.6504394520299367,-0.18242292589858886,-0.790088350137808,-0.17254273464982384,-0.902662044004855,-0.07450935952654963,-0.41148496386012473,-0.0992511205229238,-0.6957777890917888,-0.1046392314189519,-0.868392487147175,-0.10126430673322769,-0.9948595580190396,0.003860445747009108,-0.40846150685681554,-0.025477364831685174,-0.6583229569652532,-0.03897461178267979,-0.8106147519431657,-0.04254833040642156,-0.9210608205562567,0.06330546570917166,-0.3871511280245626,0.029183016365624603,-0.5785185221056678,0.014240471220596285,-0.687302739661578,0.007566759927408597,-0.7737920182748801
FULL_HAND,0.0,0.0,0.1555755094061521,-0.05909226299961634,0.26147922313979016,-0.1930288396888857,0.29301562311370355,-0.37738696301587366,0.266003673703118,-0.5205212261575208,0.1713960622368126,-0.3861515306197082,0.18681612574098544,-0.6551972288516688,0.1827134100955851,-0.7950861451688247,0.17221001327583846,-0.9068456336770448,0.07452258527847197,-0.4102302646987319,0.09956101118266031,-0.6994940884468297,0.10389332482402591,-0.871551212887073,0.09918997446735872,-0.9950685147089946,-0.00316115868644918,-0.4081288043441938,0.02696052316588531,-0.6623308498378684,0.04018011259342032,-0.815068451238544,0.0430014741881181,-0.9239427090064606,-0.06082407653735825,-0.38798718943149724,-0.027018435603610762,-0.5833788565795813,-0.011651386799572885,-0.6946432102916597,-0.004359383569399558,-0.7823189346119794
FULL_HAND,-0.0,0.0,-0.1555755094061521,-0.05909226299961634,-0.26147922313979016,-0.1930288396888857,-0.29301562311370355,-0.37738696301587366,-0.266003673703118,-0.5205212261575208,-0.1713960622368126,-0.3861515306197082,-0.18681612574098544,-0.6551972288516688,-0.1827134100955851,-0.7950861451688247,-0.17221001327583846,-0.9068456336770448,-0.07452258527847197,-0.4102302646987319,-0.09956101118266031,-0.6994940884468297,-0.10389332482402591,-0.871551212887073,-0.09918997446735872,-0.9950685147089946,0.00316115868644918,-0.4081288043441938,-0.02696052316588531,-0.6623308498378684,-0.04018011259342032,-0.815068451238544,-0.0430014741881181,-0.9239427090064606,0.06082407653735825,-0.38798718943149724,0.027018435603610762,-0.5833788565795813,0.011651386799572885,-0.6946432102916597,0.004359383569399558,-0.7823189346119794
FULL_HAND,0.0,0.0,0.1528926614103349,-0.06570121631188615,0.2563292813083034,-0.20616655619309962,0.29416341179107025,-0.38515600554289736,0.26697194941751684,-0.5228468129409487,0.17932974066916962,-0.4003752166963033,0.18972614618215886,-0.6549898604208801,0.1830961097878931,-0.795765279755527,0.17173905829143457,-0.9073601474954485,0.08708508366976685,-0.4233118304081193,0.1025651739592895,-0.6982683910039557,0.10353143165003895,-0.8692321201569864,0.09795208956536582,-0.9951911314666035,0.008064806390497415,-0.41795167116942317,0.02680510285255614,-0.6629928727788857,0.03536915543375614,-0.8128882952299288,0.03719296029980468,-0.9219068020565695,-0.057230083162859775,-0.39476363992097446,-0.03447193479303459,-0.5837444730734372,-0.023983784391255942,-0.6937517496723582,-0.019544075651324766,-0.7834175661668914
FULL_HAND,-0.0,0.0,-0.1528926614103349,-0.06570121631188615,-0.2563292813083034,-0.20616655619309962,-0.29416341179107025,-0.38515600554289736,-0.26697194941751684,-0.5228468129409487,-0.17932974066916962,-0.4003752166963033,-0.18972614618215886,-0.6549898604208801,-0.1830961097878931,-0.795765279755527,-0.17173905829143457,-0.9073601474954485,-0.08708508366976685,-0.4233118304081193,-0.1025651739592895,-0.6982683910039557,-0.10353143165003895,-0.8692321201569864,-0.09795208956536582,-0.9951911314666035,-0.008064806390497415,-0.41795167116942317,-0.02680510285255614,-0.6629928727788857,-0.03536915543375614,-0.8128882952299288,-0.03719296029980468,-0.9219068020565695,0.057230083162859775,-0.39476363992097446,0.03447193479303459,-0.5837444730734372,0.023983784391255942,-0.6937517496723582,0.019544075651324766,-0.7834175661668914
FULL_HAND,0.0,0.0,0.1534988148889283,-0.07323249110447956,0.2567467312218832,-0.21166218979433357,0.2934883207444409,-0.3891726683858702,0.26248237243345307,-0.5238241602693322,0.17609182161559775,-0.40120256732021414,0.18471707390002912,-0.6547798588442708,0.17686326919627796,-0.7950252563340495,0.1654559922047899,-0.9047686832409273,0.08420460921614042,-0.4244047314324713,0.09757868726134072,-0.6995324046182123,0.09705272392766617,-0.8697936176134887,0.0916384758439328,-0.9957923426824495,0.002667933724214093,-0.41814904608873127,0.019410883025619198,-0.6627804077083942,0.026907844438677993,-0.8138647737990705,0.028815583569687237,-0.9250858545584197,-0.0692259722400616,-0.3909930505100621,-0.04796185877420972,-0.5803708126099983,-0.038680745953859424,-0.6872308728763709,-0.03563606481081736,-0.7740233439809904
FULL_HAND,-0.0,0.0,-0.1534988148889283,-0.07323249110447956,-0.2567467312218832,-0.21166218979433357,-0.2934883207444409,-0.3891726683858702,-0.26248237243345307,-0.5238241602693322,-0.17609182161559775,-0.40120256732021414,-0.18471707390002912,-0.6547798588442708,-0.17686326919627796,-0.7950252563340495,-0.1654559922047899,-0.9047686832409273,-0.08420460921614042,-0.4244047314324713,-0.09757868726134072,-0.6995324046182123,-0.09705272392766617,-0.8697936176134887,-0.0916384758439328,-0.9957923426824495,-0.002667933724214093,-0.41814904608873127,-0.019410883025619198,-0.6627804077083942,-0.026907844438677993,-0.8138647737990705,-0.028815583569687237,-0.9250858545584197,0.0692259722400616,-0.3909930505100621,0.04796185877420972,-0.5803708126099983,0.038680745953859424,-0.6872308728763709,0.03563606481081736,-0.7740233439809904
FULL_HAND,0.0,0.0,0.15342419881218214,-0.07122331369247266,0.25728448120335035,-0.21121085687176924,0.29509829815706223,-0.39062126025590344,0.26311069519978847,-0.5249446382498597,0.1775218714531936,-0.3975111959425257,0.1859948393458216,-0.6536633513241878,0.17862812120214897,-0.7955742162072731,0.16753974272270078,-0.9053881667159677,0.0862078215928391,-0.42116355949108203,0.09968102274411832,-0.6986605735810888,0.09930672380484092,-0.8701030135136006,0.09382177472037771,-0.9955890088727972,0.005016295079012847,-0.4157250401221581,0.022017959528438522,-0.6619231587020571,0.029817761573359833,-0.8137896210496127,0.03213261453381795,-0.9243643946280685,-0.06711330845305487,-0.3899673425815856,-0.0452546665759766,-0.578838288213943,-0.036120367861171544,-0.6868130627498122,-0.033587347259769085,-0.7742840457212934
FULL_HAND,-0.0,0.0,-0.15342419881218214,-0.07122331369247266,-0.25728448120335035,-0.21121085687176924,-0.29509829815706223,-0.39062126025590344,-0.26311069519978847,-0.5249446382498597,-0.1775218714531936,-0.3975111959425257,-0.1859948393458216,-0.6536633513241878,-0.17862812120214897,-0.7955742162072731,-0.16753974272270078,-0.9053881667159677,-0.0862078215928391,-0.42116355949108203,-0.09968102274411832,-0.6986605735810888,-0.09930672380484092,-0.8701030135136006,-0.09382177472037771,-0.9955890088727972,-0.005016295079012847,-0.4157250401221581,-0.022017959528438522,-0.6619231587020571,-0.029817761573359833,-0.8137896210496127,-0.03213261453381795,-0.9243643946280685,0.06711330845305487,-0.3899673425815856,0.0452546665759766,-0.578838288213943,0.036120367861171544,-0.6868130627498122,0.033587347259769085,-0.7742840457212934
FULL_HAND,0.0,0.0,0.15988913526150988,-0.030271901808694112,0.2790154037651732,-0.1433086337537731,0.3212058935769465,-0.31706402094481106,0.3056730414246022,-0.461827162684011,0.19160047621748136,-0.3431483789290931,0.24046958130915147,-0.6142438137870827,0.25355225365490985,-0.7616739407310887,0.2561803386872245,-0.8803833932226807,0.09943368681406384,-0.3884360128496735,0.15742123131489805,-0.6764283284339907,0.17941967715409293,-0.8521685537777494,0.1903781079986119,-0.9817108413350994,0.03130348658773351,-0.410385534751793,0.09127493988563154,-0.6567743813866951,0.11935455808249965,-0.8124457023824002,0.13548040552642426,-0.9283413314754129,-0.015836685069568417,-0.4094357332705513,0.04154458763030268,-0.593264804720842,0.07004301331564952,-0.7036589802383791,0.08651989166765398,-0.7928291950915639
FULL_HAND,-0.0,0.0,-0.15988913526150988,-0.030271901808694112,-0.2790154037651732,-0.1433086337537731,-0.3212058935769465,-0.31706402094481106,-0.3056730414246022,-0.461827162684011,-0.19160047621748136,-0.3431483789290931,-0.24046958130915147,-0.6142438137870827,-0.25355225365490985,-0.7616739407310887,-0.2561803386872245,-0.8803833932226807,-0.09943368681406384,-0.3884360128496735,-0.15742123131489805,-0.6764283284339907,-0.17941967715409293,-0.8521685537777494,-0.1903781079986119,-0.9817108413350994,-0.03130348658773351,-0.410385534751793,-0.09127493988563154,-0.6567743813866951,-0.11935455808249965,-0.8124457023824002,-0.13548040552642426,-0.9283413314754129,0.015836685069568417,-0.4094357332705513,-0.04154458763030268,-0.593264804720842,-0.07004301331564952,-0.7036589802383791,-0.08651989166765398,-0.7928291950915639
FULL_HAND,0.0,0.0,0.15581147366791612,-0.03225362804787173,0.26935895824023615,-0.14800466476163118,0.30988729594973846,-0.3241644367407973,0.2933395735743974,-0.4736660053696139,0.18028381229553164,-0.3374831282931548,0.22761338673422166,-0.6094627615270293,0.2379937476957491,-0.755500989985437,0.23727006467506667,-0.874919588025063,0.08914184905140882,-0.383340274075045,0.14893126359321743,-0.6765061715565459,0.1730503759845475,-0.8544164105824926,0.18466937839327113,-0.9828007024233564,0.020730503196632097,-0.4051012815297539,0.07947890545670508,-0.6555684449119822,0.10889249535865551,-0.8130322237162255,0.1255568502698876,-0.9266599217113827,-0.027886271506659174,-0.4047688755391031,0.027702478993469986,-0.5887680900384017,0.05490905759091318,-0.6986851503374137,0.06832277822679457,-0.7887932154276197
FULL_HAND,-0.0,0.0,-0.15581147366791612,-0.03225362804787173,-0.26935895824023615,-0.14800466476163118,-0.30988729594973846,-0.3241644367407973,-0.2933395735743974,-0.4736660053696139,-0.18028381229553164,-0.3374831282931548,-0.22761338673422166,-0.6094627615270293,-0.2379937476957491,-0.755500989985437,-0.23727006467506667,-0.874919588025063,-0.08914184905140882,-0.383340274075045,-0.14893126359321743,-0.6765061715565459,-0.1730503759845475,-0.8544164105824926,-0.18466937839327113,-0.9828007024233564,-0.020730503196632097,-0.4051012815297539,-0.07947890545670508,-0.6555684449119822,-0.10889249535865551,-0.8130322237162255,-0.1255568502698876,-0.9266599217113827,0.027886271506659174,-0.4047688755391031,-0.027702478993469986,-0.5887680900384017,-0.05490905759091318,-0.6986851503374137,-0.06832277822679457,-0.7887932154276197
FULL_HAND,0.0,0.0,0.15782772047654012,-0.040128190818304814,0.2688366794380631,-0.16311376217971746,0.30762003781379793,-0.34390694762202034,0.28900955667563716,-0.4914505863731977,0.1806433256164342,-0.3599146070582337,0.21553410431015593,-0.6315488869119711,0.21964567984543681,-0.7731630371663628,0.21442363128249797,-0.8889512355963158,0.08566031914545517,-0.39842050992664774,0.1320890675341563,-0.6900836010776259,0.14845399487843544,-0.8635188122894171,0.15359115325330616,-0.9881344835812175,0.013261487892144633,-0.41029270218722663,0.06275611312675687,-0.6612511434590539,0.08677912495231001,-0.8152095899953972,0.09836969531596965,-0.9257948792146292,-0.03766168817603111,-0.40125235285683425,0.011664133180007022,-0.5868940439946413,0.03442843964797036,-0.6958426581999005,0.0463774497167704,-0.7825156053172879
FULL_HAND,-0.0,0.0,-0.15782772047654012,-0.040128190818304814,-0.2688366794380631,-0.16311376217971746,-0.30762003781379793,-0.34390694762202034,-0.28900955667563716,-0.4914505863731977,-0.1806433256164342,-0.3599146070582337,-0.21553410431015593,-0.6315488869119711,-0.21964567984543681,-0.7731630371663628,-0.21442363128249797,-0.8889512355963158,-0.08566031914545517,-0.39842050992664774,-0.1320890675341563,-0.6900836010776259,-0.14845399487843544,-0.8635188122894171,-0.15359115325330616,-0.9881344835812175,-0.013261487892144633,-0.41029270218722663,-0.06275611312675687,-0.6612511434590539,-0.08677912495231001,-0.8152095899953972,-0.09836969531596965,-0.9257948792146292,0.03766168817603111,-0.40125235285683425,-0.011664133180007022,-0.5868940439946413,-0.03442843964797036,-0.6958426581999005,-0.0463774497167704,-0.7825156053172879
FULL_HAND,0.0,0.0,0.1575046498082368,-0.04382088484947625,0.26832460296528293,-0.16900807195347164,0.3061412803333166,-0.3507122528688707,0.28565277770021624,-0.49750057591993824,0.1799092424432007,-0.3645010629263309,0.21125457124943786,-0.6355042444060107,0.21443619480769616,-0.7768068573582219,0.20864806036522765,-0.892306726597686,0.08408721238592654,-0.40080561857630415,0.12710931520460425,-0.6904610064867698,0.14142149207912263,-0.8633703394876789,0.14507064627249272,-0.9894212993412267,0.009904754345157406,-0.41042359569395304,0.057673257258245215,-0.6627619751390125,0.08071042189402763,-0.8147450758106785,0.09136675721850097,-0.9252929249694252,-0.042684813324245584,-0.3996391617799677,0.005881887287504114,-0.5879591511465014,0.02862260075262684,-0.6981222500561617,0.040751517987247445,-0.7863867879611957
FULL_HAND,-0.0,0.0,-0.1575046498082368,-0.04382088484947625,-0.26832460296528293,-0.16900807195347164,-0.3061412803333166,-0.3507122528688707,-0.28565277770021624,-0.49750057591993824,-0.1799092424432007,-0.3645010629263309,-0.21125457124943786,-0.6355042444060107,-0.21443619480769616,-0.7768068573582219,-0.20864806036522765,-0.892306726597686,-0.08408721238592654,-0.40080561857630415,-0.12710931520460425,-0.6904610064867698,-0.14142149207912263,-0.8633703394876789,-0.14507064627249272,-0.9894212993412267,-0.009904754345157406,-0.41042359569395304,-0.057673257258245215,-0.6627619751390125,-0.08071042189402763,-0.8147450758106785,-0.09136675721850097,-0.9252929249694252,0.042684813324245584,-0.3996391617799677,-0.005881887287504114,-0.5879591511465014,-0.02862260075262684,-0.6981222500561617,-0.040751517987247445,-0.7863867879611957
FULL_HAND,0.0,0.0,0.15447109192720157,-0.06087573106849591,0.26257024311570243,-0.19183353330298591,0.30808510648924514,-0.36634469140576525,0.28657908456515035,-0.5063715529476631,0.19091344607305438,-0.3868758830252647,0.21192853783173396,-0.6427736548513603,0.21111774147262344,-0.7847372886210179,0.20454961399833893,-0.8966861602872415,0.1005236469918661,-0.41645413257376973,0.12875955208648732,-0.6928569937923255,0.13668284730325111,-0.864682421501969,0.1364835981337555,-0.9906423307331782,0.020537245253201875,-0.4168759341478735,0.051155613220318606,-0.6616917809140905,0.06554763915154338,-0.8135913152816405,0.07173308584586556,-0.9248136207179033,-0.049292005339672,-0.397234626682629,-0.01637169433758542,-0.5858469108347396,-0.001276861061360946,-0.6932107082604858,0.005346400044600393,-0.7802090404259406
FULL_HAND,-0.0,0.0,-0.15447109192720157,-0.06087573106849591,-0.26257024311570243,-0.19183353330298591,-0.30808510648924514,-0.36634469140576525,-0.28657908456515035,-0.5063715529476631,-0.19091344607305438,-0.3868758830252647,-0.21192853783173396,-0.6427736548513603,-0.21111774147262344,-0.7847372886210179,-0.20454961399833893,-0.8966861602872415,-0.1005236469918661,-0.41645413257376973,-0.12875955208648732,-0.6928569937923255,-0.13668284730325111,-0.864682421501969,-0.1364835981337555,-0.9906423307331782,-0.020537245253201875,-0.4168759341478735,-0.051155613220318606,-0.6616917809140905,-0.06554763915154338,-0.8135913152816405,-0.07173308584586556,-0.9248136207179033,0.049292005339672,-0.397234626682629,0.01637169433758542,-0.5858469108347396,0.001276861061360946,-0.6932107082604858,-0.005346400044600393,-0.7802090404259406
FULL_HAND,0.0,0.0,0.15330988522240954,-0.06194394965847559,0.2601231276651823,-0.1935344887793517,0.31015231381813146,-0.36452086397091377,0.2904254980114653,-0.5020923407116005,0.1996536723074079,-0.37899330549956833,0.22371103475383758,-0.6359074933420242,0.2259619716230093,-0.7787603113232715,0.2222330649973425,-0.8902067225010455,0.11099788429948562,-0.41036727471563195,0.14213288374957353,-0.6898960603280087,0.15336439839013952,-0.862109207054519,0.15694991028416239,-0.9876065642055005,0.028398078012404866,-0.41383597267880484,0.060811659032886926,-0.6622217781648262,0.07973480786736387,-0.8142464527067163,0.09113681292270757,-0.9240965999104181,-0.04764148366225889,-0.3964465296141101,-0.013997012048109849,-0.5895585574336275,0.003776147080346613,-0.6978256988835081,0.014847533313224052,-0.7851328813228188
FULL_HAND,-0.0,0.0,-0.15330988522240954,-0.06194394965847559,-0.2601231276651823,-0.1935344887793517,-0.31015231381813146,-0.36452086397091377,-0.2904254980114653,-0.5020923407116005,-0.1996536723074079,-0.37899330549956833,-0.22371103475383758,-0.6359074933420242,-0.2259619716230093,-0.7787603113232715,-0.2222330649973425,-0.8902067225010455,-0.11099788429948562,-0.41036727471563195,-0.14213288374957353,-0.6898960603280087,-0.15336439839013952,-0.862109207054519,-0.15694991028416239,-0.9876065642055005,-0.028398078012404866,-0.41383597267880484,-0.060811659032886926,-0.6622217781648262,-0.07973480786736387,-0.8142464527067163,-0.09113681292270757,-0.9240965999104181,0.04764148366225889,-0.3964465296141101,0.013997012048109849,-0.5895585574336275,-0.003776147080346613,-0.6978256988835081,-0.014847533313224052,-0.7851328813228188
FULL_HAND,0.0,0.0,0.15816564259658697,-0.05822592541218547,0.26752875122086245,-0.18691046229799957,0.32162024544128653,-0.35585429824101467,0.300377954820554,-0.4916418370594244,0.2086489152183131,-0.3706710515419488,0.23203856877071957,-0.6326427722756,0.23461601542012114,-0.7783254832372701,0.23125326493089005,-0.8897188212762541,0.12002996147006634,-0.40141293404810297,0.15024047796202977,-0.6876417329549062,0.16129202528772413,-0.8609375883293501,0.16570967768436567,-0.9861745802451732,0.03549298346902686,-0.4065761667440379,0.06742860929590763,-0.6598843360696086,0.08564840956228978,-0.8135384921369414,0.09723246877353652,-0.9258301296639145,-0.044744239566577644,-0.39070966795682066,-0.01196168748442027,-0.5860169482737239,0.004888350888186588,-0.6954255097953436,0.015288152047200122,-0.7845061860428026
FULL_HAND,-0.0,0.0,-0.15816564259658697,-0.05822592541218547,-0.26752875122086245,-0.18691046229799957,-0.32162024544128653,-0.35585429824101467,-0.300377954820554,-0.4916418370594244,-0.2086489152183131,-0.3706710515419488,-0.23203856877071957,-0.6326427722756,-0.23461601542012114,-0.7783254832372701,-0.23125326493089005,-0.8897188212762541,-0.12002996147006634,-0.40141293404810297,-0.15024047796202977,-0.6876417329549062,-0.16129202528772413,-0.8609375883293501,-0.16570967768436567,-0.9861745802451732,-0.03549298346902686,-0.4065761667440379,-0.06742860929590763,-0.6598843360696086,-0.08564840956228978,-0.8135384921369414,-0.09723246877353652,-0.9258301296639145,0.044744239566577644,-0.39070966795682066,0.01196168748442027,-0.5860169482737239,-0.004888350888186588,-0.6954255097953436,-0.015288152047200122,-0.7845061860428026
FULL_HAND,0.0,0.0,0.15702369694388532,-0.05210358503766543,0.2712875508532241,-0.17852065933046538,0.32844304767477306,-0.3460849997496687,0.31126627397523066,-0.48244532400526746,0.2072293790859583,-0.3658840610662093,0.2393509409380605,-0.6249968117370087,0.24627314342520265,-0.7687864948502049,0.24573632260487518,-0.882463029965849,0.11909113677720946,-0.39925395520821344,0.1593955469515857,-0.6812704597133024,0.17505321474541222,-0.8552307540351238,0.179975772114759,-0.9836710433125987,0.039166277895320026,-0.4060569401892657,0.0804158459505277,-0.6552769388706335,0.10222935351498853,-0.8082932609280195,0.11355800169540033,-0.9211249500237205,-0.03112254775829537,-0.3929766591050838,0.008474144513471189,-0.5836632876915968,0.027876746987381122,-0.6926106751634755,0.03854979216873217,-0.7812149665022909
FULL_HAND,-0.0,0.0,-0.15702369694388532,-0.05210358503766543,-0.2712875508532241,-0.17852065933046538,-0.32844304767477306,-0.3460849997496687,-0.31126627397523066,-0.48244532400526746,-0.2072293790859583,-0.3658840610662093,-0.2393509409380605,-0.6249968117370087,-0.24627314342520265,-0.7687864948502049,-0.24573632260487518,-0.882463029965849,-0.11909113677720946,-0.39925395520821344,-0.1593955469515857,-0.6812704597133024,-0.17505321474541222,-0.8552307540351238,-0.179975772114759,-0.9836710433125987,-0.039166277895320026,-0.4060569401892657,-0.0804158459505277,-0.6552769388706335,-0.10222935351498853,-0.8082932609280195,-0.11355800169540033,-0.9211249500237205,0.03112254775829537,-0.3929766591050838,-0.008474144513471189,-0.5836632876915968,-0.027876746987381122,-0.6926106751634755,-0.03854979216873217,-0.7812149665022909
FULL_HAND,0.0,0.0,0.1501148367096607,-0.07649827195128941,0.25292835108969725,-0.20323703703182414,0.31630959708425166,-0.3515603685664887,0.2936814173858063,-0.4742991105210759,0.21404143086847377,-0.3592545601375453,0.2329308923794092,-0.6215316221495744,0.23130139750202086,-0.7705993854407525,0.22527056108413024,-0.8841790463751277,0.1254195736793425,-0.3849763826966414,0.15002771446724003,-0.6839768292431142,0.15655323221337164,-0.8611683938535731,0.1586881596744486,-0.9873287537487889,0.03366279869485347,-0.3908675763713613,0.06116463370760504,-0.6542811202307968,0.07797564274297587,-0.8121124542771267,0.09096266501314841,-0.9277757579483171,-0.058482875150483525,-0.37576181531210767,-0.023606543944182046,-0.5880566614809327,-0.0044232147843440575,-0.6995166567938608,0.009528207457248063,-0.7916188930956363
FULL_HAND,-0.0,0.0,-0.1501148367096607,-0.07649827195128941,-0.25292835108969725,-0.20323703703182414,-0.31630959708425166,-0.3515603685664887,-0.2936814173858063,-0.4742991105210759,-0.21404143086847377,-0.3592545601375453,-0.2329308923794092,-0.6215316221495744,-0.23130139750202086,-0.7705993854407525,-0.22527056108413024,-0.8841790463751277,-0.1254195736793425,-0.3849763826966414,-0.15002771446724003,-0.6839768292431142,-0.15655323221337164,-0.8611683938535731,-0.1586881596744486,-0.9873287537487889,-0.03366279869485347,-0.3908675763713613,-0.06116463370760504,-0.6542811202307968,-0.07797564274297587,-0.8121124542771267,-0.09096266501314841,-0.9277757579483171,0.058482875150483525,-0.37576181531210767,0.023606543944182046,-0.5880566614809327,0.0044232147843440575,-0.6995166567938608,-0.009528207457248063,-0.7916188930956363
FULL_HAND,0.0,0.0,0.14943859736754997,-0.07696902576211666,0.251333020576576,-0.20436699552722257,0.3155413095085726,-0.3540126260490685,0.29059437463791504,-0.47472179406191156,0.21138695073133582,-0.36084696102885505,0.230013958916585,-0.6244907979186386,0.22815414635373035,-0.7727154564482211,0.22168557409632594,-0.8853136680256386,0.12351363936992366,-0.38555636176938834,0.14792002225263592,-0.6847389397441083,0.15445569665686265,-0.8619416417048432,0.1558072011205048,-0.987787485281624,0.032865112689470344,-0.3893742124866427,0.05914985770809204,-0.6535595973146028,0.07548319251105098,-0.8128153383572814,0.08800241141012226,-0.9291787397834822,-0.057691537582161306,-0.3718169793434051,-0.02540818432144923,-0.5861743516390834,-0.006607009339531348,-0.698570447566471,0.007508593286260938,-0.7908731853339402
FULL_HAND,-0.0,0.0,-0.14943859736754997,-0.07696902576211666,-0.251333020576576,-0.20436699552722257,-0.3155413095085726,-0.3540126260490685,-0.29059437463791504,-0.47472179406191156,-0.21138695073133582,-0.36084696102885505,-0.230013958916585,-0.6244907979186386,-0.22815414635373035,-0.7727154564482211,-0.22168557409632594,-0.8853136680256386,-0.12351363936992366,-0.38555636176938834,-0.14792002225263592,-0.6847389397441083,-0.15445569665686265,-0.8619416417048432,-0.1558072011205048,-0.987787485281624,-0.032865112689470344,-0.3893742124866427,-0.05914985770809204,-0.6535595973146028,-0.07548319251105098,-0.8128153383572814,-0.08800241141012226,-0.9291787397834822,0.057691537582161306,-0.3718169793434051,0.02540818432144923,-0.5861743516390834,0.006607009339531348,-0.698570447566471,-0.007508593286260938,-0.7908731853339402
FULL_HAND,0.0,0.0,0.1489375854898581,-0.07904928737732916,0.253799408368134,-0.20889788958406502,0.3169234514789369,-0.36017109292447225,0.29045506592178977,-0.48342316796222634,0.21028589185711305,-0.36229137188771315,0.2288490997298367,-0.6262186784666646,0.22731608600955516,-0.7750982593776292,0.22087521275882707,-0.8884998250544887,0.12201512116918496,-0.3867188924758983,0.14562684345250443,-0.6857839663996735,0.15225865881486877,-0.8628650374905801,0.15339422914371972,-0.9881650724779762,0.03131151894805597,-0.39098110876445624,0.0568138668726028,-0.6553343631309039,0.07343578845257631,-0.8142672827188723,0.08611576366135826,-0.930251110179923,-0.059183839366444974,-0.3751203416907771,-0.026372292134602654,-0.588398137111348,-0.00778182459926601,-0.7004047300078245,0.005948332223515213,-0.7917834756536699
FULL_HAND,-0.0,0.0,-0.1489375854898581,-0.07904928737732916,-0.253799408368134,-0.20889788958406502,-0.3169234514789369,-0.36017109292447225,-0.29045506592178977,-0.48342316796222634,-0.21028589185711305,-0.36229137188771315,-0.2288490997298367,-0.6262186784666646,-0.22731608600955516,-0.7750982593776292,-0.22087521275882707,-0.8884998250544887,-0.12201512116918496,-0.3867188924758983,-0.14562684345250443,-0.6857839663996735,-0.15225865881486877,-0.8628650374905801,-0.15339422914371972,-0.9881650724779762,-0.03131151894805597,-0.39098110876445624,-0.0568138668726028,-0.6553343631309039,-0.07343578845257631,-0.8142672827188723,-0.08611576366135826,-0.930251110179923,0.059183839366444974,-0.3751203416907771,0.026372292134602654,-0.588398137111348,0.00778182459926601,-0.7004047300078245,-0.005948332223515213,-0.7917834756536699
FULL_HAND,0.0,0.0,0.1485764796317359,-0.07926193146003564,0.25302790696999444,-0.20709081742054314,0.316484084431472,-0.35631390466338736,0.2872355394898256,-0.47747062092648296,0.20902585616328748,-0.3590852779778982,0.2250243586533967,-0.6272908382120621,0.22264490307513593,-0.7759519207088028,0.21667951981245184,-0.8882203002615698,0.11925944665651411,-0.3811166445873025,0.14158566432222988,-0.6844216925432235,0.1478407368592832,-0.8631487070367354,0.14923404029233145,-0.9888019019085809,0.028096334494437845,-0.38457088388363797,0.05454643824065677,-0.6517325051942602,0.06961456100995397,-0.8120621105142782,0.08053676570265303,-0.9279040168850952,-0.06159069687783322,-0.36837862572501323,-0.028609113466409066,-0.5822858909431105,-0.01060003396122978,-0.694682874404512,0.0018357059146359854,-0.7866612333706638
FULL_HAND,-0.0,0.0,-0.1485764796317359,-0.07926193146003564,-0.25302790696999444,-0.20709081742054314,-0.316484084431472,-0.35631390466338736,-0.2872355394898256,-0.47747062092648296,-0.20902585616328748,-0.3590852779778982,-0.2250243586533967,-0.6272908382120621,-0.22264490307513593,-0.7759519207088028,-0.21667951981245184,-0.8882203002615698,-0.11925944665651411,-0.3811166445873025,-0.14158566432222988,-0.6844216925432235,-0.1478407368592832,-0.8631487070367354,-0.14923404029233145,-0.9888019019085809,-0.028096334494437845,-0.38457088388363797,-0.05454643824065677,-0.6517325051942602,-0.06961456100995397,-0.8120621105142782,-0.08053676570265303,-0.9279040168850952,0.06159069687783322,-0.36837862572501323,0.028609113466409066,-0.5822858909431105,0.01060003396122978,-0.694682874404512,-0.0018357059146359854,-0.7866612333706638
FULL_HAND,0.0,0.0,0.14865010885869312,-0.0771620400925905,0.25375332758320873,-0.20720772731601775,0.3188048642460105,-0.3601553045004375,0.2844393687343077,-0.47901598233881965,0.2093503538671195,-0.3634322926943371,0.2247122698665563,-0.6262236132655356,0.22138705698812275,-0.7730490094895072,0.2135965437024314,-0.8852016209850225,0.12165535556598615,-0.3876622064877335,0.14112196839492538,-0.6870355766724338,0.14500284670174907,-0.8639518400055316,0.1430051486880726,-0.9897219445120444,0.03087270503556155,-0.3922480049853704,0.05279241468014844,-0.657942604255808,0.06540310606482648,-0.8167093357879643,0.07348462160257375,-0.9323986362191573,-0.05982023994711516,-0.37761429444658773,-0.03090069825613536,-0.5903081840274255,-0.014254275158095794,-0.7008698899009665,-0.0021460620827176403,-0.7910073603181207
FULL_HAND,-0.0,0.0,-0.14865010885869312,-0.0771620400925905,-0.25375332758320873,-0.20720772731601775,-0.3188048642460105,-0.3601553045004375,-0.2844393687343077,-0.47901598233881965,-0.2093503538671195,-0.3634322926943371,-0.2247122698665563,-0.6262236132655356,-0.22138705698812275,-0.7730490094895072,-0.2135965437024314,-0.8852016209850225,-0.12165535556598615,-0.3876622064877335,-0.14112196839492538,-0.6870355766724338,-0.14500284670174907,-0.8639518400055316,-0.1430051486880726,-0.9897219445120444,-0.03087270503556155,-0.3922480049853704,-0.05279241468014844,-0.657942604255808,-0.06540310606482648,-0.8167093357879643,-0.07348462160257375,-0.9323986362191573,0.05982023994711516,-0.37761429444658773,0.03090069825613536,-0.5903081840274255,0.014254275158095794,-0.7008698899009665,0.0021460620827176403,-0.7910073603181207
FULL_HAND,0.0,0.0,0.1515941961946954,-0.07712505264635737,0.2605231033351782,-0.20642382593911004,0.32244551327643806,-0.3669822493175428,0.2837957381970053,-0.4901730918757367,0.20936141648165293,-0.3676643171168051,0.2228071747358893,-0.6321489541131757,0.21733121496280292,-0.778539033840621,0.20857371814069434,-0.8916820947429338,0.11807928226412126,-0.39483194875449135,0.13658249104964953,-0.688810289942153,0.14059386265024523,-0.8642268269978343,0.14014363835610325,-0.990131183545046,0.02699138656106918,-0.4005035709831831,0.04919651865071633,-0.6593745142648437,0.06347489411597088,-0.8156264866066553,0.07309089798774872,-0.9294722624545547,-0.06036138211979403,-0.38660066290296563,-0.030406450452934282,-0.5906178988902661,-0.013927827049919147,-0.6977607955114054,-0.0018988254912655936,-0.7852209422980738
FULL_HAND,-0.0,0.0,-0.1515941961946954,-0.07712505264635737,-0.2605231033351782,-0.20642382593911004,-0.32244551327643806,-0.3669822493175428,-0.2837957381970053,-0.4901730918757367,-0.20936141648165293,-0.3676643171168051,-0.2228071747358893,-0.6321489541131757,-0.21733121496280292,-0.778539033840621,-0.20857371814069434,-0.8916820947429338,-0.11807928226412126,-0.39483194875449135,-0.13658249104964953,-0.688810289942153,-0.14059386265024523,-0.8642268269978343,-0.14014363835610325,-0.990131183545046,-0.02699138656106918,-0.4005035709831831,-0.04919651865071633,-0.6593745142648437,-0.06347489411597088,-0.8156264866066553,-0.07309089798774872,-0.9294722624545547,0.06036138211979403,-0.38660066290296563,0.030406450452934282,-0.5906178988902661,0.013927827049919147,-0.6977607955114054,0.0018988254912655936,-0.7852209422980738
FULL_HAND,0.0,0.0,0.15165409690315337,-0.07919693181372797,0.2630172475732031,-0.20861941577002946,0.3223875240314887,-0.36653416346802026,0.28686891652939256,-0.48965240535836396,0.20974897296604847,-0.36753145931472014,0.2232992613858786,-0.632360461009428,0.21893651244716358,-0.7795262738740969,0.21021398964164975,-0.8915818401949099,0.11867801173085395,-0.39225353083283476,0.13887008352818056,-0.6873973511953021,0.1436727550576383,-0.8640342264620985,0.14283080970534653,-0.9897471191162494,0.027667845443512733,-0.39656505679420956,0.05104919433503282,-0.6577592967130075,0.06506631034380458,-0.8160842809580552,0.07429692369222854,-0.9309219922488738,-0.06114025022201027,-0.38219662359741746,-0.030180423027717847,-0.5895878520698574,-0.01324185107268932,-0.7001278779512594,-0.0014067562880394709,-0.7905445173913136
FULL_HAND,-0.0,0.0,-0.15165409690315337,-0.07919693181372797,-0.2630172475732031,-0.20861941577002946,-0.3223875240314887,-0.36653416346802026,-0.28686891652939256,-0.48965240535836396,-0.20974897296604847,-0.36753145931472014,-0.2232992613858786,-0.632360461009428,-0.21893651244716358,-0.7795262738740969,-0.21021398964164975,-0.8915818401949099,-0.11867801173085395,-0.39225353083283476,-0.13887008352818056,-0.6873973511953021,-0.1436727550576383,-0.8640342264620985,-0.14283080970534653,-0.9897471191162494,-0.027667845443512733,-0.39656505679420956,-0.05104919433503282,-0.6577592967130075,-0.06506631034380458,-0.8160842809580552,-0.07429692369222854,-0.9309219922488738,0.06114025022201027,-0.38219662359741746,0.030180423027717847,-0.5895878520698574,0.01324185107268932,-0.7001278779512594,0.0014067562880394709,-0.7905445173913136
FULL_HAND,0.0,0.0,0.15229518534988903,-0.07544485117694326,0.26231893204451195,-0.20909780329196903,0.322055131584052,-0.37020758757339733,0.2853925476412532,-0.4930897880987903,0.207105785245585,-0.3720615821399344,0.2190920756990107,-0.6353943911628155,0.21380652739290162,-0.7791250642146779,0.20374596228259387,-0.8886369198890617,0.11517282525611787,-0.3963064551463337,0.13265636044112147,-0.6929719992912219,0.13573974801061053,-0.8668342597127497,0.13330154899654115,-0.9910755253940654,0.02509094657962628,-0.3998426270582475,0.04735765567880073,-0.6603132615654094,0.06074748695918792,-0.8156368063619591,0.06920919377597776,-0.928370137824647,-0.060528345552395266,-0.38401459676379096,-0.031030423201839533,-0.589461186997651,-0.015746006021958407,-0.6971256514802372,-0.004966514671641092,-0.783801742526434
FULL_HAND,-0.0,0.0,-0.15229518534988903,-0.07544485117694326,-0.26231893204451195,-0.20909780329196903,-0.322055131584052,-0.37020758757339733,-0.2853925476412532,-0.4930897880987903,-0.207105785245585,-0.3720615821399344,-0.2190920756990107,-0.6353943911628155,-0.21380652739290162,-0.7791250642146779,-0.20374596228259387,-0.8886369198890617,-0.11517282525611787,-0.3963064551463337,-0.13265636044112147,-0.6929719992912219,-0.13573974801061053,-0.8668342597127497,-0.13330154899654115,-0.9910755253940654,-0.02509094657962628,-0.3998426270582475,-0.04735765567880073,-0.6603132615654094,-0.06074748695918792,-0.8156368063619591,-0.06920919377597776,-0.928370137824647,0.060528345552395266,-0.38401459676379096,0.031030423201839533,-0.589461186997651,0.015746006021958407,-0.6971256514802372,0.004966514671641092,-0.783801742526434
FULL_HAND,0.0,0.0,0.15117303129729567,-0.0727446014932373,0.2534724353032346,-0.2039847983543628,0.313851421800513,-0.36415666784354445,0.28445770048248165,-0.4903177973703302,0.1974295387639221,-0.3750612481439854,0.21277284369102237,-0.6395650477501645,0.20889135209664342,-0.7843017677714251,0.20114866462459835,-0.8952657086860527,0.10674326678872807,-0.40055735690278044,0.12498667548940923,-0.6926334657059168,0.12583113144934724,-0.8673134328432944,0.12264354784030221,-0.992450784761211,0.01776620245012293,-0.40199077400910055,0.041884193507945186,-0.6633537472270161,0.05184181163365794,-0.8210221143688884,0.05721471727167249,-0.9370163743615739,-0.06614836510766119,-0.3802649157644736,-0.036336397880661446,-0.5873365898677366,-0.0224085907403785,-0.696175132499259,-0.013416624832316204,-0.7863963371177515
FULL_HAND,-0.0,0.0,-0.15117303129729567,-0.0727446014932373,-0.2534724353032346,-0.2039847983543628,-0.313851421800513,-0.36415666784354445,-0.28445770048248165,-0.4903177973703302,-0.1974295387639221,-0.3750612481439854,-0.21277284369102237,-0.6395650477501645,-0.20889135209664342,-0.7843017677714251,-0.20114866462459835,-0.8952657086860527,-0.10674326678872807,-0.40055735690278044,-0.12498667548940923,-0.6926334657059168,-0.12583113144934724,-0.8673134328432944,-0.12264354784030221,-0.992450784761211,-0.01776620245012293,-0.40199077400910055,-0.041884193507945186,-0.6633537472270161,-0.05184181163365794,-0.8210221143688884,-0.05721471727167249,-0.9370163743615739,0.06614836510766119,-0.3802649157644736,0.036336397880661446,-0.5873365898677366,0.0224085907403785,-0.696175132499259,0.013416624832316204,-0.7863963371177515
FULL_HAND,0.0,0.0,0.1514292757738434,-0.07557521578093207,0.25601004028326757,-0.21015473580872135,0.31327214327351927,-0.3711916131869704,0.2804173431660045,-0.4925668629925491,0.19969897241013312,-0.37324677937260314,0.20969199754493725,-0.6350531882832078,0.204008406193985,-0.7793812016402915,0.19429831464548797,-0.8891352163638488,0.1095134444994277,-0.39741530113247875,0.12445231229785306,-0.6911744197324673,0.12636205010895213,-0.8663568262895417,0.12412324545741008,-0.9922668088458464,0.020456072731413824,-0.3991658089306877,0.03975331901267734,-0.6577177787375481,0.05131506647752339,-0.8150630373378178,0.059331901468401144,-0.9312456124012061,-0.06545375873364437,-0.3798187872962776,-0.03840107793611519,-0.5835567197163606,-0.023576584825921475,-0.6921048162885237,-0.01265968057539594,-0.7815512536859468
FULL_HAND,-0.0,0.0,-0.1514292757738434,-0.07557521578093207,-0.25601004028326757,-0.21015473580872135,-0.31327214327351927,-0.3711916131869704,-0.2804173431660045,-0.4925668629925491,-0.19969897241013312,-0.37324677937260314,-0.20969199754493725,-0.6350531882832078,-0.204008406193985,-0.7793812016402915,-0.19429831464548797,-0.8891352163638488,-0.1095134444994277,-0.39741530113247875,-0.12445231229785306,-0.6911744197324673,-0.12636205010895213,-0.8663568262895417,-0.12412324545741008,-0.9922668088458464,-0.020456072731413824,-0.3991658089306877,-0.03975331901267734,-0.6577177787375481,-0.05131506647752339,-0.8150630373378178,-0.059331901468401144,-0.9312456124012061,0.06545375873364437,-0.3798187872962776,0.03840107793611519,-0.5835567197163606,0.023576584825921475,-0.6921048162885237,0.01265968057539594,-0.7815512536859468
FULL_HAND,0.0,0.0,0.152397948354712,-0.07569436797966583,0.25794004353675265,-0.20764077040558493,0.31200784946495375,-0.3678806492722868,0.28241735999616485,-0.4924751463341559,0.1981577395605646,-0.3726000702656994,0.20797721698584926,-0.6362794442059089,0.20259572719198468,-0.7815393638171438,0.1926784484897723,-0.8915429418592415,0.10702617862125356,-0.3960933887214392,0.12231183053982589,-0.6916766088969334,0.1245955158251704,-0.8670949148447425,0.1226294299990156,-0.9924525292920143,0.018509019003981365,-0.397848081162568,0.03837089199942302,-0.6600733615082475,0.04961772048257775,-0.8174047348223578,0.05737439324078757,-0.9330370437770116,-0.06601993697940807,-0.3782049239133807,-0.038908416986287414,-0.5854066710087986,-0.024191426007976385,-0.6955741425969977,-0.013374451965276707,-0.7858400730937097
FULL_HAND,-0.0,0.0,-0.152397948354712,-0.07569436797966583,-0.25794004353675265,-0.20764077040558493,-0.31200784946495375,-0.3678806492722868,-0.28241735999616485,-0.4924751463341559,-0.1981577395605646,-0.3726000702656994,-0.20797721698584926,-0.6362794442059089,-0.20259572719198468,-0.7815393638171438,-0.1926784484897723,-0.8915429418592415,-0.10702617862125356,-0.3960933887214392,-0.12231183053982589,-0.6916766088969334,-0.1245955158251704,-0.8670949148447425,-0.1226294299990156,-0.9924525292920143,-0.018509019003981365,-0.397848081162568,-0.03837089199942302,-0.6600733615082475,-0.04961772048257775,-0.8174047348223578,-0.05737439324078757,-0.9330370437770116,0.06601993697940807,-0.3782049239133807,0.038908416986287414,-0.5854066710087986,0.024191426007976385,-0.6955741425969977,0.013374451965276707,-0.7858400730937097
FULL_HAND,0.0,0.0,0.15396157090681334,-0.0797412192629752,0.258153714282249,-0.20917100282928727,0.29615439325408816,-0.3776913555734157,0.2779055023951026,-0.5197175392124381,0.18599915360896813,-0.3883209654500861,0.20176634948027672,-0.6525648647825385,0.19852287754058884,-0.7992964192027691,0.19161751054041612,-0.9105326692134038,0.09361001860308207,-0.41167973216325976,0.10538128626629786,-0.6983529749071516,0.10421720845702462,-0.871603952446853,0.10118836415064139,-0.9948672850991318,0.008275633445431722,-0.4090201884559665,0.02014772823333083,-0.6641868755528751,0.026721392256797098,-0.8175944955610536,0.030538527081394623,-0.9297380637386544,-0.0673234236409843,-0.3846255663106934,-0.05418062998067088,-0.5843128995261071,-0.052461404698516026,-0.6971950059242958,-0.05504745355602453,-0.7907704498294071
FULL_HAND,-0.0,0.0,-0.15396157090681334,-0.0797412192629752,-0.258153714282249,-0.20917100282928727,-0.29615439325408816,-0.3776913555734157,-0.2779055023951026,-0.5197175392124381,-0.18599915360896813,-0.3883209654500861,-0.20176634948027672,-0.6525648647825385,-0.19852287754058884,-0.7992964192027691,-0.19161751054041612,-0.9105326692134038,-0.09361001860308207,-0.41167973216325976,-0.10538128626629786,-0.6983529749071516,-0.10421720845702462,-0.871603952446853,-0.10118836415064139,-0.9948672850991318,-0.008275633445431722,-0.4090201884559665,-0.02014772823333083,-0.6641868755528751,-0.026721392256797098,-0.8175944955610536,-0.030538527081394623,-0.9297380637386544,0.0673234236409843,-0.3846255663106934,0.05418062998067088,-0.5843128995261071,0.052461404698516026,-0.6971950059242958,0.05504745355602453,-0.7907704498294071
FULL_HAND,0.0,0.0,0.15370189632943976,-0.07790427205929258,0.2609748535625618,-0.2026399053990627,0.3118149367373883,-0.36360967575415376,0.29610618854591336,-0.5061377754005145,0.19555124150730907,-0.373519137897154,0.21493488628295626,-0.6396485565618667,0.21287236850891286,-0.7895211973283304,0.2085891310198943,-0.9047238507148967,0.10480699248501807,-0.3979254060752276,0.11750721372529857,-0.6901471925516294,0.11694780653821407,-0.8668544692647859,0.11619048680154279,-0.9932269482735658,0.018022019244363776,-0.3976274484115778,0.021811500149316144,-0.6564444146899555,0.022636712216913647,-0.813107441437679,0.02367777065736148,-0.9272901086261321,-0.062158631431389756,-0.3760779101806468,-0.054154638010139394,-0.5828747477134578,-0.05477079293797919,-0.6984391519349971,-0.058868671553695455,-0.7963492443384436
FULL_HAND,-0.0,0.0,-0.15370189632943976,-0.07790427205929258,-0.2609748535625618,-0.2026399053990627,-0.3118149367373883,-0.36360967575415376,-0.29610618854591336,-0.5061377754005145,-0.19555124150730907,-0.373519137897154,-0.21493488628295626,-0.6396485565618667,-0.21287236850891286,-0.7895211973283304,-0.2085891310198943,-0.9047238507148967,-0.10480699248501807,-0.3979254060752276,-0.11750721372529857,-0.6901471925516294,-0.11694780653821407,-0.8668544692647859,-0.11619048680154279,-0.9932269482735658,-0.018022019244363776,-0.3976274484115778,-0.021811500149316144,-0.6564444146899555,-0.022636712216913647,-0.813107441437679,-0.02367777065736148,-0.9272901086261321,0.062158631431389756,-0.3760779101806468,0.054154638010139394,-0.5828747477134578,0.05477079293797919,-0.6984391519349971,0.058868671553695455,-0.7963492443384436
FULL_HAND,0.0,0.0,0.15534156315085937,-0.07271860635705618,0.2633507035436048,-0.20323663767434694,0.3070960129791392,-0.37239470526603313,0.28706950728692343,-0.513579403885597,0.18787588553115267,-0.38797396730534933,0.2029036488476078,-0.6528723798403772,0.20057202198303384,-0.7993489407403557,0.19379340785734223,-0.912450662901036,0.09294875122204384,-0.41441898486558193,0.10813983610356756,-0.699330057936603,0.10893054835893881,-0.8716238611188386,0.10615523551579155,-0.9943495693027613,0.006989945051920449,-0.4134953334712969,0.02394564637235229,-0.6658296513221207,0.03283321110004008,-0.8182457842415319,0.03869855769861353,-0.9289330649920855,-0.06787382724632492,-0.3919838065783321,-0.04834741372469986,-0.5856434420234694,-0.03939478958235563,-0.6954041869721916,-0.03356456865790212,-0.7847086495042929
FULL_HAND,-0.0,0.0,-0.15534156315085937,-0.07271860635705618,-0.2633507035436048,-0.20323663767434694,-0.3070960129791392,-0.37239470526603313,-0.28706950728692343,-0.513579403885597,-0.18787588553115267,-0.38797396730534933,-0.2029036488476078,-0.6528723798403772,-0.20057202198303384,-0.7993489407403557,-0.19379340785734223,-0.912450662901036,-0.09294875122204384,-0.41441898486558193,-0.10813983610356756,-0.699330057936603,-0.10893054835893881,-0.8716238611188386,-0.10615523551579155,-0.9943495693027613,-0.006989945051920449,-0.4134953334712969,-0.02394564637235229,-0.6658296513221207,-0.03283321110004008,-0.8182457842415319,-0.03869855769861353,-0.9289330649920855,0.06787382724632492,-0.3919838065783321,0.04834741372469986,-0.5856434420234694,0.03939478958235563,-0.6954041869721916,0.03356456865790212,-0.7847086495042929
FULL_HAND,0.0,0.0,0.15604037005453408,-0.07119085032768448,0.2639651565025406,-0.20487003942709792,0.30831887115522144,-0.37801320595490995,0.28296555672004037,-0.5177768699559342,0.18242358875848935,-0.3839575948986478,0.19914376143470283,-0.654058388130892,0.19846391177919478,-0.8021705340954806,0.19318667820279162,-0.9155698925996766,0.08707005846869434,-0.4083244733851636,0.10368918974005296,-0.6992961509634861,0.10585625860140979,-0.8724758616542215,0.10358975114936143,-0.9946201101208508,0.0028857066196168947,-0.40711082250070796,0.02236143740538678,-0.6642688913642527,0.03221207680280196,-0.8183963988837304,0.03754983264201157,-0.9285356974923276,-0.06871764396113612,-0.3867098191547445,-0.04471800225571711,-0.5851209662916833,-0.033693974665628554,-0.6956232702519861,-0.027692076749711303,-0.7833901682063196
FULL_HAND,-0.0,0.0,-0.15604037005453408,-0.07119085032768448,-0.2639651565025406,-0.20487003942709792,-0.30831887115522144,-0.37801320595490995,-0.28296555672004037,-0.5177768699559342,-0.18242358875848935,-0.3839575948986478,-0.19914376143470283,-0.654058388130892,-0.19846391177919478,-0.8021705340954806,-0.19318667820279162,-0.9155698925996766,-0.08707005846869434,-0.4083244733851636,-0.10368918974005296,-0.6992961509634861,-0.10585625860140979,-0.8724758616542215,-0.10358975114936143,-0.9946201101208508,-0.0028857066196168947,-0.40711082250070796,-0.02236143740538678,-0.6642688913642527,-0.03221207680280196,-0.8183963988837304,-0.03754983264201157,-0.9285356974923276,0.06871764396113612,-0.3867098191547445,0.04471800225571711,-0.5851209662916833,0.033693974665628554,-0.6956232702519861,0.027692076749711303,-0.7833901682063196
FULL_HAND,0.0,0.0,0.15631272230787308,-0.07276009313437647,0.2629065038060796,-0.20388267809912242,0.30986362778175763,-0.37646141312710985,0.28838510747535645,-0.5202837726562959,0.18124227246228505,-0.38486690941264073,0.20112264349309777,-0.6555877826792397,0.20083557748891967,-0.8032556172954369,0.19581058574482987,-0.9155106459208295,0.08551511676569602,-0.40849492394544873,0.10148865314674199,-0.701843536300142,0.1026144483609101,-0.8740963782147387,0.0997856070252809,-0.9950089610805504,0.0007177286614439809,-0.40542376325773394,0.016681462788688737,-0.6629182135965737,0.023504149689320068,-0.8169794091271092,0.02642980419398583,-0.9272793336761527,-0.07029463535037761,-0.3826047529185188,-0.04925957155198282,-0.5803417997902788,-0.0405822218509653,-0.6902237918817982,-0.03678333929500919,-0.7775637191294859
FULL_HAND,-0.0,0.0,-0.15631272230787308,-0.07276009313437647,-0.2629065038060796,-0.20388267809912242,-0.30986362778175763,-0.37646141312710985,-0.28838510747535645,-0.5202837726562959,-0.18124227246228505,-0.38486690941264073,-0.20112264349309777,-0.6555877826792397,-0.20083557748891967,-0.8032556172954369,-0.19581058574482987,-0.9155106459208295,-0.08551511676569602,-0.40849492394544873,-0.10148865314674199,-0.701843536300142,-0.1026144483609101,-0.8740963782147387,-0.0997856070252809,-0.9950089610805504,-0.0007177286614439809,-0.40542376325773394,-0.016681462788688737,-0.6629182135965737,-0.023504149689320068,-0.8169794091271092,-0.02642980419398583,-0.9272793336761527,0.07029463535037761,-0.3826047529185188,0.04925957155198282,-0.5803417997902788,0.0405822218509653,-0.6902237918817982,0.03678333929500919,-0.7775637191294859
FULL_HAND,0.0,0.0,0.15639289131534156,-0.07320857371596935,0.2624474223730902,-0.2052704908700171,0.30915821629527823,-0.37741672375107016,0.2881711705495188,-0.5208251107843466,0.1810152551496923,-0.3858710907631962,0.19971756695219373,-0.6556657772998856,0.19969837818610928,-0.8031143526783427,0.19500297607979405,-0.9152999486559089,0.08534248193322566,-0.40911376960828433,0.10061330863256243,-0.7026982054403498,0.10203346793969188,-0.8746871793940553,0.09922733328620592,-0.9950647900156594,0.0005007505480509663,-0.4055009443117258,0.015450959652480348,-0.6635731374006844,0.022762451381293028,-0.8168106203964269,0.026151937231537768,-0.9256807534127827,-0.07066129678774156,-0.38202279007885986,-0.050229899251943495,-0.5809486615826694,-0.041013827180810335,-0.6910327064402273,-0.03639714984660971,-0.7775501508318413
FULL_HAND,-0.0,0.0,-0.15639289131534156,-0.07320857371596935,-0.2624474223730902,-0.2052704908700171,-0.30915821629527823,-0.37741672375107016,-0.2881711705495188,-0.5208251107843466,-0.1810152551496923,-0.3858710907631962,-0.19971756695219373,-0.6556657772998856,-0.19969837818610928,-0.8031143526783427,-0.19500297607979405,-0.9152999486559089,-0.08534248193322566,-0.40911376960828433,-0.10061330863256243,-0.7026982054403498,-0.10203346793969188,-0.8746871793940553,-0.09922733328620592,-0.9950647900156594,-0.0005007505480509663,-0.4055009443117258,-0.015450959652480348,-0.6635731374006844,-0.022762451381293028,-0.8168106203964269,-0.026151937231537768,-0.9256807534127827,0.07066129678774156,-0.38202279007885986,0.050229899251943495,-0.5809486615826694,0.041013827180810335,-0.6910327064402273,0.03639714984660971,-0.7775501508318413
FULL_HAND,0.0,0.0,0.1548754358835501,-0.06977193706622106,0.26020484568703833,-0.19690214755427135,0.3092082401719772,-0.3682852195040743,0.29213396056759006,-0.51282830353759,0.18811230759650502,-0.38484643541124847,0.21708054554681258,-0.6486332116077438,0.22049547810155068,-0.7953339858500887,0.2182476792448788,-0.9091469556148493,0.09350333628581486,-0.4121441829219622,0.11747740939754325,-0.6969628667342563,0.12081079075221401,-0.8692815103997887,0.11896985383417095,-0.9928978667912808,0.007953189783857067,-0.4106420315296491,0.02240588887613448,-0.6608373455047426,0.026463204767973043,-0.8150590306951923,0.026569342665006643,-0.9259078985214052,-0.06534946082827052,-0.3874266975001447,-0.04722159336271595,-0.581301935280891,-0.041288472146227606,-0.6913431141463744,-0.03912554529025228,-0.7809148140718563
FULL_HAND,-0.0,0.0,-0.1548754358835501,-0.06977193706622106,-0.26020484568703833,-0.19690214755427135,-0.3092082401719772,-0.3682852195040743,-0.29213396056759006,-0.51282830353759,-0.18811230759650502,-0.38484643541124847,-0.21708054554681258,-0.6486332116077438,-0.22049547810155068,-0.7953339858500887,-0.2182476792448788,-0.9091469556148493,-0.09350333628581486,-0.4121441829219622,-0.11747740939754325,-0.6969628667342563,-0.12081079075221401,-0.8692815103997887,-0.11896985383417095,-0.9928978667912808,-0.007953189783857067,-0.4106420315296491,-0.02240588887613448,-0.6608373455047426,-0.026463204767973043,-0.8150590306951923,-0.026569342665006643,-0.9259078985214052,0.06534946082827052,-0.3874266975001447,0.04722159336271595,-0.581301935280891,0.041288472146227606,-0.6913431141463744,0.03912554529025228,-0.7809148140718563
FULL_HAND,0.0,0.0,0.1573440594201572,-0.07068106462221413,0.2637466306665393,-0.19736894615113706,0.31108240035024626,-0.36716043340506854,0.29256299390615087,-0.5106780380657304,0.18596512360133874,-0.3810570777736054,0.21523983653655615,-0.6490111071437334,0.21862921191722018,-0.7974723314986163,0.21545579469380827,-0.9113174393336974,0.09089689104132535,-0.40750316229618716,0.11654599629195647,-0.6984756622278044,0.12073825354423459,-0.8716082775260204,0.11838760738695496,-0.9929674588913738,0.0057032586074310405,-0.4064099623432998,0.023258295752163177,-0.6621934727943001,0.029373324844812317,-0.8164502159557014,0.030036276609187295,-0.9255181317435942,-0.06658684185130298,-0.3846525308729545,-0.044952595069586314,-0.5836487980878298,-0.037099122058665196,-0.6945877096516543,-0.034230073670073274,-0.7830554242966993
FULL_HAND,-0.0,0.0,-0.1573440594201572,-0.07068106462221413,-0.2637466306665393,-0.19736894615113706,-0.31108240035024626,-0.36716043340506854,-0.29256299390615087,-0.5106780380657304,-0.18596512360133874,-0.3810570777736054,-0.21523983653655615,-0.6490111071437334,-0.21862921191722018,-0.7974723314986163,-0.21545579469380827,-0.9113174393336974,-0.09089689104132535,-0.40750316229618716,-0.11654599629195647,-0.6984756622278044,-0.12073825354423459,-0.8716082775260204,-0.11838760738695496,-0.9929674588913738,-0.0057032586074310405,-0.4064099623432998,-0.023258295752163177,-0.6621934727943001,-0.029373324844812317,-0.8164502159557014,-0.030036276609187295,-0.9255181317435942,0.06658684185130298,-0.3846525308729545,0.044952595069586314,-0.5836487980878298,0.037099122058665196,-0.6945877096516543,0.034230073670073274,-0.7830554242966993
FULL_HAND,0.0,0.0,0.15677921382886137,-0.07817138243843427,0.26120349025328055,-0.20678933310338235,0.3088015463114163,-0.3737324742826805,0.28706051421875955,-0.514542912406398,0.18776167889615195,-0.3918664902431654,0.21355841416342183,-0.6561483755322476,0.21589949645520612,-0.8026425049152325,0.21397115986654608,-0.9147618993806239,0.09461448076495879,-0.4185966053456371,0.11499534572077491,-0.701293596209504,0.11752901690961623,-0.8720753110744591,0.11610360142738473,-0.9932371085171914,0.00805852491628856,-0.41693473707374124,0.01933115885035173,-0.6664616075861554,0.021471149992767436,-0.8200180169119234,0.020204121165339692,-0.9303742245987064,-0.06745435781073031,-0.3924691195812475,-0.05232814242746033,-0.5859955187776361,-0.04874882302630332,-0.6969445653301425,-0.04913419405342447,-0.7875172556969979
FULL_HAND,-0.0,0.0,-0.15677921382886137,-0.07817138243843427,-0.26120349025328055,-0.20678933310338235,-0.3088015463114163,-0.3737324742826805,-0.28706051421875955,-0.514542912406398,-0.18776167889615195,-0.3918664902431654,-0.21355841416342183,-0.6561483755322476,-0.21589949645520612,-0.8026425049152325,-0.21397115986654608,-0.9147618993806239,-0.09461448076495879,-0.4185966053456371,-0.11499534572077491,-0.701293596209504,-0.11752901690961623,-0.8720753110744591,-0.11610360142738473,-0.9932371085171914,-0.00805852491628856,-0.41693473707374124,-0.01933115885035173,-0.6664616075861554,-0.021471149992767436,-0.8200180169119234,-0.020204121165339692,-0.9303742245987064,0.06745435781073031,-0.3924691195812475,0.05232814242746033,-0.5859955187776361,0.04874882302630332,-0.6969445653301425,0.04913419405342447,-0.7875172556969979
FULL_HAND,0.0,0.0,0.15496661747720478,-0.0759047005022789,0.25976247430817956,-0.19811837061790885,0.3117960961548478,-0.3564703782303061,0.2990515365762087,-0.49817702074860354,0.19744072697728435,-0.3687521630567403,0.22755952188474604,-0.6355234252613345,0.2336759900749301,-0.7826839967829093,0.23644299744748873,-0.8942532048551146,0.10477657454963288,-0.3979815306001726,0.12717493683062248,-0.6934038204564853,0.1334216246941353,-0.8679293557385467,0.1376399451090255,-0.9904823297315225,0.014540318440007655,-0.4000798284557951,0.02131816888021792,-0.6613141835730708,0.026060838799064744,-0.8200371180042145,0.031490986322020444,-0.9336588606509909,-0.06860841379105684,-0.3794317188522072,-0.056518102018347435,-0.5858236664740154,-0.053125063244889366,-0.701546342221531,-0.05203497160636221,-0.7961832005789982
FULL_HAND,-0.0,0.0,-0.15496661747720478,-0.0759047005022789,-0.25976247430817956,-0.19811837061790885,-0.3117960961548478,-0.3564703782303061,-0.2990515365762087,-0.49817702074860354,-0.19744072697728435,-0.3687521630567403,-0.22755952188474604,-0.6355234252613345,-0.2336759900749301,-0.7826839967829093,-0.23644299744748873,-0.8942532048551146,-0.10477657454963288,-0.3979815306001726,-0.12717493683062248,-0.6934038204564853,-0.1334216246941353,-0.8679293557385467,-0.1376399451090255,-0.9904823297315225,-0.014540318440007655,-0.4000798284557951,-0.02131816888021792,-0.6613141835730708,-0.026060838799064744,-0.8200371180042145,-0.031490986322020444,-0.9336588606509909,0.06860841379105684,-0.3794317188522072,0.056518102018347435,-0.5858236664740154,0.053125063244889366,-0.701546342221531,0.05203497160636221,-0.7961832005789982
FULL_HAND,0.0,0.0,0.1505440600481653,-0.08629161748703064,0.250613171436984,-0.21394920904151704,0.3033448101768122,-0.37054938328035053,0.28826288356125807,-0.5096800046453107,0.1860684606217476,-0.3825646733910291,0.21012153759952862,-0.6455430985259816,0.21405215066009686,-0.7904623375368288,0.21549636659074362,-0.901279716659085,0.093796118355323,-0.4093383412608292,0.10987523265730424,-0.6987109594837696,0.11338030313990038,-0.8712066087713044,0.11568824285369579,-0.9932855734709048,0.0035094308089816547,-0.406582867757726,0.004374734420530872,-0.6638457897051688,0.0059036923465831115,-0.8208137479956503,0.009634615097321868,-0.9340950274914043,-0.0789684177259854,-0.38037755895330777,-0.07155655799510129,-0.5849990819591618,-0.07044328451780174,-0.7000113478368303,-0.07036037512334088,-0.7945883437739771
FULL_HAND,-0.0,0.0,-0.1505440600481653,-0.08629161748703064,-0.250613171436984,-0.21394920904151704,-0.3033448101768122,-0.37054938328035053,-0.28826288356125807,-0.5096800046453107,-0.1860684606217476,-0.3825646733910291,-0.21012153759952862,-0.6455430985259816,-0.21405215066009686,-0.7904623375368288,-0.21549636659074362,-0.901279716659085,-0.093796118355323,-0.4093383412608292,-0.10987523265730424,-0.6987109594837696,-0.11338030313990038,-0.8712066087713044,-0.11568824285369579,-0.9932855734709048,-0.0035094308089816547,-0.406582867757726,-0.004374734420530872,-0.6638457897051688,-0.0059036923465831115,-0.8208137479956503,-0.009634615097321868,-0.9340950274914043,0.0789684177259854,-0.38037755895330777,0.07155655799510129,-0.5849990819591618,0.07044328451780174,-0.7000113478368303,0.07036037512334088,-0.7945883437739771
FULL_HAND,0.0,0.0,0.14956564120273289,-0.09083523616460987,0.248696771516271,-0.21992697637375583,0.29846043894250096,-0.3789028527135368,0.28337045451598597,-0.5199801575627223,0.1801445817374961,-0.38866684190319356,0.20209884124563535,-0.6521122959360226,0.20472901048798234,-0.7973241523728801,0.2048959195112043,-0.9081871506423291,0.08805935169739275,-0.41381061083926235,0.10226837847609563,-0.7026950376344616,0.10458523168464767,-0.8740277159782909,0.10634010334402433,-0.9943298157154808,-0.0011327676436601352,-0.40973699928305307,-0.0014575924759666307,-0.6652332066937058,-0.00012401830964344805,-0.8216621167443133,0.003739982178593414,-0.9345316708897683,-0.08204616169913803,-0.38311821744922697,-0.07634767130608404,-0.5859520495593669,-0.07642169237629212,-0.7010051309415463,-0.07696424103617754,-0.7960434054784132
FULL_HAND,-0.0,0.0,-0.14956564120273289,-0.09083523616460987,-0.248696771516271,-0.21992697637375583,-0.29846043894250096,-0.3789028527135368,-0.28337045451598597,-0.5199801575627223,-0.1801445817374961,-0.38866684190319356,-0.20209884124563535,-0.6521122959360226,-0.20472901048798234,-0.7973241523728801,-0.2048959195112043,-0.9081871506423291,-0.08805935169739275,-0.41381061083926235,-0.10226837847609563,-0.7026950376344616,-0.10458523168464767,-0.8740277159782909,-0.10634010334402433,-0.9943298157154808,0.0011327676436601352,-0.40973699928305307,0.0014575924759666307,-0.6652332066937058,0.00012401830964344805,-0.8216621167443133,-0.003739982178593414,-0.9345316708897683,0.08204616169913803,-0.38311821744922697,0.07634767130608404,-0.5859520495593669,0.07642169237629212,-0.7010051309415463,0.07696424103617754,-0.7960434054784132
FULL_HAND,0.0,0.0,0.1508561532099575,-0.0898391195945965,0.24973658391194145,-0.21922000046950604,0.2998627783200195,-0.37860750222094003,0.2844243737696652,-0.5191694951131407,0.18046309754261056,-0.38821461213168246,0.20210978586620001,-0.6514568853231729,0.20505083048136707,-0.7965836481778831,0.20565368538812734,-0.9079101400596599,0.08823385927837264,-0.41355670146118956,0.10246100820381243,-0.7015741308083198,0.10484444669154745,-0.8732094309822115,0.10657663046399285,-0.9943044915109965,-0.0010994571088584146,-0.4091862239592217,-0.0009658534707304862,-0.6638790617016211,0.0002736983964101854,-0.8204713484693164,0.0037127316665238894,-0.9339099752246108,-0.08205141394458677,-0.3821478725901621,-0.0760872088932712,-0.5843511179824676,-0.07604151896985481,-0.6993384125695337,-0.07667979144483578,-0.7947281331225053
FULL_HAND,-0.0,0.0,-0.1508561532099575,-0.0898391195945965,-0.24973658391194145,-0.21922000046950604,-0.2998627783200195,-0.37860750222094003,-0.2844243737696652,-0.5191694951131407,-0.18046309754261056,-0.38821461213168246,-0.20210978586620001,-0.6514568853231729,-0.20505083048136707,-0.7965836481778831,-0.20565368538812734,-0.9079101400596599,-0.08823385927837264,-0.41355670146118956,-0.10246100820381243,-0.7015741308083198,-0.10484444669154745,-0.8732094309822115,-0.10657663046399285,-0.9943044915109965,0.0010994571088584146,-0.4091862239592217,0.0009658534707304862,-0.6638790617016211,-0.0002736983964101854,-0.8204713484693164,-0.0037127316665238894,-0.9339099752246108,0.08205141394458677,-0.3821478725901621,0.0760872088932712,-0.5843511179824676,0.07604151896985481,-0.6993384125695337,0.07667979144483578,-0.7947281331225053
FULL_HAND,0.0,0.0,0.14819361558702923,-0.09507085955499192,0.24509939797440194,-0.23000253219037348,0.2785653960753033,-0.39890343595886885,0.2543528770144884,-0.5403840230420605,0.16285259352362505,-0.40428527539192344,0.17356206843377703,-0.6677816587552549,0.16765684161075217,-0.8132274592493536,0.16004525422501872,-0.9241613631390349,0.06777222011031268,-0.41950619688115653,0.07352898067060022,-0.7057368835687652,0.06815283703430326,-0.8774185879784467,0.06214884134003072,-0.9980668923073702,-0.019729989603734073,-0.40647922119355434,-0.026308822632315005,-0.6599819848941733,-0.03348715391742967,-0.8158243044326203,-0.038511848116428986,-0.9271683056888508,-0.09704773916810129,-0.37227915381382365,-0.09466802276452928,-0.5706361521746764,-0.09488834369405515,-0.682702831116221,-0.09684594522583101,-0.7756594234330157
FULL_HAND,-0.0,0.0,-0.14819361558702923,-0.09507085955499192,-0.24509939797440194,-0.23000253219037348,-0.2785653960753033,-0.39890343595886885,-0.2543528770144884,-0.5403840230420605,-0.16285259352362505,-0.40428527539192344,-0.17356206843377703,-0.6677816587552549,-0.16765684161075217,-0.8132274592493536,-0.16004525422501872,-0.9241613631390349,-0.06777222011031268,-0.41950619688115653,-0.07352898067060022,-0.7057368835687652,-0.06815283703430326,-0.8774185879784467,-0.06214884134003072,-0.9980668923073702,0.019729989603734073,-0.40647922119355434,0.026308822632315005,-0.6599819848941733,0.03348715391742967,-0.8158243044326203,0.038511848116428986,-0.9271683056888508,0.09704773916810129,-0.37227915381382365,0.09466802276452928,-0.5706361521746764,0.09488834369405515,-0.682702831116221,0.09684594522583101,-0.7756594234330157
FULL_HAND,0.0,0.0,0.14963521881747843,-0.0903333588401378,0.24858692633665136,-0.22832235393506276,0.2862154177367942,-0.400097012916512,0.26173662849417423,-0.5389097681335706,0.17326669970162514,-0.40376368738946045,0.17829574668425616,-0.6665694058134516,0.17016506057232617,-0.8118835538447422,0.15958755979408823,-0.9234091632697476,0.07896983628215974,-0.42046990720526267,0.08642270017301124,-0.7057664544108114,0.08281511036578758,-0.8760685229036588,0.07767639588248935,-0.9969786244061137,-0.009244792929918186,-0.4108593520589531,-0.0053244703112548565,-0.6651980421589848,-0.0056906606773978845,-0.820248927184815,-0.007089303587468472,-0.9323743744118522,-0.08909820797093915,-0.3791565755498523,-0.07595083005492512,-0.5797982529068648,-0.07197123927778633,-0.6893683189234311,-0.07208946977348608,-0.7789055638825404
FULL_HAND,-0.0,0.0,-0.14963521881747843,-0.0903333588401378,-0.24858692633665136,-0.22832235393506276,-0.2862154177367942,-0.400097012916512,-0.26173662849417423,-0.5389097681335706,-0.17326669970162514,-0.40376368738946045,-0.17829574668425616,-0.6665694058134516,-0.17016506057232617,-0.8118835538447422,-0.15958755979408823,-0.9234091632697476,-0.07896983628215974,-0.42046990720526267,-0.08642270017301124,-0.7057664544108114,-0.08281511036578758,-0.8760685229036588,-0.07767639588248935,-0.9969786244061137,0.009244792929918186,-0.4108593520589531,0.0053244703112548565,-0.6651980421589848,0.0056906606773978845,-0.820248927184815,0.007089303587468472,-0.9323743744118522,0.08909820797093915,-0.3791565755498523,0.07595083005492512,-0.5797982529068648,0.07197123927778633,-0.6893683189234311,0.07208946977348608,-0.7789055638825404
FULL_HAND,0.0,0.0,0.1498774819165808,-0.09649814326732505,0.2483197024055088,-0.23688332067415924,0.2814528768448499,-0.40983192997920576,0.25148688027237065,-0.5477488793320531,0.1617902077897682,-0.4070659099274799,0.16957119274887186,-0.6721667451510303,0.16283580225455666,-0.8176198009193859,0.15355927388862628,-0.9275066477941464,0.06733999977962121,-0.42015202240994004,0.07348300569661598,-0.7054194055531005,0.06812102697369116,-0.8773375561023345,0.06162042455032057,-0.9980996559854323,-0.018660052658321075,-0.4073494275980545,-0.017509369612512333,-0.6607883221101497,-0.020923764059315363,-0.8158580290054896,-0.02446515079606328,-0.9269144477986427,-0.09480928117105704,-0.37443885882975053,-0.08918187379560207,-0.5734087667008633,-0.08924327801331766,-0.6845825180022164,-0.09212595377324874,-0.7752614118591794
FULL_HAND,-0.0,0.0,-0.1498774819165808,-0.09649814326732505,-0.2483197024055088,-0.23688332067415924,-0.2814528768448499,-0.40983192997920576,-0.25148688027237065,-0.5477488793320531,-0.1617902077897682,-0.4070659099274799,-0.16957119274887186,-0.6721667451510303,-0.16283580225455666,-0.8176198009193859,-0.15355927388862628,-0.9275066477941464,-0.06733999977962121,-0.42015202240994004,-0.07348300569661598,-0.7054194055531005,-0.06812102697369116,-0.8773375561023345,-0.06162042455032057,-0.9980996559854323,0.018660052658321075,-0.4073494275980545,0.017509369612512333,-0.6607883221101497,0.020923764059315363,-0.8158580290054896,0.02446515079606328,-0.9269144477986427,0.09480928117105704,-0.37443885882975053,0.08918187379560207,-0.5734087667008633,0.08924327801331766,-0.6845825180022164,0.09212595377324874,-0.7752614118591794
FULL_HAND,0.0,0.0,0.14936470957857273,-0.09916855549137772,0.24520492604636737,-0.24023359378547302,0.2755294753030645,-0.4146539347079153,0.2469200179777301,-0.5553767370821852,0.15772766128444413,-0.4099814922096992,0.1643308086905488,-0.6760567856157884,0.156502169787105,-0.8213124285380353,0.14673667802511703,-0.930345153504448,0.06417938840093523,-0.421844925557509,0.06738054557661363,-0.7076124775163869,0.05991606407361558,-0.8788109196922522,0.0523127258265185,-0.9986307519381723,-0.020948055099823778,-0.4070025306647839,-0.023276700086507812,-0.6625763170445463,-0.029588906595428253,-0.8184916990968607,-0.03528215730451191,-0.9305705783618181,-0.09582475344038828,-0.3719415753828484,-0.09387759189690655,-0.5716981798614069,-0.09745514027383013,-0.6840485625633952,-0.10387794779403876,-0.776511132201339
FULL_HAND,-0.0,0.0,-0.14936470957857273,-0.09916855549137772,-0.24520492604636737,-0.24023359378547302,-0.2755294753030645,-0.4146539347079153,-0.2469200179777301,-0.5553767370821852,-0.15772766128444413,-0.4099814922096992,-0.1643308086905488,-0.6760567856157884,-0.156502169787105,-0.8213124285380353,-0.14673667802511703,-0.930345153504448,-0.06417938840093523,-0.421844925557509,-0.06738054557661363,-0.7076124775163869,-0.05991606407361558,-0.8788109196922522,-0.0523127258265185,-0.9986307519381723,0.020948055099823778,-0.4070025306647839,0.023276700086507812,-0.6625763170445463,0.029588906595428253,-0.8184916990968607,0.03528215730451191,-0.9305705783618181,0.09582475344038828,-0.3719415753828484,0.09387759189690655,-0.5716981798614069,0.09745514027383013,-0.6840485625633952,0.10387794779403876,-0.776511132201339
FULL_HAND,0.0,0.0,0.1493384024583198,-0.09002632618769761,0.251806517716197,-0.22347970769092015,0.29440524117125794,-0.3867791444167558,0.2732458451132616,-0.5256406898635013,0.18023833931459518,-0.39075078172742145,0.1798451873383879,-0.6564249808123459,0.16795880344094558,-0.8021554784005728,0.15386111479362072,-0.9134656924042008,0.08876517055297366,-0.40599290304666047,0.09155187557124127,-0.6986089015506892,0.08651546757800961,-0.8724254401939889,0.08155178060143307,-0.9966691061133257,-0.0010303842123437748,-0.397464549002363,0.0036643878313653375,-0.6589016981694251,0.009206340615512098,-0.814228568095592,0.01507795776325219,-0.9282844780678152,-0.08720001305002589,-0.36970435159196996,-0.07640164254187387,-0.575944593472929,-0.06948996202720893,-0.6882743663186457,-0.06565396023797533,-0.7821369490101712
FULL_HAND,-0.0,0.0,-0.1493384024583198,-0.09002632618769761,-0.251806517716197,-0.22347970769092015,-0.29440524117125794,-0.3867791444167558,-0.2732458451132616,-0.5256406898635013,-0.18023833931459518,-0.39075078172742145,-0.1798451873383879,-0.6564249808123459,-0.16795880344094558,-0.8021554784005728,-0.15386111479362072,-0.9134656924042008,-0.08876517055297366,-0.40599290304666047,-0.09155187557124127,-0.6986089015506892,-0.08651546757800961,-0.8724254401939889,-0.08155178060143307,-0.9966691061133257,0.0010303842123437748,-0.397464549002363,-0.0036643878313653375,-0.6589016981694251,-0.009206340615512098,-0.814228568095592,-0.01507795776325219,-0.9282844780678152,0.08720001305002589,-0.36970435159196996,0.07640164254187387,-0.575944593472929,0.06948996202720893,-0.6882743663186457,0.06565396023797533,-0.7821369490101712
FULL_HAND,0.0,0.0,0.1497841949721987,-0.08850087980301566,0.25225218940979327,-0.22190185368432086,0.2947010640659672,-0.3857779236457764,0.27420049403285696,-0.5268241348903924,0.18029234611539258,-0.3898602882411144,0.18016295547951008,-0.6560168905608418,0.1681212661124866,-0.8019285627095138,0.15359414469000277,-0.91344830673576,0.0873314122515629,-0.40607849125463485,0.09115460971836885,-0.6985276952281264,0.08537846253462492,-0.8721406034681223,0.07964926125753814,-0.9968229507696582,-0.00269315161505298,-0.3980560145920763,0.004074004365385317,-0.6587976959714752,0.009296382778958251,-0.8147685897275538,0.014390142270182793,-0.9291684972819476,-0.087601319060111,-0.37067793354315287,-0.07309001776507602,-0.5777244303151567,-0.0643117120053371,-0.6904343495393538,-0.05915242117317605,-0.784450923208358
FULL_HAND,-0.0,0.0,-0.1497841949721987,-0.08850087980301566,-0.25225218940979327,-0.22190185368432086,-0.2947010640659672,-0.3857779236457764,-0.27420049403285696,-0.5268241348903924,-0.18029234611539258,-0.3898602882411144,-0.18016295547951008,-0.6560168905608418,-0.1681212661124866,-0.8019285627095138,-0.15359414469000277,-0.91344830673576,-0.0873314122515629,-0.40607849125463485,-0.09115460971836885,-0.6985276952281264,-0.08537846253462492,-0.8721406034681223,-0.07964926125753814,-0.9968229507696582,0.00269315161505298,-0.3980560145920763,-0.004074004365385317,-0.6587976959714752,-0.009296382778958251,-0.8147685897275538,-0.014390142270182793,-0.9291684972819476,0.087601319060111,-0.37067793354315287,0.07309001776507602,-0.5777244303151567,0.0643117120053371,-0.6904343495393538,0.05915242117317605,-0.784450923208358
FULL_HAND,0.0,0.0,0.14900307178992706,-0.09008878420851539,0.25086624282447495,-0.22493784210621787,0.29263668130248205,-0.39056416584088843,0.26852973374553496,-0.5290684858048835,0.17836936265099868,-0.3875556059459983,0.1794123402715313,-0.6544418347148696,0.167950923158939,-0.8017883452010561,0.15460060581004012,-0.9139473536319429,0.08602750221483535,-0.40340305730478015,0.08927642590673879,-0.6975338282506474,0.08360857878861226,-0.8726689794612291,0.07839451864815397,-0.9969224139550301,-0.002764119976252821,-0.39593190850445037,0.0015070822810615324,-0.6576068157770795,0.005013120082276775,-0.8147814287032545,0.008997210522702933,-0.929318153518322,-0.08658618563492036,-0.3689551165666288,-0.07385785897007875,-0.575174070698181,-0.06599451084224284,-0.6858488613427406,-0.061460462429582974,-0.7777762311612667
FULL_HAND,-0.0,0.0,-0.14900307178992706,-0.09008878420851539,-0.25086624282447495,-0.22493784210621787,-0.29263668130248205,-0.39056416584088843,-0.26852973374553496,-0.5290684858048835,-0.17836936265099868,-0.3875556059459983,-0.1794123402715313,-0.6544418347148696,-0.167950923158939,-0.8017883452010561,-0.15460060581004012,-0.9139473536319429,-0.08602750221483535,-0.40340305730478015,-0.08927642590673879,-0.6975338282506474,-0.08360857878861226,-0.8726689794612291,-0.07839451864815397,-0.9969224139550301,0.002764119976252821,-0.39593190850445037,-0.0015070822810615324,-0.6576068157770795,-0.005013120082276775,-0.8147814287032545,-0.008997210522702933,-0.929318153518322,0.08658618563492036,-0.3689551165666288,0.07385785897007875,-0.575174070698181,0.06599451084224284,-0.6858488613427406,0.061460462429582974,-0.7777762311612667
FULL_HAND,0.0,0.0,0.14715351349305103,-0.09513937635775309,0.2444559500726716,-0.2336865544222728,0.2854177538242761,-0.40345519838278826,0.2568860726394952,-0.5398870979292949,0.17120960005580912,-0.4042563549618122,0.17003269416165825,-0.6688514801696314,0.15460245597455524,-0.8133901962066002,0.13859076948806223,-0.9226127919849444,0.07828244153671608,-0.4186360210790913,0.07430936784462751,-0.7080098998497171,0.0630832941817359,-0.8794320159129831,0.055013064467130696,-0.9984856347178638,-0.010879093436472798,-0.4050236140493583,-0.020103839189234307,-0.6646024733919336,-0.025264200664007558,-0.8182645554147164,-0.026423782563436374,-0.9285908835354973,-0.09444247645454747,-0.3671518605909947,-0.09843856541760254,-0.5786494423076664,-0.1044708179047234,-0.6928573459101446,-0.11089983365002756,-0.7873042002694954
FULL_HAND,-0.0,0.0,-0.14715351349305103,-0.09513937635775309,-0.2444559500726716,-0.2336865544222728,-0.2854177538242761,-0.40345519838278826,-0.2568860726394952,-0.5398870979292949,-0.17120960005580912,-0.4042563549618122,-0.17003269416165825,-0.6688514801696314,-0.15460245597455524,-0.8133901962066002,-0.13859076948806223,-0.9226127919849444,-0.07828244153671608,-0.4186360210790913,-0.07430936784462751,-0.7080098998497171,-0.0630832941817359,-0.8794320159129831,-0.055013064467130696,-0.9984856347178638,0.010879093436472798,-0.4050236140493583,0.020103839189234307,-0.6646024733919336,0.025264200664007558,-0.8182645554147164,0.026423782563436374,-0.9285908835354973,0.09444247645454747,-0.3671518605909947,0.09843856541760254,-0.5786494423076664,0.1044708179047234,-0.6928573459101446,0.11089983365002756,-0.7873042002694954
FULL_HAND,0.0,0.0,0.14640917717534507,-0.10032955964964727,0.24389778953737978,-0.2368153015084278,0.28312778356589713,-0.4029942439067808,0.2592670963625255,-0.5420307813693043,0.17102233886303164,-0.39981824419446504,0.16749184006032755,-0.6663622333107379,0.15354108698524216,-0.8137608370178866,0.13999419284943393,-0.9257936973507425,0.08109761240374147,-0.4106606892947949,0.07646187412391117,-0.7054098374333864,0.06588994824559676,-0.8778998421671418,0.05831386172775675,-0.9982982988718332,-0.006728917919408451,-0.39642151863341696,-0.01559913668615742,-0.661050568568207,-0.019760537346615883,-0.8158513535790429,-0.019764191337938896,-0.9273540135777244,-0.09020757016051371,-0.3612520379456092,-0.09225950305058128,-0.5756267543021336,-0.0949876720636311,-0.692169506976373,-0.09943340279466484,-0.7878309378807336
FULL_HAND,-0.0,0.0,-0.14640917717534507,-0.10032955964964727,-0.24389778953737978,-0.2368153015084278,-0.28312778356589713,-0.4029942439067808,-0.2592670963625255,-0.5420307813693043,-0.17102233886303164,-0.39981824419446504,-0.16749184006032755,-0.6663622333107379,-0.15354108698524216,-0.8137608370178866,-0.13999419284943393,-0.9257936973507425,-0.08109761240374147,-0.4106606892947949,-0.07646187412391117,-0.7054098374333864,-0.06588994824559676,-0.8778998421671418,-0.05831386172775675,-0.9982982988718332,0.006728917919408451,-0.39642151863341696,0.01559913668615742,-0.661050568568207,0.019760537346615883,-0.8158513535790429,0.019764191337938896,-0.9273540135777244,0.09020757016051371,-0.3612520379456092,0.09225950305058128,-0.5756267543021336,0.0949876720636311,-0.692169506976373,0.09943340279466484,-0.7878309378807336
FULL_HAND,0.0,0.0,0.15092860354670712,-0.09045231446958929,0.25062713658574315,-0.2211041743436842,0.2989774521245594,-0.37790107787826205,0.2808712695674302,-0.5142420211036952,0.1899192943743377,-0.38504279534548297,0.18775372362812812,-0.6545433213845309,0.17659351130346912,-0.8019947603807364,0.16399214271225637,-0.9125719865377935,0.09763470344638873,-0.4018311461367283,0.09786513374758986,-0.7020149576535261,0.09299740279904402,-0.8751817695157712,0.08924489462388033,-0.9960097131974027,0.00608045306160784,-0.3961041359789119,0.008187823626165908,-0.6625957812441547,0.010048794707847843,-0.8202363067044077,0.012987997450672549,-0.9350597756966195,-0.08208415137380443,-0.3687820513456721,-0.06908249278724583,-0.5856157795632254,-0.06246314222372232,-0.7030145286189963,-0.057795712221889194,-0.8011024199750293
FULL_HAND,-0.0,0.0,-0.15092860354670712,-0.09045231446958929,-0.25062713658574315,-0.2211041743436842,-0.2989774521245594,-0.37790107787826205,-0.2808712695674302,-0.5142420211036952,-0.1899192943743377,-0.38504279534548297,-0.18775372362812812,-0.6545433213845309,-0.17659351130346912,-0.8019947603807364,-0.16399214271225637,-0.9125719865377935,-0.09763470344638873,-0.4018311461367283,-0.09786513374758986,-0.7020149576535261,-0.09299740279904402,-0.8751817695157712,-0.08924489462388033,-0.9960097131974027,-0.00608045306160784,-0.3961041359789119,-0.008187823626165908,-0.6625957812441547,-0.010048794707847843,-0.8202363067044077,-0.012987997450672549,-0.9350597756966195,0.08208415137380443,-0.3687820513456721,0.06908249278724583,-0.5856157795632254,0.06246314222372232,-0.7030145286189963,0.057795712221889194,-0.8011024199750293
FULL_HAND,0.0,0.0,0.14976670644837453,-0.08991893664973792,0.24600240913272328,-0.22781517470875945,0.27870942030394574,-0.4023317678442076,0.2538175215260319,-0.542598651325269,0.16427667455272227,-0.4076288005555736,0.1655547224470364,-0.6688280874126461,0.1549022925528222,-0.812670556312589,0.14209488553411193,-0.9234097083137608,0.07067267340763785,-0.4235327534949772,0.07097936103753476,-0.7069091382805722,0.06153040898221281,-0.8764517137649868,0.052402644289786485,-0.9986260375493111,-0.015751096510438274,-0.4118898943597551,-0.012481345795983171,-0.6635911250237033,-0.01291371808628479,-0.8154877691416896,-0.013275175716038137,-0.9271713533317097,-0.09375515172310869,-0.3792413695065106,-0.08393864971324404,-0.5763880858418189,-0.07944105186073921,-0.6848616241003196,-0.0776887774048205,-0.7746208199940803
FULL_HAND,-0.0,0.0,-0.14976670644837453,-0.08991893664973792,-0.24600240913272328,-0.22781517470875945,-0.27870942030394574,-0.4023317678442076,-0.2538175215260319,-0.542598651325269,-0.16427667455272227,-0.4076288005555736,-0.1655547224470364,-0.6688280874126461,-0.1549022925528222,-0.812670556312589,-0.14209488553411193,-0.9234097083137608,-0.07067267340763785,-0.4235327534949772,-0.07097936103753476,-0.7069091382805722,-0.06153040898221281,-0.8764517137649868,-0.052402644289786485,-0.9986260375493111,0.015751096510438274,-0.4118898943597551,0.012481345795983171,-0.6635911250237033,0.01291371808628479,-0.8154877691416896,0.013275175716038137,-0.9271713533317097,0.09375515172310869,-0.3792413695065106,0.08393864971324404,-0.5763880858418189,0.07944105186073921,-0.6848616241003196,0.0776887774048205,-0.7746208199940803
FULL_HAND,0.0,0.0,0.14775518454174807,-0.09481199778026968,0.24548317711794118,-0.23839265795892092,0.27494477128206846,-0.4122051612414223,0.24852212818700983,-0.5504669237115902,0.16220389108860375,-0.4139288713012307,0.1609745728030225,-0.6758842167752283,0.14885873542666686,-0.8194704380974462,0.13326748887845766,-0.9279143265464109,0.06845743286030241,-0.42429490402104186,0.07142188905016428,-0.7103635513346879,0.064396148046976,-0.8797169341487061,0.05480134205037201,-0.9984972773670833,-0.017085483046556157,-0.40956111247705773,-0.012092737241540075,-0.6670674819862212,-0.011260887942309008,-0.8196783393107862,-0.013095698650515998,-0.929144989284283,-0.0951883833102406,-0.37562725887887755,-0.08513689131502113,-0.5807114780007357,-0.08250683707677492,-0.6943973859317342,-0.08441229264171943,-0.7864663343698582
FULL_HAND,-0.0,0.0,-0.14775518454174807,-0.09481199778026968,-0.24548317711794118,-0.23839265795892092,-0.27494477128206846,-0.4122051612414223,-0.24852212818700983,-0.5504669237115902,-0.16220389108860375,-0.4139288713012307,-0.1609745728030225,-0.6758842167752283,-0.14885873542666686,-0.8194704380974462,-0.13326748887845766,-0.9279143265464109,-0.06845743286030241,-0.42429490402104186,-0.07142188905016428,-0.7103635513346879,-0.064396148046976,-0.8797169341487061,-0.05480134205037201,-0.9984972773670833,0.017085483046556157,-0.40956111247705773,0.012092737241540075,-0.6670674819862212,0.011260887942309008,-0.8196783393107862,0.013095698650515998,-0.929144989284283,0.0951883833102406,-0.37562725887887755,0.08513689131502113,-0.5807114780007357,0.08250683707677492,-0.6943973859317342,0.08441229264171943,-0.7864663343698582
FULL_HAND,0.0,0.0,0.14799527136533114,-0.09530601189598928,0.24629817663306636,-0.23718497931200105,0.27855867216832286,-0.410006647197389,0.2500735443306401,-0.5457319429163041,0.16467059818168586,-0.4134299004454146,0.164977993851107,-0.6731888587069372,0.15307054661673442,-0.8165344183353068,0.13763987209438105,-0.9260336809747919,0.07148768694548094,-0.4258764233854281,0.07460262564504165,-0.7081788538122212,0.06709415868590467,-0.877803557728747,0.057473862649919445,-0.9983470113703442,-0.014128929210436413,-0.4115703342953651,-0.009667648936037545,-0.665664954579866,-0.009349104200886102,-0.8184006004144709,-0.010748556984450468,-0.9290853395375428,-0.09273143533273065,-0.37732861302467247,-0.08334177793671566,-0.5798604582888122,-0.07950165989586211,-0.6925621369128188,-0.07917827573108048,-0.7848354191543576
FULL_HAND,-0.0,0.0,-0.14799527136533114,-0.09530601189598928,-0.24629817663306636,-0.23718497931200105,-0.27855867216832286,-0.410006647197389,-0.2500735443306401,-0.5457319429163041,-0.16467059818168586,-0.4134299004454146,-0.164977993851107,-0.6731888587069372,-0.15307054661673442,-0.8165344183353068,-0.13763987209438105,-0.9260336809747919,-0.07148768694548094,-0.4258764233854281,-0.07460262564504165,-0.7081788538122212,-0.06709415868590467,-0.877803557728747,-0.057473862649919445,-0.9983470113703442,0.014128929210436413,-0.4115703342953651,0.009667648936037545,-0.665664954579866,0.009349104200886102,-0.8184006004144709,0.010748556984450468,-0.9290853395375428,0.09273143533273065,-0.37732861302467247,0.08334177793671566,-0.5798604582888122,0.07950165989586211,-0.6925621369128188,0.07917827573108048,-0.7848354191543576
FULL_HAND,0.0,0.0,0.14797988373590124,-0.09137359847258537,0.24805222788548664,-0.231050589874624,0.28421595322420684,-0.40098909922395937,0.25603181419726845,-0.5348151987031377,0.17052947289381276,-0.4028337324726685,0.17324405499075543,-0.6642831973811291,0.1634320917182928,-0.8100765098124194,0.15030238841682633,-0.921211082414247,0.07828239724765239,-0.41825505213321085,0.08352220798154439,-0.7029890501781709,0.07861220281641487,-0.8749819114824781,0.07219671693847142,-0.9973904120570372,-0.008934338769100271,-0.40720390386054994,-0.002096382356846751,-0.663335439674049,0.0019051099830712033,-0.818322391836817,0.004856585081450449,-0.9314099853658264,-0.0908631055060718,-0.37534894466868035,-0.07916837831103407,-0.5769861764877463,-0.07412175886469982,-0.6895483590430966,-0.0724171444216477,-0.7830398812272452
FULL_HAND,-0.0,0.0,-0.14797988373590124,-0.09137359847258537,-0.24805222788548664,-0.231050589874624,-0.28421595322420684,-0.40098909922395937,-0.25603181419726845,-0.5348151987031377,-0.17052947289381276,-0.4028337324726685,-0.17324405499075543,-0.6642831973811291,-0.1634320917182928,-0.8100765098124194,-0.15030238841682633,-0.921211082414247,-0.07828239724765239,-0.41825505213321085,-0.08352220798154439,-0.7029890501781709,-0.07861220281641487,-0.8749819114824781,-0.07219671693847142,-0.9973904120570372,0.008934338769100271,-0.40720390386054994,0.002096382356846751,-0.663335439674049,-0.0019051099830712033,-0.818322391836817,-0.004856585081450449,-0.9314099853658264,0.0908631055060718,-0.37534894466868035,0.07916837831103407,-0.5769861764877463,0.07412175886469982,-0.6895483590430966,0.0724171444216477,-0.7830398812272452
FULL_HAND,0.0,0.0,0.15578013401468782,-0.06755414681444087,0.26411857648441156,-0.1937758008779986,0.32036406933529427,-0.3517285270513336,0.307051092478673,-0.48990209555289355,0.21113281451420093,-0.3632116728727317,0.23572073962632806,-0.6276324339935658,0.23847125504073333,-0.7779720778165986,0.23565825442909266,-0.8932750270312954,0.12250585902547044,-0.39254652841466875,0.1513097200282453,-0.6831974604538084,0.1615898313468541,-0.8596096361913328,0.16768615683480342,-0.9858404296872663,0.03232954288371339,-0.3980546892971057,0.060127742231812824,-0.6575721773577028,0.0788349935688559,-0.8128526890691848,0.09474168947876994,-0.9268991931975633,-0.05734514157608857,-0.3826758118115566,-0.028061557601592593,-0.5854988729174823,-0.012513308933080752,-0.6972773718059578,-0.001182746259288605,-0.7905037304331002
FULL_HAND,-0.0,0.0,-0.15578013401468782,-0.06755414681444087,-0.26411857648441156,-0.1937758008779986,-0.32036406933529427,-0.3517285270513336,-0.307051092478673,-0.48990209555289355,-0.21113281451420093,-0.3632116728727317,-0.23572073962632806,-0.6276324339935658,-0.23847125504073333,-0.7779720778165986,-0.23565825442909266,-0.8932750270312954,-0.12250585902547044,-0.39254652841466875,-0.1513097200282453,-0.6831974604538084,-0.1615898313468541,-0.8596096361913328,-0.16768615683480342,-0.9858404296872663,-0.03232954288371339,-0.3980546892971057,-0.060127742231812824,-0.6575721773577028,-0.0788349935688559,-0.8128526890691848,-0.09474168947876994,-0.9268991931975633,0.05734514157608857,-0.3826758118115566,0.028061557601592593,-0.5854988729174823,0.012513308933080752,-0.6972773718059578,0.001182746259288605,-0.7905037304331002
FULL_HAND,0.0,0.0,0.1548609933988342,-0.07124821356737292,0.26388584066491716,-0.19578995310484337,0.31823212749762325,-0.35497477651147114,0.3048891281366259,-0.4943597967573169,0.210275838981632,-0.3675936628658625,0.23433770499996595,-0.6324980788008016,0.23690602713391154,-0.7826260510078518,0.23401643812418096,-0.8971532247897971,0.12108996586783648,-0.39672004673136524,0.1496918469198096,-0.6874040252212315,0.1596120138230786,-0.8620943457017178,0.16510475801374636,-0.9862760358445409,0.030433788545616777,-0.40135607925327305,0.05804318674009136,-0.6617435942768333,0.07586113196702053,-0.8165549279228003,0.09063992621665298,-0.9302192392191377,-0.059292320523751045,-0.38438073118907373,-0.029012367144773742,-0.5888893053122976,-0.013568896202918701,-0.7014499010843492,-0.002627110993923975,-0.7956992561182654
FULL_HAND,-0.0,0.0,-0.1548609933988342,-0.07124821356737292,-0.26388584066491716,-0.19578995310484337,-0.31823212749762325,-0.35497477651147114,-0.3048891281366259,-0.4943597967573169,-0.210275838981632,-0.3675936628658625,-0.23433770499996595,-0.6324980788008016,-0.23690602713391154,-0.7826260510078518,-0.23401643812418096,-0.8971532247897971,-0.12108996586783648,-0.39672004673136524,-0.1496918469198096,-0.6874040252212315,-0.1596120138230786,-0.8620943457017178,-0.16510475801374636,-0.9862760358445409,-0.030433788545616777,-0.40135607925327305,-0.05804318674009136,-0.6617435942768333,-0.07586113196702053,-0.8165549279228003,-0.09063992621665298,-0.9302192392191377,0.059292320523751045,-0.38438073118907373,0.029012367144773742,-0.5888893053122976,0.013568896202918701,-0.7014499010843492,0.002627110993923975,-0.7956992561182654
FULL_HAND,0.0,0.0,0.15369243636570995,-0.07093472270328788,0.26371884185193245,-0.19652827363535136,0.3178716509924799,-0.35702321807260734,0.30181427941084576,-0.49485895004415514,0.20752648571118876,-0.36664286655343215,0.22939721085368578,-0.6329741205822595,0.22995002864994632,-0.7836716330169923,0.2254433001742281,-0.898369658294562,0.11864748814593348,-0.3947864234811094,0.14405731723760176,-0.6861800616480319,0.151799667131615,-0.8622870808692811,0.15599956110287894,-0.9877571244671987,0.028576928434703844,-0.40032027401438547,0.05332403367336902,-0.6610739729313612,0.069252483194308,-0.8160820589264646,0.08233549391364567,-0.9293445370581945,-0.06078217488457994,-0.38591542540674106,-0.032807183551261464,-0.5881977484550357,-0.018760222584106617,-0.6990357827743641,-0.00934568910184772,-0.7920351293994344
FULL_HAND,-0.0,0.0,-0.15369243636570995,-0.07093472270328788,-0.26371884185193245,-0.19652827363535136,-0.3178716509924799,-0.35702321807260734,-0.30181427941084576,-0.49485895004415514,-0.20752648571118876,-0.36664286655343215,-0.22939721085368578,-0.6329741205822595,-0.22995002864994632,-0.7836716330169923,-0.2254433001742281,-0.898369658294562,-0.11864748814593348,-0.3947864234811094,-0.14405731723760176,-0.6861800616480319,-0.151799667131615,-0.8622870808692811,-0.15599956110287894,-0.9877571244671987,-0.028576928434703844,-0.40032027401438547,-0.05332403367336902,-0.6610739729313612,-0.069252483194308,-0.8160820589264646,-0.08233549391364567,-0.9293445370581945,0.06078217488457994,-0.38591542540674106,0.032807183551261464,-0.5881977484550357,0.018760222584106617,-0.6990357827743641,0.00934568910184772,-0.7920351293994344
FULL_HAND,0.0,0.0,0.14954565637009712,-0.07838806485055663,0.25353242164433004,-0.21063022374307996,0.300922290749927,-0.37636818357043267,0.2822484438725114,-0.5160592431145888,0.18211376262982434,-0.3914435566610452,0.196124979739983,-0.6543454077065909,0.1923894710131958,-0.7988175844382042,0.1844821088158392,-0.9102264807478869,0.08956488950439145,-0.41155480445312265,0.10751449078969529,-0.6977372346352635,0.10832497278822495,-0.8700849313840947,0.10483784785730672,-0.9944893290813371,0.0015934932718810913,-0.40702767993349664,0.023405376537752837,-0.664825266281948,0.03195877880565807,-0.82093502375165,0.03638647332231883,-0.9353391851634798,-0.0795858777003811,-0.38287116071308636,-0.05369404997950145,-0.5890001372321838,-0.042870711733644415,-0.7021579817991529,-0.038517908405114536,-0.7955399636225082
FULL_HAND,-0.0,0.0,-0.14954565637009712,-0.07838806485055663,-0.25353242164433004,-0.21063022374307996,-0.300922290749927,-0.37636818357043267,-0.2822484438725114,-0.5160592431145888,-0.18211376262982434,-0.3914435566610452,-0.196124979739983,-0.6543454077065909,-0.1923894710131958,-0.7988175844382042,-0.1844821088158392,-0.9102264807478869,-0.08956488950439145,-0.41155480445312265,-0.10751449078969529,-0.6977372346352635,-0.10832497278822495,-0.8700849313840947,-0.10483784785730672,-0.9944893290813371,-0.0015934932718810913,-0.40702767993349664,-0.023405376537752837,-0.664825266281948,-0.03195877880565807,-0.82093502375165,-0.03638647332231883,-0.9353391851634798,0.0795858777003811,-0.38287116071308636,0.05369404997950145,-0.5890001372321838,0.042870711733644415,-0.7021579817991529,0.038517908405114536,-0.7955399636225082
FULL_HAND,0.0,0.0,0.14597411270533278,-0.1047194210727346,0.2384357506031535,-0.2490250443263909,0.2671363020308872,-0.4194796771408613,0.23649585654334157,-0.5527469257731342,0.14400236982571657,-0.40566380957662396,0.1409534722747272,-0.67815742164904,0.1287131808728948,-0.8252343310873601,0.1149915431829997,-0.9347073139049399,0.0481467010048147,-0.4101523615551054,0.04016694158613264,-0.707018909928029,0.02667764981394367,-0.8811254362558464,0.015428684275783491,-0.99988097076678,-0.038218521070625094,-0.39196229682995165,-0.04093331948630525,-0.6580341084839548,-0.045855153342084905,-0.8097521056853701,-0.049083419935318534,-0.9150587863941418,-0.11277761134491109,-0.35356816838871274,-0.10962301082110668,-0.5666384656316703,-0.11085884534075675,-0.6810377963109863,-0.1155657623573846,-0.7728153742228135
FULL_HAND,-0.0,0.0,-0.14597411270533278,-0.1047194210727346,-0.2384357506031535,-0.2490250443263909,-0.2671363020308872,-0.4194796771408613,-0.23649585654334157,-0.5527469257731342,-0.14400236982571657,-0.40566380957662396,-0.1409534722747272,-0.67815742164904,-0.1287131808728948,-0.8252343310873601,-0.1149915431829997,-0.9347073139049399,-0.0481467010048147,-0.4101523615551054,-0.04016694158613264,-0.707018909928029,-0.02667764981394367,-0.8811254362558464,-0.015428684275783491,-0.99988097076678,0.038218521070625094,-0.39196229682995165,0.04093331948630525,-0.6580341084839548,0.045855153342084905,-0.8097521056853701,0.049083419935318534,-0.9150587863941418,0.11277761134491109,-0.35356816838871274,0.10962301082110668,-0.5666384656316703,0.11085884534075675,-0.6810377963109863,0.1155657623573846,-0.7728153742228135
FULL_HAND,0.0,0.0,0.14200935749782093,-0.11256039353008432,0.23309610621237115,-0.25749059444166994,0.2535560275769036,-0.4319534919848965,0.2195104504817971,-0.5681392116960741,0.14201531182058746,-0.41851694242026766,0.12630954503995598,-0.6831147653741365,0.10741114482094592,-0.8276346142083955,0.08873088369745549,-0.9360473257380281,0.048272376934405684,-0.42240722400945796,0.029883877626475205,-0.7113602118526883,0.010821795555581068,-0.881305204972615,-0.004217087075199095,-0.9999911080487667,-0.038334860333849745,-0.4002139744779106,-0.055412664342797895,-0.6563961064916356,-0.06587862708888334,-0.8082571391034616,-0.07178761016851362,-0.9168785620509002,-0.11768545280298369,-0.35654137390484447,-0.12423440153162493,-0.5593781700354716,-0.12822162693835779,-0.6703420607737802,-0.13308513017889825,-0.761100143276457
FULL_HAND,-0.0,0.0,-0.14200935749782093,-0.11256039353008432,-0.23309610621237115,-0.25749059444166994,-0.2535560275769036,-0.4319534919848965,-0.2195104504817971,-0.5681392116960741,-0.14201531182058746,-0.41851694242026766,-0.12630954503995598,-0.6831147653741365,-0.10741114482094592,-0.8276346142083955,-0.08873088369745549,-0.9360473257380281,-0.048272376934405684,-0.42240722400945796,-0.029883877626475205,-0.7113602118526883,-0.010821795555581068,-0.881305204972615,0.004217087075199095,-0.9999911080487667,0.038334860333849745,-0.4002139744779106,0.055412664342797895,-0.6563961064916356,0.06587862708888334,-0.8082571391034616,0.07178761016851362,-0.9168785620509002,0.11768545280298369,-0.35654137390484447,0.12423440153162493,-0.5593781700354716,0.12822162693835779,-0.6703420607737802,0.13308513017889825,-0.761100143276457
FULL_HAND,0.0,0.0,0.1413099402800631,-0.1097795010234161,0.23034394820539955,-0.2594505454463926,0.25234536391190515,-0.43345829052402945,0.21736156826698774,-0.5702030801271204,0.14154428726619042,-0.41483428998182337,0.12218739852603526,-0.6830021986842311,0.10169797628123177,-0.8278628527401837,0.0818991022326821,-0.9358239491559082,0.04699764804454994,-0.4145979736932916,0.02728585408669621,-0.7104228884449306,0.009262429237141498,-0.8809397373072125,-0.0045593043104589425,-0.999989606318088,-0.03950512934339094,-0.3923643033844634,-0.05516982223803824,-0.6569177421456381,-0.06442074336425385,-0.8112409557955825,-0.07021781577659791,-0.9212914205217083,-0.11714136881818113,-0.35125031551735236,-0.12172947417630488,-0.5620247518636183,-0.12602969213918083,-0.6763778346399255,-0.13206689636346522,-0.7683826583237465
FULL_HAND,-0.0,0.0,-0.1413099402800631,-0.1097795010234161,-0.23034394820539955,-0.2594505454463926,-0.25234536391190515,-0.43345829052402945,-0.21736156826698774,-0.5702030801271204,-0.14154428726619042,-0.41483428998182337,-0.12218739852603526,-0.6830021986842311,-0.10169797628123177,-0.8278628527401837,-0.0818991022326821,-0.9358239491559082,-0.04699764804454994,-0.4145979736932916,-0.02728585408669621,-0.7104228884449306,-0.009262429237141498,-0.8809397373072125,0.0045593043104589425,-0.999989606318088,0.03950512934339094,-0.3923643033844634,0.05516982223803824,-0.6569177421456381,0.06442074336425385,-0.8112409557955825,0.07021781577659791,-0.9212914205217083,0.11714136881818113,-0.35125031551735236,0.12172947417630488,-0.5620247518636183,0.12602969213918083,-0.6763778346399255,0.13206689636346522,-0.7683826583237465
FULL_HAND,0.0,0.0,0.13972421873702892,-0.11507298936757349,0.2295976559990449,-0.26298085597915116,0.25242860100309483,-0.4349156793224578,0.21692058145881785,-0.5705256079083743,0.1406091362348903,-0.42044958308819613,0.12112948830243762,-0.6857464513217251,0.10013323301236593,-0.8298571906482152,0.08033415413773014,-0.9378906846140567,0.04766122979129796,-0.4204059379469882,0.026624946022000485,-0.7114746490702278,0.007392886186933655,-0.8809631990284448,-0.006608131836170203,-0.9999781660584574,-0.03836689889210594,-0.39646510680991814,-0.055744653219393175,-0.6558975882891246,-0.06610945476593577,-0.8098522685373769,-0.07184125101403269,-0.9216343406986478,-0.11647141156753964,-0.3530695765781364,-0.12247905491596739,-0.5580931790964629,-0.1278729078164812,-0.6700641145724269,-0.13520424945036327,-0.7621778593846188
FULL_HAND,-0.0,0.0,-0.13972421873702892,-0.11507298936757349,-0.2295976559990449,-0.26298085597915116,-0.25242860100309483,-0.4349156793224578,-0.21692058145881785,-0.5705256079083743,-0.1406091362348903,-0.42044958308819613,-0.12112948830243762,-0.6857464513217251,-0.10013323301236593,-0.8298571906482152,-0.08033415413773014,-0.9378906846140567,-0.04766122979129796,-0.4204059379469882,-0.026624946022000485,-0.7114746490702278,-0.007392886186933655,-0.8809631990284448,0.006608131836170203,-0.9999781660584574,0.03836689889210594,-0.39646510680991814,0.055744653219393175,-0.6558975882891246,0.06610945476593577,-0.8098522685373769,0.07184125101403269,-0.9216343406986478,0.11647141156753964,-0.3530695765781364,0.12247905491596739,-0.5580931790964629,0.1278729078164812,-0.6700641145724269,0.13520424945036327,-0.7621778593846188
FULL_HAND,0.0,0.0,0.14091966529452504,-0.11032263126100143,0.2325700434606375,-0.2606317033305661,0.25613667746266783,-0.4385641067310013,0.21676961929989796,-0.5698350558094711,0.14329865212341955,-0.41450487729143637,0.11230374305697491,-0.6825618956737726,0.08308681491879731,-0.8243508180148034,0.055002708286317065,-0.9294464986147045,0.048534032320985854,-0.4129703574031526,0.01832401994068795,-0.7083031522983892,-0.007468666903621262,-0.8792104590233187,-0.028890586744157433,-0.9995825798790104,-0.039253899346060314,-0.39018997675973094,-0.062124067039688605,-0.6518317844051214,-0.07489880327571173,-0.8082191191056367,-0.08395508529442162,-0.9222154960596384,-0.11904196517371621,-0.3507444782618904,-0.12561380991308288,-0.5605580061810499,-0.12804706364045393,-0.6738713602174085,-0.13170452926391116,-0.7669263260501115
FULL_HAND,-0.0,0.0,-0.14091966529452504,-0.11032263126100143,-0.2325700434606375,-0.2606317033305661,-0.25613667746266783,-0.4385641067310013,-0.21676961929989796,-0.5698350558094711,-0.14329865212341955,-0.41450487729143637,-0.11230374305697491,-0.6825618956737726,-0.08308681491879731,-0.8243508180148034,-0.055002708286317065,-0.9294464986147045,-0.048534032320985854,-0.4129703574031526,-0.01832401994068795,-0.7083031522983892,0.007468666903621262,-0.8792104590233187,0.028890586744157433,-0.9995825798790104,0.039253899346060314,-0.39018997675973094,0.062124067039688605,-0.6518317844051214,0.07489880327571173,-0.8082191191056367,0.08395508529442162,-0.9222154960596384,0.11904196517371621,-0.3507444782618904,0.12561380991308288,-0.5605580061810499,0.12804706364045393,-0.6738713602174085,0.13170452926391116,-0.7669263260501115
FULL_HAND,0.0,0.0,0.14218679030836562,-0.10568725806536443,0.23495743166812533,-0.2507084266659902,0.26641612148119004,-0.4244090776167536,0.23059789054980842,-0.5561623075751518,0.15233785387000867,-0.40491009507477366,0.1307482843837343,-0.6760594677735313,0.10690070878098624,-0.8209158004515119,0.0832119415186374,-0.9280289507536984,0.05892398337628511,-0.40902287435665313,0.03840000432278216,-0.7079018316483351,0.018040984203806936,-0.8797384835424998,0.0011046467054877508,-0.9999993898776419,-0.029107748219308664,-0.39217086150383634,-0.04241080675401023,-0.6558649145415536,-0.05037847090595899,-0.8118621874002262,-0.055901704433397745,-0.9248065929838092,-0.11015338897992913,-0.35716537008060145,-0.11026828207825046,-0.5696259581225499,-0.11029460662112066,-0.6841421480356841,-0.11205392256565137,-0.7771312584988899
FULL_HAND,-0.0,0.0,-0.14218679030836562,-0.10568725806536443,-0.23495743166812533,-0.2507084266659902,-0.26641612148119004,-0.4244090776167536,-0.23059789054980842,-0.5561623075751518,-0.15233785387000867,-0.40491009507477366,-0.1307482843837343,-0.6760594677735313,-0.10690070878098624,-0.8209158004515119,-0.0832119415186374,-0.9280289507536984,-0.05892398337628511,-0.40902287435665313,-0.03840000432278216,-0.7079018316483351,-0.018040984203806936,-0.8797384835424998,-0.0011046467054877508,-0.9999993898776419,0.029107748219308664,-0.39217086150383634,0.04241080675401023,-0.6558649145415536,0.05037847090595899,-0.8118621874002262,0.055901704433397745,-0.9248065929838092,0.11015338897992913,-0.35716537008060145,0.11026828207825046,-0.5696259581225499,0.11029460662112066,-0.6841421480356841,0.11205392256565137,-0.7771312584988899
FULL_HAND,0.0,0.0,0.14313438322539188,-0.10021353521699615,0.23536418074185844,-0.24481642978108648,0.2664927931759548,-0.4198100075162871,0.23468206540572473,-0.5552664565585164,0.15634499638993377,-0.40101503809517186,0.14005831965942028,-0.672992475700414,0.118589467999232,-0.8185922415730864,0.09634490154150716,-0.9256627399717453,0.06377407946433081,-0.4078501449382221,0.0477819693765304,-0.7071496110769462,0.029536495474204987,-0.8799126074522773,0.014031028496415977,-0.9999015602744766,-0.02342684619809637,-0.3930285837875831,-0.035100291954625856,-0.6583849090967554,-0.04195521768099426,-0.8150792981991422,-0.04641866482030587,-0.9280668754780551,-0.10426473723507634,-0.3592074433114165,-0.10393423728989859,-0.5715060248529807,-0.10305201914742804,-0.6854830645121326,-0.10365380935210719,-0.7786142816436926
FULL_HAND,-0.0,0.0,-0.14313438322539188,-0.10021353521699615,-0.23536418074185844,-0.24481642978108648,-0.2664927931759548,-0.4198100075162871,-0.23468206540572473,-0.5552664565585164,-0.15634499638993377,-0.40101503809517186,-0.14005831965942028,-0.672992475700414,-0.118589467999232,-0.8185922415730864,-0.09634490154150716,-0.9256627399717453,-0.06377407946433081,-0.4078501449382221,-0.0477819693765304,-0.7071496110769462,-0.029536495474204987,-0.8799126074522773,-0.014031028496415977,-0.9999015602744766,0.02342684619809637,-0.3930285837875831,0.035100291954625856,-0.6583849090967554,0.04195521768099426,-0.8150792981991422,0.04641866482030587,-0.9280668754780551,0.10426473723507634,-0.3592074433114165,0.10393423728989859,-0.5715060248529807,0.10305201914742804,-0.6854830645121326,0.10365380935210719,-0.7786142816436926
FULL_HAND,0.0,0.0,0.14342737846296563,-0.09874803781019033,0.2398441063009463,-0.23925015780573458,0.27251400719175256,-0.40784305945661603,0.24107027444963858,-0.5423460511365072,0.1658005981813422,-0.3916882816718943,0.16315143878428914,-0.6594256631149688,0.15009935847350808,-0.8085322702281225,0.1364766899849002,-0.9210121984363958,0.07265853951549743,-0.40209629712292433,0.06891691250967837,-0.6986489407027863,0.05913769964442636,-0.8742456507023822,0.05218775670840513,-0.998637290536331,-0.015930618143432645,-0.39138646140100114,-0.02021829256812364,-0.6537845813660422,-0.02314566340467024,-0.8121717579738863,-0.023621070714854343,-0.9259860200557645,-0.09895107376022713,-0.3610590536130675,-0.09282147558683931,-0.5705011357931566,-0.09080329327319316,-0.6850403132560108,-0.0913029928283174,-0.7792210362464318
FULL_HAND,-0.0,0.0,-0.14342737846296563,-0.09874803781019033,-0.2398441063009463,-0.23925015780573458,-0.27251400719175256,-0.40784305945661603,-0.24107027444963858,-0.5423460511365072,-0.1658005981813422,-0.3916882816718943,-0.16315143878428914,-0.6594256631149688,-0.15009935847350808,-0.8085322702281225,-0.1364766899849002,-0.9210121984363958,-0.07265853951549743,-0.40209629712292433,-0.06891691250967837,-0.6986489407027863,-0.05913769964442636,-0.8742456507023822,-0.05218775670840513,-0.998637290536331,0.015930618143432645,-0.39138646140100114,0.02021829256812364,-0.6537845813660422,0.02314566340467024,-0.8121717579738863,0.023621070714854343,-0.9259860200557645,0.09895107376022713,-0.3610590536130675,0.09282147558683931,-0.5705011357931566,0.09080329327319316,-0.6850403132560108,0.0913029928283174,-0.7792210362464318
FULL_HAND,0.0,0.0,0.14496423731011981,-0.08845494159664997,0.24429651919800047,-0.2225200777175572,0.3033048208922114,-0.3790218654201795,0.27725547165803943,-0.5033627297845866,0.18875247474501283,-0.3743335576674752,0.21675253304827516,-0.6397692349050209,0.2247677971382694,-0.7890430367196365,0.2275430888058876,-0.9014594471065894,0.09707730883450787,-0.3965207360973266,0.1250697249176456,-0.6892697080601587,0.13762602211150243,-0.8660055040696036,0.14633206518326686,-0.9892355264036974,0.006819969050846417,-0.3953956458600013,0.03220781289219999,-0.6582722803536237,0.05092205562746626,-0.8186343606878241,0.06890873310104058,-0.9320930274177011,-0.07707347383550561,-0.3712634576438643,-0.05524910656784032,-0.5794828690418382,-0.03960729538096874,-0.6956563373241099,-0.024029147773609646,-0.7904023156685764
FULL_HAND,-0.0,0.0,-0.14496423731011981,-0.08845494159664997,-0.24429651919800047,-0.2225200777175572,-0.3033048208922114,-0.3790218654201795,-0.27725547165803943,-0.5033627297845866,-0.18875247474501283,-0.3743335576674752,-0.21675253304827516,-0.6397692349050209,-0.2247677971382694,-0.7890430367196365,-0.2275430888058876,-0.9014594471065894,-0.09707730883450787,-0.3965207360973266,-0.1250697249176456,-0.6892697080601587,-0.13762602211150243,-0.8660055040696036,-0.14633206518326686,-0.9892355264036974,-0.006819969050846417,-0.3953956458600013,-0.03220781289219999,-0.6582722803536237,-0.05092205562746626,-0.8186343606878241,-0.06890873310104058,-0.9320930274177011,0.07707347383550561,-0.3712634576438643,0.05524910656784032,-0.5794828690418382,0.03960729538096874,-0.6956563373241099,0.024029147773609646,-0.7904023156685764
FULL_HAND,0.0,0.0,0.15758882074891298,-0.05118668024535856,0.27208261168650333,-0.16887872192435377,0.34713610906215375,-0.3219562000273306,0.33709342788664165,-0.4606389692451454,0.24568862233159278,-0.34450557906557105,0.3031867817663978,-0.6019147146830014,0.3257600648359991,-0.7479576166478636,0.3372708066648086,-0.8625606055468983,0.15699882579304994,-0.3899580081515057,0.22598287229678338,-0.671463969291897,0.26051890069729183,-0.8398591778546318,0.2817536938290409,-0.9594867669820627,0.0662858789638681,-0.41186958417116126,0.13478940010990278,-0.6653884745029598,0.1752540357430027,-0.8166455112176055,0.2036627546502319,-0.9249508743999142,-0.023037646042459493,-0.41113276956813244,0.037518056312784875,-0.6119470736631532,0.07193700928696874,-0.7257087357311349,0.09913395678623063,-0.8166438813972854
FULL_HAND,-0.0,0.0,-0.15758882074891298,-0.05118668024535856,-0.27208261168650333,-0.16887872192435377,-0.34713610906215375,-0.3219562000273306,-0.33709342788664165,-0.4606389692451454,-0.24568862233159278,-0.34450557906557105,-0.3031867817663978,-0.6019147146830014,-0.3257600648359991,-0.7479576166478636,-0.3372708066648086,-0.8625606055468983,-0.15699882579304994,-0.3899580081515057,-0.22598287229678338,-0.671463969291897,-0.26051890069729183,-0.8398591778546318,-0.2817536938290409,-0.9594867669820627,-0.0662858789638681,-0.41186958417116126,-0.13478940010990278,-0.6653884745029598,-0.1752540357430027,-0.8166455112176055,-0.2036627546502319,-0.9249508743999142,0.023037646042459493,-0.41113276956813244,-0.037518056312784875,-0.6119470736631532,-0.07193700928696874,-0.7257087357311349,-0.09913395678623063,-0.8166438813972854
FULL_HAND,0.0,0.0,0.15936924193964008,-0.04437939141177384,0.2761849246504602,-0.15588018349333385,0.3530778479392565,-0.2966921273411764,0.3496953715242857,-0.4305379789358392,0.2605698371980402,-0.3254963312404661,0.32828796059967486,-0.5797170221744028,0.3571721010224661,-0.7262354772948482,0.37340263138403323,-0.839743769265337,0.17322381286420663,-0.3761599631921328,0.2530455557166486,-0.6560029061372918,0.296331251514565,-0.8251979865388342,0.3260154403905216,-0.9453644443424843,0.08329973316472492,-0.4052000139966596,0.16424714624042494,-0.6579595062740765,0.2121748994338891,-0.8105860682954514,0.24815712985636015,-0.9190123787038741,-0.005615301649633108,-0.41106448530544676,0.06350833812933004,-0.6105289309280661,0.10371606784154619,-0.7228847022020182,0.13730088577711966,-0.8121157254105598
FULL_HAND,-0.0,0.0,-0.15936924193964008,-0.04437939141177384,-0.2761849246504602,-0.15588018349333385,-0.3530778479392565,-0.2966921273411764,-0.3496953715242857,-0.4305379789358392,-0.2605698371980402,-0.3254963312404661,-0.32828796059967486,-0.5797170221744028,-0.3571721010224661,-0.7262354772948482,-0.37340263138403323,-0.839743769265337,-0.17322381286420663,-0.3761599631921328,-0.2530455557166486,-0.6560029061372918,-0.296331251514565,-0.8251979865388342,-0.3260154403905216,-0.9453644443424843,-0.08329973316472492,-0.4052000139966596,-0.16424714624042494,-0.6579595062740765,-0.2121748994338891,-0.8105860682954514,-0.24815712985636015,-0.9190123787038741,0.005615301649633108,-0.41106448530544676,-0.06350833812933004,-0.6105289309280661,-0.10371606784154619,-0.7228847022020182,-0.13730088577711966,-0.8121157254105598
FULL_HAND,0.0,0.0,0.15795271743726752,-0.0460222423514372,0.2737444910032464,-0.15815017057909103,0.3501197394423572,-0.30586871108232305,0.3440588676067685,-0.4426158407304958,0.2527740743709168,-0.3274326200133635,0.32078631927095086,-0.5801619792110898,0.3484077680574614,-0.7262666418241153,0.36429571549620465,-0.8416179276184258,0.16644420212971442,-0.3756243812595717,0.24323394889556915,-0.6561275273748273,0.2829049040242875,-0.8274356874419555,0.3095830025996425,-0.95087242283147,0.07719611506110947,-0.40142377003807056,0.15232740204277187,-0.6548072635726647,0.196960741801605,-0.8077864009266192,0.22922044019230073,-0.9185388877613478,-0.01227701394470033,-0.405201569096449,0.05342043772739519,-0.6054441113959895,0.09140267869244498,-0.7190351120936856,0.12244060661328164,-0.8129527693795898
FULL_HAND,-0.0,0.0,-0.15795271743726752,-0.0460222423514372,-0.2737444910032464,-0.15815017057909103,-0.3501197394423572,-0.30586871108232305,-0.3440588676067685,-0.4426158407304958,-0.2527740743709168,-0.3274326200133635,-0.32078631927095086,-0.5801619792110898,-0.3484077680574614,-0.7262666418241153,-0.36429571549620465,-0.8416179276184258,-0.16644420212971442,-0.3756243812595717,-0.24323394889556915,-0.6561275273748273,-0.2829049040242875,-0.8274356874419555,-0.3095830025996425,-0.95087242283147,-0.07719611506110947,-0.40142377003807056,-0.15232740204277187,-0.6548072635726647,-0.196960741801605,-0.8077864009266192,-0.22922044019230073,-0.9185388877613478,0.01227701394470033,-0.405201569096449,-0.05342043772739519,-0.6054441113959895,-0.09140267869244498,-0.7190351120936856,-0.12244060661328164,-0.8129527693795898
FULL_HAND,0.0,0.0,0.1565210009098484,-0.04937475623973454,0.27066388562070076,-0.16206814308352469,0.34733879192637085,-0.30826545708507225,0.34532830860957675,-0.4464361206546169,0.24704953380316833,-0.3300604927740588,0.3137165545445976,-0.584140328379921,0.34057178965897267,-0.730369459663317,0.35654604137552925,-0.8458244284732488,0.1609559215789129,-0.37710171818108973,0.23613758948926553,-0.6587374937191757,0.27453650335424246,-0.8304139289265848,0.3006892550449513,-0.9537221670384475,0.07302197932774797,-0.40191247884526743,0.14609310087549357,-0.6547532849391513,0.18977526451024512,-0.8078595603020582,0.22148332678653335,-0.9185240849022722,-0.013989920492710289,-0.4043146506876729,0.04962303643701491,-0.6065103807423118,0.08636837388593133,-0.7192096962721607,0.1153676195020003,-0.811348460299023
FULL_HAND,-0.0,0.0,-0.1565210009098484,-0.04937475623973454,-0.27066388562070076,-0.16206814308352469,-0.34733879192637085,-0.30826545708507225,-0.34532830860957675,-0.4464361206546169,-0.24704953380316833,-0.3300604927740588,-0.3137165545445976,-0.584140328379921,-0.34057178965897267,-0.730369459663317,-0.35654604137552925,-0.8458244284732488,-0.1609559215789129,-0.37710171818108973,-0.23613758948926553,-0.6587374937191757,-0.27453650335424246,-0.8304139289265848,-0.3006892550449513,-0.9537221670384475,-0.07302197932774797,-0.40191247884526743,-0.14609310087549357,-0.6547532849391513,-0.18977526451024512,-0.8078595603020582,-0.22148332678653335,-0.9185240849022722,0.013989920492710289,-0.4043146506876729,-0.04962303643701491,-0.6065103807423118,-0.08636837388593133,-0.7192096962721607,-0.1153676195020003,-0.811348460299023
FULL_HAND,0.0,0.0,0.15571013402068098,-0.04857890546232722,0.27044862781448764,-0.1650993181265348,0.34437208346644665,-0.31398618890771757,0.33951669167868337,-0.4526405776519846,0.24355246760385676,-0.33564632634469077,0.3091164523954077,-0.5909424299169578,0.3355135219593727,-0.7369113721902623,0.35022182247369993,-0.8516454369677342,0.1558346753158225,-0.38087411905972224,0.23012858182657836,-0.6619026092221494,0.26842238589374534,-0.8331053762767194,0.2935675642435964,-0.9559383271027906,0.06710171282105334,-0.40327872786924535,0.14005177645021027,-0.6577845494970234,0.1823011548372708,-0.8121577155271323,0.2120581951812008,-0.9233243729088463,-0.019010065260259185,-0.40434367493120404,0.04324471717737166,-0.6039183239972222,0.07930094252943992,-0.7177887305894372,0.10746419804010957,-0.8110520479567834
FULL_HAND,-0.0,0.0,-0.15571013402068098,-0.04857890546232722,-0.27044862781448764,-0.1650993181265348,-0.34437208346644665,-0.31398618890771757,-0.33951669167868337,-0.4526405776519846,-0.24355246760385676,-0.33564632634469077,-0.3091164523954077,-0.5909424299169578,-0.3355135219593727,-0.7369113721902623,-0.35022182247369993,-0.8516454369677342,-0.1558346753158225,-0.38087411905972224,-0.23012858182657836,-0.6619026092221494,-0.26842238589374534,-0.8331053762767194,-0.2935675642435964,-0.9559383271027906,-0.06710171282105334,-0.40327872786924535,-0.14005177645021027,-0.6577845494970234,-0.1823011548372708,-0.8121577155271323,-0.2120581951812008,-0.9233243729088463,0.019010065260259185,-0.40434367493120404,-0.04324471717737166,-0.6039183239972222,-0.07930094252943992,-0.7177887305894372,-0.10746419804010957,-0.8110520479567834
FULL_HAND,0.0,0.0,0.15292938337310705,-0.06985034868832145,0.26217308966301506,-0.19369908010938414,0.3221613515821673,-0.3520331341641823,0.30266918492008404,-0.49173319063785215,0.2138619517327962,-0.3518475286631782,0.2505614659579305,-0.6193005692893229,0.2599653071013471,-0.7711629133025482,0.26232652183477057,-0.8886114594538336,0.12406522844536928,-0.384487947998604,0.1652227996609547,-0.6779932458483928,0.1828331470134788,-0.855619697108565,0.19357429630052533,-0.9810856190016018,0.03509962813343326,-0.39624441577560476,0.07598180334148597,-0.6573093841981635,0.10066432273106224,-0.8140840572291593,0.11793595286231325,-0.926325010362976,-0.05113079056028682,-0.38834105667276436,-0.013041990960405777,-0.5945385779310847,0.008197084935403198,-0.7090742841600163,0.022021938877426893,-0.8042644623271054
FULL_HAND,-0.0,0.0,-0.15292938337310705,-0.06985034868832145,-0.26217308966301506,-0.19369908010938414,-0.3221613515821673,-0.3520331341641823,-0.30266918492008404,-0.49173319063785215,-0.2138619517327962,-0.3518475286631782,-0.2505614659579305,-0.6193005692893229,-0.2599653071013471,-0.7711629133025482,-0.26232652183477057,-0.8886114594538336,-0.12406522844536928,-0.384487947998604,-0.1652227996609547,-0.6779932458483928,-0.1828331470134788,-0.855619697108565,-0.19357429630052533,-0.9810856190016018,-0.03509962813343326,-0.39624441577560476,-0.07598180334148597,-0.6573093841981635,-0.10066432273106224,-0.8140840572291593,-0.11793595286231325,-0.926325010362976,0.05113079056028682,-0.38834105667276436,0.013041990960405777,-0.5945385779310847,-0.008197084935403198,-0.7090742841600163,-0.022021938877426893,-0.8042644623271054
FULL_HAND,0.0,0.0,0.14879798518274412,-0.073182975613531,0.25730154761071833,-0.19890056038495335,0.31728827831234147,-0.35856010158965423,0.295340278780188,-0.4967867184300259,0.2083325200227449,-0.3624772211652684,0.24267404991954775,-0.6251787442089017,0.2508031273981342,-0.7747262481732725,0.25389829276035714,-0.8920173051310964,0.1199516734369635,-0.39593563764507933,0.15766517779978595,-0.6808752204854429,0.17441069516065158,-0.856388628828515,0.18605349630110293,-0.9825396157479532,0.031401428598709036,-0.405682885718933,0.06712827816457034,-0.6616746707600412,0.09181767529061922,-0.8178820297515004,0.11167555903972047,-0.9323502709256355,-0.054185143165063905,-0.3951084594163805,-0.01994790245190095,-0.596279300404993,-0.000858458613040382,-0.7084530521240437,0.012930329791252549,-0.8037873816217004
FULL_HAND,-0.0,0.0,-0.14879798518274412,-0.073182975613531,-0.25730154761071833,-0.19890056038495335,-0.31728827831234147,-0.35856010158965423,-0.295340278780188,-0.4967867184300259,-0.2083325200227449,-0.3624772211652684,-0.24267404991954775,-0.6251787442089017,-0.2508031273981342,-0.7747262481732725,-0.25389829276035714,-0.8920173051310964,-0.1199516734369635,-0.39593563764507933,-0.15766517779978595,-0.6808752204854429,-0.17441069516065158,-0.856388628828515,-0.18605349630110293,-0.9825396157479532,-0.031401428598709036,-0.405682885718933,-0.06712827816457034,-0.6616746707600412,-0.09181767529061922,-0.8178820297515004,-0.11167555903972047,-0.9323502709256355,0.054185143165063905,-0.3951084594163805,0.01994790245190095,-0.596279300404993,0.000858458613040382,-0.7084530521240437,-0.012930329791252549,-0.8037873816217004
FULL_HAND,0.0,0.0,0.1503950028120083,-0.07958820732367873,0.25566060455416506,-0.20846300403428533,0.31166565107295685,-0.3693624758953113,0.28846011201916577,-0.506073745407484,0.20287810724260036,-0.3690625774965996,0.23261847410953299,-0.6348087032735164,0.2382677612232338,-0.7840860695541269,0.23727517714254195,-0.8987646011671837,0.11309676660746243,-0.39799942391725784,0.14684310879776785,-0.6882004126503949,0.1593115774528451,-0.8635530158101428,0.16508585382753446,-0.986279200260268,0.025340719604247983,-0.404220957111602,0.058671526213026196,-0.6630019330999818,0.07894777953797642,-0.8183597299360145,0.0928720129021814,-0.9279518684378408,-0.058662616462874836,-0.3905330532904189,-0.026031951922728253,-0.5948715380915162,-0.00647896810297276,-0.7089474925595847,0.007043884176399363,-0.8030136647409177
FULL_HAND,-0.0,0.0,-0.1503950028120083,-0.07958820732367873,-0.25566060455416506,-0.20846300403428533,-0.31166565107295685,-0.3693624758953113,-0.28846011201916577,-0.506073745407484,-0.20287810724260036,-0.3690625774965996,-0.23261847410953299,-0.6348087032735164,-0.2382677612232338,-0.7840860695541269,-0.23727517714254195,-0.8987646011671837,-0.11309676660746243,-0.39799942391725784,-0.14684310879776785,-0.6882004126503949,-0.1593115774528451,-0.8635530158101428,-0.16508585382753446,-0.986279200260268,-0.025340719604247983,-0.404220957111602,-0.058671526213026196,-0.6630019330999818,-0.07894777953797642,-0.8183597299360145,-0.0928720129021814,-0.9279518684378408,0.058662616462874836,-0.3905330532904189,0.026031951922728253,-0.5948715380915162,0.00647896810297276,-0.7089474925595847,-0.007043884176399363,-0.8030136647409177
FULL_HAND,0.0,0.0,0.1503033912508638,-0.08838494796491717,0.2487136236998333,-0.2245649247665994,0.2957563688834237,-0.3852795839862935,0.27701086728595986,-0.5211493263239808,0.17599253192191594,-0.38863108131488655,0.20065941003252646,-0.6452873676365061,0.2034445358058935,-0.790593101363621,0.20139899477190681,-0.9065228822723521,0.0846710871312036,-0.41002443342760103,0.11445778631626422,-0.6872728338960834,0.12477070119775754,-0.8629178600420181,0.12885791009702371,-0.9916630672791173,-0.001230588241237162,-0.40484035584935174,0.02052061926220085,-0.6553628763246149,0.035282662086098045,-0.8098564646656167,0.04605572210892804,-0.9236958773746672,-0.0781918473350731,-0.3779928202619831,-0.06017323156319526,-0.5748622394725991,-0.054944580797527974,-0.689806838649168,-0.055456220034300535,-0.7856062379165973
FULL_HAND,-0.0,0.0,-0.1503033912508638,-0.08838494796491717,-0.2487136236998333,-0.2245649247665994,-0.2957563688834237,-0.3852795839862935,-0.27701086728595986,-0.5211493263239808,-0.17599253192191594,-0.38863108131488655,-0.20065941003252646,-0.6452873676365061,-0.2034445358058935,-0.790593101363621,-0.20139899477190681,-0.9065228822723521,-0.0846710871312036,-0.41002443342760103,-0.11445778631626422,-0.6872728338960834,-0.12477070119775754,-0.8629178600420181,-0.12885791009702371,-0.9916630672791173,0.001230588241237162,-0.40484035584935174,-0.02052061926220085,-0.6553628763246149,-0.035282662086098045,-0.8098564646656167,-0.04605572210892804,-0.9236958773746672,0.0781918473350731,-0.3779928202619831,0.06017323156319526,-0.5748622394725991,0.054944580797527974,-0.689806838649168,0.055456220034300535,-0.7856062379165973
FULL_HAND,0.0,0.0,0.14468774029479642,-0.09207601272988823,0.24515150589111678,-0.23226869810343165,0.28320497597241506,-0.40228321106687787,0.25955276708754954,-0.540903971906053,0.17234711962927612,-0.39256032532533464,0.18915388540481093,-0.6564213464313774,0.18795081671806688,-0.8034358716836522,0.18300173182482837,-0.9152832918876843,0.08109614421991014,-0.4092629331449268,0.0978117876038548,-0.696738132193234,0.1007797198332714,-0.8708292331504432,0.10091336600760357,-0.9948952168751317,-0.004996671031068907,-0.4031598844093012,0.01033783532589936,-0.6596084153566806,0.018379259824850433,-0.8163066563780025,0.023201912399757645,-0.9283813763255011,-0.08511451513015732,-0.3780275694554822,-0.07346204946725463,-0.5808727840350248,-0.07236548007568155,-0.6967802762993444,-0.07597487597422946,-0.7912943192397772
FULL_HAND,-0.0,0.0,-0.14468774029479642,-0.09207601272988823,-0.24515150589111678,-0.23226869810343165,-0.28320497597241506,-0.40228321106687787,-0.25955276708754954,-0.540903971906053,-0.17234711962927612,-0.39256032532533464,-0.18915388540481093,-0.6564213464313774,-0.18795081671806688,-0.8034358716836522,-0.18300173182482837,-0.9152832918876843,-0.08109614421991014,-0.4092629331449268,-0.0978117876038548,-0.696738132193234,-0.1007797198332714,-0.8708292331504432,-0.10091336600760357,-0.9948952168751317,0.004996671031068907,-0.4031598844093012,-0.01033783532589936,-0.6596084153566806,-0.018379259824850433,-0.8163066563780025,-0.023201912399757645,-0.9283813763255011,0.08511451513015732,-0.3780275694554822,0.07346204946725463,-0.5808727840350248,0.07236548007568155,-0.6967802762993444,0.07597487597422946,-0.7912943192397772
FULL_HAND,0.0,0.0,0.1445806066593269,-0.09186019847363514,0.24502053519254088,-0.23194200557320277,0.28302029718658167,-0.40179641371716324,0.2587030260743145,-0.5399151727071657,0.17201177422491787,-0.39174933303674836,0.1889333197975321,-0.6557221030418556,0.1877210945627768,-0.8033563049409809,0.18248026737341239,-0.915912664508375,0.08106014356346833,-0.40844118983171557,0.09785653089856582,-0.6958666393629277,0.10065563350373706,-0.8704360582383334,0.1004191742855368,-0.9949452193140138,-0.004923881986269658,-0.402373862693694,0.01053100899210753,-0.6587801275418289,0.018455651471802174,-0.8154790634896968,0.023087708487683926,-0.9273297786360664,-0.08533444290749986,-0.377239709454864,-0.07376141882164818,-0.5796247556790517,-0.07247073240664981,-0.6951321414756201,-0.07602363181846267,-0.7892344947249914
FULL_HAND,-0.0,0.0,-0.1445806066593269,-0.09186019847363514,-0.24502053519254088,-0.23194200557320277,-0.28302029718658167,-0.40179641371716324,-0.2587030260743145,-0.5399151727071657,-0.17201177422491787,-0.39174933303674836,-0.1889333197975321,-0.6557221030418556,-0.1877210945627768,-0.8033563049409809,-0.18248026737341239,-0.915912664508375,-0.08106014356346833,-0.40844118983171557,-0.09785653089856582,-0.6958666393629277,-0.10065563350373706,-0.8704360582383334,-0.1004191742855368,-0.9949452193140138,0.004923881986269658,-0.402373862693694,-0.01053100899210753,-0.6587801275418289,-0.018455651471802174,-0.8154790634896968,-0.023087708487683926,-0.9273297786360664,0.08533444290749986,-0.377239709454864,0.07376141882164818,-0.5796247556790517,0.07247073240664981,-0.6951321414756201,0.07602363181846267,-0.7892344947249914
FULL_HAND,0.0,0.0,0.14358968774625014,-0.09617244336606086,0.23963199112813235,-0.23983706209741001,0.27293137115322685,-0.41241046941851367,0.25104637317675915,-0.5533303404140486,0.16559226393236187,-0.40076306645226967,0.17669925935812655,-0.6668352062386133,0.1731325947145122,-0.8117756616005709,0.16648842092766158,-0.9198758867404885,0.0728376909905528,-0.41506678226160415,0.08407225123671654,-0.7042990029485519,0.08489328882029923,-0.8759837275302039,0.0838057531899646,-0.996482110091427,-0.013389218623214239,-0.40562874420050893,-0.002353636885678869,-0.6631935478010272,0.003914751415968631,-0.817173204882606,0.006770608047541564,-0.9255721490209567,-0.09175434164449005,-0.3755931644349991,-0.08034454464356838,-0.5786891715203197,-0.07929808601596194,-0.6931322134760024,-0.08318262636417482,-0.7858643636502672
FULL_HAND,-0.0,0.0,-0.14358968774625014,-0.09617244336606086,-0.23963199112813235,-0.23983706209741001,-0.27293137115322685,-0.41241046941851367,-0.25104637317675915,-0.5533303404140486,-0.16559226393236187,-0.40076306645226967,-0.17669925935812655,-0.6668352062386133,-0.1731325947145122,-0.8117756616005709,-0.16648842092766158,-0.9198758867404885,-0.0728376909905528,-0.41506678226160415,-0.08407225123671654,-0.7042990029485519,-0.08489328882029923,-0.8759837275302039,-0.0838057531899646,-0.996482110091427,0.013389218623214239,-0.40562874420050893,0.002353636885678869,-0.6631935478010272,-0.003914751415968631,-0.817173204882606,-0.006770608047541564,-0.9255721490209567,0.09175434164449005,-0.3755931644349991,0.08034454464356838,-0.5786891715203197,0.07929808601596194,-0.6931322134760024,0.08318262636417482,-0.7858643636502672
FULL_HAND,0.0,0.0,0.14661695176303471,-0.09212909717143114,0.24596837118234363,-0.23472588513343642,0.2791845997563987,-0.40908864277759216,0.2550930329375384,-0.5496488807901507,0.16855227599440334,-0.4028989865154739,0.17469863243036446,-0.668947509436014,0.16640826893611854,-0.8140781930812916,0.15296097856203825,-0.9237856883455118,0.07530765357983729,-0.4161661039672429,0.08632837858643454,-0.7050497379897935,0.08354476399359712,-0.8764225887507526,0.07654686544205358,-0.9970659844719386,-0.010623355591731958,-0.40641673286072677,0.0035294113057402973,-0.6651162672776615,0.010372749130825374,-0.8182997676403023,0.012621994419594593,-0.9265485722748743,-0.08984631512126057,-0.3777659415939641,-0.07231888783407962,-0.5818534276280187,-0.06435476285433543,-0.6952925691107776,-0.061846986539111096,-0.7870159919226486
FULL_HAND,-0.0,0.0,-0.14661695176303471,-0.09212909717143114,-0.24596837118234363,-0.23472588513343642,-0.2791845997563987,-0.40908864277759216,-0.2550930329375384,-0.5496488807901507,-0.16855227599440334,-0.4028989865154739,-0.17469863243036446,-0.668947509436014,-0.16640826893611854,-0.8140781930812916,-0.15296097856203825,-0.9237856883455118,-0.07530765357983729,-0.4161661039672429,-0.08632837858643454,-0.7050497379897935,-0.08354476399359712,-0.8764225887507526,-0.07654686544205358,-0.9970659844719386,0.010623355591731958,-0.40641673286072677,-0.0035294113057402973,-0.6651162672776615,-0.010372749130825374,-0.8182997676403023,-0.012621994419594593,-0.9265485722748743,0.08984631512126057,-0.3777659415939641,0.07231888783407962,-0.5818534276280187,0.06435476285433543,-0.6952925691107776,0.061846986539111096,-0.7870159919226486
FULL_HAND,0.0,0.0,0.14792759760831597,-0.09165355188646203,0.24875948873439402,-0.2333862834542778,0.28072655254039924,-0.4085589174082657,0.2563738342414866,-0.5486963385257101,0.17098413410664615,-0.4028801102233368,0.17631356614317006,-0.666627602256042,0.16788333438042052,-0.8111962436648382,0.15486593396462198,-0.9220146105101701,0.07677938136377664,-0.4171713324302199,0.08788258710284137,-0.7036043245536492,0.08585341624090521,-0.8748874602645758,0.0798430838015171,-0.996807444780116,-0.009039160885042322,-0.40785216324441953,0.0042839110242334335,-0.6644421654186374,0.011323566173576891,-0.8178735015011542,0.014415980896240809,-0.9270687349297508,-0.08723497262320704,-0.37971945993078193,-0.06989967650964841,-0.5838485602755922,-0.06121351157000365,-0.697183190462491,-0.05739325312908076,-0.7887690270929167
FULL_HAND,-0.0,0.0,-0.14792759760831597,-0.09165355188646203,-0.24875948873439402,-0.2333862834542778,-0.28072655254039924,-0.4085589174082657,-0.2563738342414866,-0.5486963385257101,-0.17098413410664615,-0.4028801102233368,-0.17631356614317006,-0.666627602256042,-0.16788333438042052,-0.8111962436648382,-0.15486593396462198,-0.9220146105101701,-0.07677938136377664,-0.4171713324302199,-0.08788258710284137,-0.7036043245536492,-0.08585341624090521,-0.8748874602645758,-0.0798430838015171,-0.996807444780116,0.009039160885042322,-0.40785216324441953,-0.0042839110242334335,-0.6644421654186374,-0.011323566173576891,-0.8178735015011542,-0.014415980896240809,-0.9270687349297508,0.08723497262320704,-0.37971945993078193,0.06989967650964841,-0.5838485602755922,0.06121351157000365,-0.697183190462491,0.05739325312908076,-0.7887690270929167
FULL_HAND,0.0,0.0,0.15083516954487475,-0.08371190870674677,0.25529318987458294,-0.22031800139838156,0.29639117471127463,-0.3906744685358584,0.27174216652649025,-0.5285487478518245,0.18886522802087763,-0.39019068259781003,0.19896104315459046,-0.6572686711883998,0.19363665918474982,-0.8046152447937536,0.1835167057057868,-0.9164066090516833,0.09563032813076128,-0.4085332774053329,0.11053897264579383,-0.6996278367972394,0.11230126291775272,-0.8719493817826027,0.10985316340660145,-0.9939478268448312,0.0068048479153297705,-0.40368178845787367,0.023517626746725872,-0.663754816518949,0.035190968723450976,-0.816678048462312,0.042842442030365475,-0.9265885324776869,-0.07686107692526759,-0.3789111332033589,-0.05542909237354849,-0.5857646509799738,-0.04507068516208768,-0.698273287122356,-0.03965987445212965,-0.7896873023404339
FULL_HAND,-0.0,0.0,-0.15083516954487475,-0.08371190870674677,-0.25529318987458294,-0.22031800139838156,-0.29639117471127463,-0.3906744685358584,-0.27174216652649025,-0.5285487478518245,-0.18886522802087763,-0.39019068259781003,-0.19896104315459046,-0.6572686711883998,-0.19363665918474982,-0.8046152447937536,-0.1835167057057868,-0.9164066090516833,-0.09563032813076128,-0.4085332774053329,-0.11053897264579383,-0.6996278367972394,-0.11230126291775272,-0.8719493817826027,-0.10985316340660145,-0.9939478268448312,-0.0068048479153297705,-0.40368178845787367,-0.023517626746725872,-0.663754816518949,-0.035190968723450976,-0.816678048462312,-0.042842442030365475,-0.9265885324776869,0.07686107692526759,-0.3789111332033589,0.05542909237354849,-0.5857646509799738,0.04507068516208768,-0.698273287122356,0.03965987445212965,-0.7896873023404339
FULL_HAND,0.0,0.0,0.1511110353209572,-0.08289362204481913,0.2552002412527672,-0.21761751885487438,0.2975937030107609,-0.3861760230744637,0.27458899412148347,-0.524284438406989,0.19083506435041764,-0.38648392670628534,0.20281902799400256,-0.653006572102312,0.19817613179744023,-0.8004024365941927,0.18856287318661458,-0.9123972849270692,0.09830970437912132,-0.40589753106846405,0.1155588073825008,-0.6968730264830684,0.11798246521286844,-0.8701719849415046,0.11588276890240587,-0.9932628976617981,0.009871013203275691,-0.4024141163463692,0.028473439330129562,-0.6619694225239814,0.04048193585828634,-0.8149707006707575,0.0481556947088149,-0.9251130931922334,-0.07409861478668839,-0.3787319175122392,-0.05170888477793888,-0.5869937411834036,-0.040272992147867635,-0.6998464758149586,-0.0340029603472975,-0.791184507894754
FULL_HAND,-0.0,0.0,-0.1511110353209572,-0.08289362204481913,-0.2552002412527672,-0.21761751885487438,-0.2975937030107609,-0.3861760230744637,-0.27458899412148347,-0.524284438406989,-0.19083506435041764,-0.38648392670628534,-0.20281902799400256,-0.653006572102312,-0.19817613179744023,-0.8004024365941927,-0.18856287318661458,-0.9123972849270692,-0.09830970437912132,-0.40589753106846405,-0.1155588073825008,-0.6968730264830684,-0.11798246521286844,-0.8701719849415046,-0.11588276890240587,-0.9932628976617981,-0.009871013203275691,-0.4024141163463692,-0.028473439330129562,-0.6619694225239814,-0.04048193585828634,-0.8149707006707575,-0.0481556947088149,-0.9251130931922334,0.07409861478668839,-0.3787319175122392,0.05170888477793888,-0.5869937411834036,0.040272992147867635,-0.6998464758149586,0.0340029603472975,-0.791184507894754
FULL_HAND,0.0,0.0,0.16120425103963718,-0.04526551422012115,0.2817036925275556,-0.15920689600520355,0.36028168135233946,-0.3023344542164447,0.3539708879713898,-0.43982354479380653,0.26289308939095474,-0.31602982646947436,0.33151864190543023,-0.5735955530117006,0.3581208521222565,-0.7243292354161328,0.37281642659100256,-0.843215744765226,0.17720940893703357,-0.3645912085157479,0.2546474536140537,-0.648564713070486,0.2929164578758544,-0.8229415636515184,0.31700662787778433,-0.9484233220885893,0.08721772601820356,-0.3934206054930079,0.16301850967164447,-0.6477893707378363,0.2074922413318162,-0.8011014508875157,0.23862022073403313,-0.9123467016866886,-0.004054438475306856,-0.4017088665366577,0.06669375951552327,-0.6052883337711487,0.10598119608379608,-0.718912047938408,0.13488364600655708,-0.8127905187888316
FULL_HAND,-0.0,0.0,-0.16120425103963718,-0.04526551422012115,-0.2817036925275556,-0.15920689600520355,-0.36028168135233946,-0.3023344542164447,-0.3539708879713898,-0.43982354479380653,-0.26289308939095474,-0.31602982646947436,-0.33151864190543023,-0.5735955530117006,-0.3581208521222565,-0.7243292354161328,-0.37281642659100256,-0.843215744765226,-0.17720940893703357,-0.3645912085157479,-0.2546474536140537,-0.648564713070486,-0.2929164578758544,-0.8229415636515184,-0.31700662787778433,-0.9484233220885893,-0.08721772601820356,-0.3934206054930079,-0.16301850967164447,-0.6477893707378363,-0.2074922413318162,-0.8011014508875157,-0.23862022073403313,-0.9123467016866886,0.004054438475306856,-0.4017088665366577,-0.06669375951552327,-0.6052883337711487,-0.10598119608379608,-0.718912047938408,-0.13488364600655708,-0.8127905187888316
FULL_HAND,0.0,0.0,0.14991402848238652,-0.09888456780576894,0.2406873685065467,-0.25450841900633714,0.2562811008759439,-0.43849149669180126,0.2201593657061329,-0.5709697608616836,0.1459847625505827,-0.43495400786935884,0.11069332304097441,-0.6900237052178155,0.07713195194005841,-0.8190598051626216,0.04279591765548377,-0.9158030306805891,0.04736984713683003,-0.4364303007343636,0.012902543070272908,-0.7173425535854221,-0.016761823854643396,-0.8814809680225438,-0.04588796562121351,-0.998946592471863,-0.0382449778505176,-0.4126339534443771,-0.05736387860805409,-0.6631657935108906,-0.0717293779907356,-0.8091629400031698,-0.0875635493512241,-0.9161753110202028,-0.11068157417321112,-0.36990656026628044,-0.11388704634340177,-0.5755809691829059,-0.11699058914732155,-0.6828621034884488,-0.1218024173240265,-0.769590911661938
FULL_HAND,-0.0,0.0,-0.14991402848238652,-0.09888456780576894,-0.2406873685065467,-0.25450841900633714,-0.2562811008759439,-0.43849149669180126,-0.2201593657061329,-0.5709697608616836,-0.1459847625505827,-0.43495400786935884,-0.11069332304097441,-0.6900237052178155,-0.07713195194005841,-0.8190598051626216,-0.04279591765548377,-0.9158030306805891,-0.04736984713683003,-0.4364303007343636,-0.012902543070272908,-0.7173425535854221,0.016761823854643396,-0.8814809680225438,0.04588796562121351,-0.998946592471863,0.0382449778505176,-0.4126339534443771,0.05736387860805409,-0.6631657935108906,0.0717293779907356,-0.8091629400031698,0.0875635493512241,-0.9161753110202028,0.11068157417321112,-0.36990656026628044,0.11388704634340177,-0.5755809691829059,0.11699058914732155,-0.6828621034884488,0.1218024173240265,-0.769590911661938
FULL_HAND,0.0,0.0,0.15175335409009577,-0.09965051403887348,0.2437921498133042,-0.2558398132836592,0.25967908224334124,-0.43965838349064207,0.22133873043496954,-0.5712685488352356,0.14699595074688818,-0.4312345402197533,0.11288746482829685,-0.6886462656254112,0.08002295413636402,-0.8184397888736219,0.04599576963672205,-0.9151957818476981,0.04823708461364818,-0.431186013435318,0.01400988592004411,-0.7147679033999665,-0.015544704269647165,-0.880367079687336,-0.04487984414490877,-0.9989923921579826,-0.03722836435403878,-0.4089288607636657,-0.05533596882259686,-0.6610884509884625,-0.06981930847455378,-0.8069884204978734,-0.08600724670490406,-0.9136384785744168,-0.1093836277385144,-0.36923776209953096,-0.11160385515990055,-0.5761928741542236,-0.11408577152352989,-0.6833607841594342,-0.1191366221757578,-0.7684610754259182
FULL_HAND,-0.0,0.0,-0.15175335409009577,-0.09965051403887348,-0.2437921498133042,-0.2558398132836592,-0.25967908224334124,-0.43965838349064207,-0.22133873043496954,-0.5712685488352356,-0.14699595074688818,-0.4312345402197533,-0.11288746482829685,-0.6886462656254112,-0.08002295413636402,-0.8184397888736219,-0.04599576963672205,-0.9151957818476981,-0.04823708461364818,-0.431186013435318,-0.01400988592004411,-0.7147679033999665,0.015544704269647165,-0.880367079687336,0.04487984414490877,-0.9989923921579826,0.03722836435403878,-0.4089288607636657,0.05533596882259686,-0.6610884509884625,0.06981930847455378,-0.8069884204978734,0.08600724670490406,-0.9136384785744168,0.1093836277385144,-0.36923776209953096,0.11160385515990055,-0.5761928741542236,0.11408577152352989,-0.6833607841594342,0.1191366221757578,-0.7684610754259182
FULL_HAND,0.0,0.0,0.15143619482869466,-0.09969534814185316,0.24173810186962003,-0.25637342424216475,0.25676841865588723,-0.44031460530502126,0.21901686241308319,-0.5716115974679401,0.14621319522780105,-0.43317948805617823,0.11170542130943106,-0.688962828407583,0.07848166436155929,-0.8180067557072428,0.04420262477644853,-0.9146269893349489,0.04767659874429833,-0.43335423855233585,0.01308208319096105,-0.7161927954043954,-0.016656104669120087,-0.8807831785961423,-0.04596552653663466,-0.9989430265887088,-0.03761691345660574,-0.4096491246562285,-0.05621618281613981,-0.6614009115016447,-0.07075354860164332,-0.8073641463569505,-0.08673327127421426,-0.9140347511596099,-0.10969794488819766,-0.367353041732348,-0.1130979762059329,-0.5741233032033223,-0.11582023157827366,-0.681149301600234,-0.12027693948209323,-0.7666583056203665
FULL_HAND,-0.0,0.0,-0.15143619482869466,-0.09969534814185316,-0.24173810186962003,-0.25637342424216475,-0.25676841865588723,-0.44031460530502126,-0.21901686241308319,-0.5716115974679401,-0.14621319522780105,-0.43317948805617823,-0.11170542130943106,-0.688962828407583,-0.07848166436155929,-0.8180067557072428,-0.04420262477644853,-0.9146269893349489,-0.04767659874429833,-0.43335423855233585,-0.01308208319096105,-0.7161927954043954,0.016656104669120087,-0.8807831785961423,0.04596552653663466,-0.9989430265887088,0.03761691345660574,-0.4096491246562285,0.05621618281613981,-0.6614009115016447,0.07075354860164332,-0.8073641463569505,0.08673327127421426,-0.9140347511596099,0.10969794488819766,-0.367353041732348,0.1130979762059329,-0.5741233032033223,0.11582023157827366,-0.681149301600234,0.12027693948209323,-0.7666583056203665
FULL_HAND,0.0,0.0,0.15007011456255095,-0.10077773526776851,0.24081314381991373,-0.2558374948858006,0.2560232899733182,-0.4391580980168045,0.2193421397122656,-0.570951530209603,0.14691545694446242,-0.4323037332491152,0.11211781466289504,-0.6867122443991533,0.07890028463737596,-0.8156392322590965,0.0445562809573028,-0.9127469293919207,0.048989932473733254,-0.4334920120791901,0.013696140763701374,-0.7150214186737401,-0.016405636641626104,-0.8797119681858009,-0.04581307053977182,-0.9989500300654272,-0.03635219743330611,-0.4105624817414415,-0.055628390318134345,-0.6617170800836345,-0.07017050919057675,-0.8076303063261764,-0.08601559756169105,-0.9148849962519543,-0.109066903705865,-0.36847866084560843,-0.11183080332068626,-0.5751430850968439,-0.11448602198203282,-0.6815950668627613,-0.11924887936684646,-0.7671036975087676
FULL_HAND,-0.0,0.0,-0.15007011456255095,-0.10077773526776851,-0.24081314381991373,-0.2558374948858006,-0.2560232899733182,-0.4391580980168045,-0.2193421397122656,-0.570951530209603,-0.14691545694446242,-0.4323037332491152,-0.11211781466289504,-0.6867122443991533,-0.07890028463737596,-0.8156392322590965,-0.0445562809573028,-0.9127469293919207,-0.048989932473733254,-0.4334920120791901,-0.013696140763701374,-0.7150214186737401,0.016405636641626104,-0.8797119681858009,0.04581307053977182,-0.9989500300654272,0.03635219743330611,-0.4105624817414415,0.055628390318134345,-0.6617170800836345,0.07017050919057675,-0.8076303063261764,0.08601559756169105,-0.9148849962519543,0.109066903705865,-0.36847866084560843,0.11183080332068626,-0.5751430850968439,0.11448602198203282,-0.6815950668627613,0.11924887936684646,-0.7671036975087676
FULL_HAND,0.0,0.0,0.1532272102832232,-0.09838483262887644,0.24347794023753827,-0.25343353093675813,0.2585211660349479,-0.4372621459086041,0.2226454240426972,-0.5687796440371966,0.14997862995932051,-0.4329965332244394,0.11656508671915418,-0.6867354846168328,0.08400451381293594,-0.8157109408966539,0.050328801103584384,-0.9124370791698119,0.05136904440378889,-0.4355127005827832,0.018913301234523533,-0.7176621595539924,-0.00921284062106374,-0.8822459880916459,-0.036878695585662515,-0.9993197495356029,-0.03389494828143026,-0.4130584626496729,-0.053012518471020474,-0.6645556558015658,-0.06730728658209138,-0.8120327045123423,-0.08293585930755608,-0.9198372468499657,-0.10601533400813061,-0.37049353070320834,-0.11083027227093172,-0.5765352688713861,-0.11499479687239665,-0.6841027552158274,-0.12055311939204086,-0.7705624918152914
FULL_HAND,-0.0,0.0,-0.1532272102832232,-0.09838483262887644,-0.24347794023753827,-0.25343353093675813,-0.2585211660349479,-0.4372621459086041,-0.2226454240426972,-0.5687796440371966,-0.14997862995932051,-0.4329965332244394,-0.11656508671915418,-0.6867354846168328,-0.08400451381293594,-0.8157109408966539,-0.050328801103584384,-0.9124370791698119,-0.05136904440378889,-0.4355127005827832,-0.018913301234523533,-0.7176621595539924,0.00921284062106374,-0.8822459880916459,0.036878695585662515,-0.9993197495356029,0.03389494828143026,-0.4130584626496729,0.053012518471020474,-0.6645556558015658,0.06730728658209138,-0.8120327045123423,0.08293585930755608,-0.9198372468499657,0.10601533400813061,-0.37049353070320834,0.11083027227093172,-0.5765352688713861,0.11499479687239665,-0.6841027552158274,0.12055311939204086,-0.7705624918152914
FULL_HAND,0.0,0.0,0.1516807629184315,-0.09954663202187897,0.2418606856519749,-0.2551428173773735,0.2598528352386594,-0.4395357820860802,0.22018061871156663,-0.5696481795890715,0.15120694650630653,-0.432273668366199,0.1198948002705055,-0.6883104765925552,0.0877377613701428,-0.817934101038553,0.05432979160654876,-0.9148662862941144,0.05360549872402902,-0.43498202014333737,0.02144328495075819,-0.7180774815078358,-0.006447323669675352,-0.8821243605387205,-0.03352787535536782,-0.9994377827429554,-0.03205410941605585,-0.41302566547619984,-0.04983920097820886,-0.6649114683317607,-0.06274299900745808,-0.8129226783844716,-0.07712952434129922,-0.9218233349452406,-0.10498138452312797,-0.3709810852617601,-0.10790203230591211,-0.5782900911292378,-0.11091305103996994,-0.685804954590133,-0.11567607979446107,-0.7721280193019641
FULL_HAND,-0.0,0.0,-0.1516807629184315,-0.09954663202187897,-0.2418606856519749,-0.2551428173773735,-0.2598528352386594,-0.4395357820860802,-0.22018061871156663,-0.5696481795890715,-0.15120694650630653,-0.432273668366199,-0.1198948002705055,-0.6883104765925552,-0.0877377613701428,-0.817934101038553,-0.05432979160654876,-0.9148662862941144,-0.05360549872402902,-0.43498202014333737,-0.02144328495075819,-0.7180774815078358,0.006447323669675352,-0.8821243605387205,0.03352787535536782,-0.9994377827429554,0.03205410941605585,-0.41302566547619984,0.04983920097820886,-0.6649114683317607,0.06274299900745808,-0.8129226783844716,0.07712952434129922,-0.9218233349452406,0.10498138452312797,-0.3709810852617601,0.10790203230591211,-0.5782900911292378,0.11091305103996994,-0.685804954590133,0.11567607979446107,-0.7721280193019641
FULL_HAND,0.0,0.0,0.1525352148440473,-0.0817011646938309,0.25561748516527394,-0.2172932566441339,0.30070484303999245,-0.38430935730212856,0.27355720949200457,-0.5198207096463846,0.19554234051590955,-0.3819116862347983,0.20664859319317339,-0.6493553415344334,0.20161950412272367,-0.796842469753667,0.19299711749762394,-0.9081363045868722,0.10195454725457263,-0.4013780180888997,0.11860718727314332,-0.6975337170298407,0.12141272813095703,-0.8702659635808069,0.12003039932726953,-0.9927702167356433,0.012430176837467463,-0.3987634154886294,0.03537588510096188,-0.6624688527006622,0.047556526494621325,-0.8185578938293128,0.05413237590349005,-0.9320802188065256,-0.0709212720298808,-0.37428750556585755,-0.041758678281699296,-0.5841479048841556,-0.028606594378400418,-0.698583267727524,-0.02241839776804003,-0.7913401747091442
FULL_HAND,-0.0,0.0,-0.1525352148440473,-0.0817011646938309,-0.25561748516527394,-0.2172932566441339,-0.30070484303999245,-0.38430935730212856,-0.27355720949200457,-0.5198207096463846,-0.19554234051590955,-0.3819116862347983,-0.20664859319317339,-0.6493553415344334,-0.20161950412272367,-0.796842469753667,-0.19299711749762394,-0.9081363045868722,-0.10195454725457263,-0.4013780180888997,-0.11860718727314332,-0.6975337170298407,-0.12141272813095703,-0.8702659635808069,-0.12003039932726953,-0.9927702167356433,-0.012430176837467463,-0.3987634154886294,-0.03537588510096188,-0.6624688527006622,-0.047556526494621325,-0.8185578938293128,-0.05413237590349005,-0.9320802188065256,0.0709212720298808,-0.37428750556585755,0.041758678281699296,-0.5841479048841556,0.028606594378400418,-0.698583267727524,0.02241839776804003,-0.7913401747091442
FULL_HAND,0.0,0.0,0.15830029712375104,-0.07291082419222615,0.2729486335491739,-0.19859140761921876,0.334945807230013,-0.363443434455077,0.3190805551524578,-0.5010079672947619,0.22747361499952992,-0.3624575516051731,0.2507049241371504,-0.6434272963249982,0.2513939195595145,-0.7914886750847377,0.24644799688986962,-0.9006373303958208,0.13311630601998814,-0.3923120388972046,0.1623618307104246,-0.7027086367941262,0.17254904470260254,-0.871941073859805,0.17643677764219323,-0.9843119746783737,0.03949718755478494,-0.4030670765080244,0.07311988682469739,-0.6815035711427281,0.09456406043319543,-0.835068394936596,0.110718011761908,-0.9426732488312088,-0.052262950736908995,-0.39237133714229594,-0.013378753838229708,-0.6207446610386738,0.009560752465249754,-0.7349997668967037,0.029531318459651724,-0.8232569505050956
FULL_HAND,-0.0,0.0,-0.15830029712375104,-0.07291082419222615,-0.2729486335491739,-0.19859140761921876,-0.334945807230013,-0.363443434455077,-0.3190805551524578,-0.5010079672947619,-0.22747361499952992,-0.3624575516051731,-0.2507049241371504,-0.6434272963249982,-0.2513939195595145,-0.7914886750847377,-0.24644799688986962,-0.9006373303958208,-0.13311630601998814,-0.3923120388972046,-0.1623618307104246,-0.7027086367941262,-0.17254904470260254,-0.871941073859805,-0.17643677764219323,-0.9843119746783737,-0.03949718755478494,-0.4030670765080244,-0.07311988682469739,-0.6815035711427281,-0.09456406043319543,-0.835068394936596,-0.110718011761908,-0.9426732488312088,0.052262950736908995,-0.39237133714229594,0.013378753838229708,-0.6207446610386738,-0.009560752465249754,-0.7349997668967037,-0.029531318459651724,-0.8232569505050956
FULL_HAND,0.0,0.0,0.16183405225743025,-0.07054013618743285,0.28208583181222535,-0.19437572448623985,0.34888053808500546,-0.3612475729593803,0.33228783327525513,-0.5021181800593972,0.23744307596371486,-0.3612167496847142,0.26137500349283693,-0.6518560402168019,0.26222116938954215,-0.8019554037803456,0.25703294219203726,-0.9100791628536664,0.1397665978100173,-0.3919085563837217,0.1711579588297092,-0.7102280186585754,0.18186743860535132,-0.8771153457761679,0.18562814614309947,-0.9826200646025279,0.043235338324405626,-0.40457786037118154,0.08053511905488939,-0.6912369950513217,0.1031122296481956,-0.843777628975545,0.11999273003336161,-0.9461587439500828,-0.050964944518136296,-0.3961546634903432,-0.007231341258040142,-0.6326265382735983,0.017826774917417448,-0.7461293608188788,0.03911647773646032,-0.8291818703214495
FULL_HAND,-0.0,0.0,-0.16183405225743025,-0.07054013618743285,-0.28208583181222535,-0.19437572448623985,-0.34888053808500546,-0.3612475729593803,-0.33228783327525513,-0.5021181800593972,-0.23744307596371486,-0.3612167496847142,-0.26137500349283693,-0.6518560402168019,-0.26222116938954215,-0.8019554037803456,-0.25703294219203726,-0.9100791628536664,-0.1397665978100173,-0.3919085563837217,-0.1711579588297092,-0.7102280186585754,-0.18186743860535132,-0.8771153457761679,-0.18562814614309947,-0.9826200646025279,-0.043235338324405626,-0.40457786037118154,-0.08053511905488939,-0.6912369950513217,-0.1031122296481956,-0.843777628975545,-0.11999273003336161,-0.9461587439500828,0.050964944518136296,-0.3961546634903432,0.007231341258040142,-0.6326265382735983,-0.017826774917417448,-0.7461293608188788,-0.03911647773646032,-0.8291818703214495
FULL_HAND,0.0,0.0,0.16407588383049884,-0.06851430712374676,0.28635886351435325,-0.19163318175018362,0.3534981691908207,-0.3590998120507776,0.3333430397554143,-0.5006048259662901,0.24318542897298961,-0.36047262922252504,0.27159534519479733,-0.6502722045097638,0.2739703352839869,-0.8004060623965012,0.2700551579104244,-0.9080961702867231,0.1437651247634504,-0.3935313663621446,0.18045822335357312,-0.709300339516047,0.1937910411997884,-0.8751930627787455,0.19946653987616486,-0.9799046379468923,0.04596145748189782,-0.40744643015481,0.08707744098950991,-0.6941855623875306,0.11187517980918449,-0.8482881123983602,0.1300841880043517,-0.9519161503855047,-0.04899691788502074,-0.39998685617921104,-0.004888135605766551,-0.6372506459268324,0.020455194286589873,-0.7538866590334448,0.04276244944833005,-0.839775512840594
FULL_HAND,-0.0,0.0,-0.16407588383049884,-0.06851430712374676,-0.28635886351435325,-0.19163318175018362,-0.3534981691908207,-0.3590998120507776,-0.3333430397554143,-0.5006048259662901,-0.24318542897298961,-0.36047262922252504,-0.27159534519479733,-0.6502722045097638,-0.2739703352839869,-0.8004060623965012,-0.2700551579104244,-0.9080961702867231,-0.1437651247634504,-0.3935313663621446,-0.18045822335357312,-0.709300339516047,-0.1937910411997884,-0.8751930627787455,-0.19946653987616486,-0.9799046379468923,-0.04596145748189782,-0.40744643015481,-0.08707744098950991,-0.6941855623875306,-0.11187517980918449,-0.8482881123983602,-0.1300841880043517,-0.9519161503855047,0.04899691788502074,-0.39998685617921104,0.004888135605766551,-0.6372506459268324,-0.020455194286589873,-0.7538866590334448,-0.04276244944833005,-0.839775512840594
FULL_HAND,0.0,0.0,0.16419051603447787,-0.08073120410576273,0.2858467740068882,-0.2102531708309792,0.34926127180192745,-0.38055249109442507,0.33131056218213467,-0.5251272673585995,0.23499690329514716,-0.37546265081207975,0.252849847360422,-0.6767882228644843,0.2513902370873742,-0.8261170420831473,0.24614855862315552,-0.9276245486537357,0.13297791595762928,-0.40285902787347466,0.15959960269247767,-0.7287813333927231,0.16915018926575762,-0.8902018020048211,0.17539652452227925,-0.9844978716002922,0.03254814487934951,-0.4129433274093672,0.06637334354795171,-0.7069699363661104,0.08805218899777885,-0.8556435720766622,0.10663283420629525,-0.9497456534915043,-0.06502580598374164,-0.40242111673831654,-0.024796963494210414,-0.6469581567734415,-0.001745122161457244,-0.7642114581370713,0.018932923817084484,-0.8489485251861332
FULL_HAND,-0.0,0.0,-0.16419051603447787,-0.08073120410576273,-0.2858467740068882,-0.2102531708309792,-0.34926127180192745,-0.38055249109442507,-0.33131056218213467,-0.5251272673585995,-0.23499690329514716,-0.37546265081207975,-0.252849847360422,-0.6767882228644843,-0.2513902370873742,-0.8261170420831473,-0.24614855862315552,-0.9276245486537357,-0.13297791595762928,-0.40285902787347466,-0.15959960269247767,-0.7287813333927231,-0.16915018926575762,-0.8902018020048211,-0.17539652452227925,-0.9844978716002922,-0.03254814487934951,-0.4129433274093672,-0.06637334354795171,-0.7069699363661104,-0.08805218899777885,-0.8556435720766622,-0.10663283420629525,-0.9497456534915043,0.06502580598374164,-0.40242111673831654,0.024796963494210414,-0.6469581567734415,0.001745122161457244,-0.7642114581370713,-0.018932923817084484,-0.8489485251861332
FULL_HAND,0.0,0.0,0.1639337054609676,-0.07991245958878887,0.2864426629937428,-0.20918077938873145,0.3501668082891989,-0.3811612816771346,0.3313561252610423,-0.5264261761250533,0.23386316693611828,-0.3750717196894425,0.2526781681110283,-0.6730944682678276,0.2520417289975995,-0.8225692075626714,0.24706715429015264,-0.9256557678264009,0.13229471384632258,-0.40377151596311495,0.16029065219919056,-0.7265589754673146,0.17050383539379638,-0.8882875705353879,0.17661366481221819,-0.984280251453618,0.032687465505382256,-0.4141956615208829,0.06695105457575608,-0.7059619726338153,0.08893258062394678,-0.8552312517202312,0.10666532885690347,-0.9502272765087649,-0.0637120962730635,-0.4037889278451851,-0.023215610601795906,-0.6456844745703848,0.0002603424607131464,-0.763069184857438,0.020660242789178104,-0.8486587537714408
FULL_HAND,-0.0,0.0,-0.1639337054609676,-0.07991245958878887,-0.2864426629937428,-0.20918077938873145,-0.3501668082891989,-0.3811612816771346,-0.3313561252610423,-0.5264261761250533,-0.23386316693611828,-0.3750717196894425,-0.2526781681110283,-0.6730944682678276,-0.2520417289975995,-0.8225692075626714,-0.24706715429015264,-0.9256557678264009,-0.13229471384632258,-0.40377151596311495,-0.16029065219919056,-0.7265589754673146,-0.17050383539379638,-0.8882875705353879,-0.17661366481221819,-0.984280251453618,-0.032687465505382256,-0.4141956615208829,-0.06695105457575608,-0.7059619726338153,-0.08893258062394678,-0.8552312517202312,-0.10666532885690347,-0.9502272765087649,0.0637120962730635,-0.4037889278451851,0.023215610601795906,-0.6456844745703848,-0.0002603424607131464,-0.763069184857438,-0.020660242789178104,-0.8486587537714408
FULL_HAND,0.0,0.0,0.15724907217889247,-0.08901922136258317,0.275777762275036,-0.22652972547350622,0.32808473062701937,-0.3944453975965799,0.29399621215622457,-0.5273635650409775,0.22209022187807226,-0.36477989090446084,0.24548690191588177,-0.6495999093257246,0.24591021413550623,-0.8017727068305461,0.24022647974942524,-0.9102062017105126,0.12047699460223851,-0.39170081209186636,0.1496141622416938,-0.7066871676404863,0.1604751252570622,-0.8774973872943425,0.16571718608907127,-0.986173318557504,0.02299980813978932,-0.40114788558629344,0.05622494328062132,-0.685639069199726,0.07760047439094617,-0.8418558337717392,0.09417147857702207,-0.9470700191909148,-0.07027864189819846,-0.38913756980300457,-0.031872605861189555,-0.6213439522027684,-0.009741856372919522,-0.7412481399387358,0.008304597880863282,-0.8329071870469489
FULL_HAND,-0.0,0.0,-0.15724907217889247,-0.08901922136258317,-0.275777762275036,-0.22652972547350622,-0.32808473062701937,-0.3944453975965799,-0.29399621215622457,-0.5273635650409775,-0.22209022187807226,-0.36477989090446084,-0.24548690191588177,-0.6495999093257246,-0.24591021413550623,-0.8017727068305461,-0.24022647974942524,-0.9102062017105126,-0.12047699460223851,-0.39170081209186636,-0.1496141622416938,-0.7066871676404863,-0.1604751252570622,-0.8774973872943425,-0.16571718608907127,-0.986173318557504,-0.02299980813978932,-0.40114788558629344,-0.05622494328062132,-0.685639069199726,-0.07760047439094617,-0.8418558337717392,-0.09417147857702207,-0.9470700191909148,0.07027864189819846,-0.38913756980300457,0.031872605861189555,-0.6213439522027684,0.009741856372919522,-0.7412481399387358,-0.008304597880863282,-0.8329071870469489
FULL_HAND,0.0,0.0,0.1577113653716389,-0.09171648498572894,0.27598648012962745,-0.22937866888002503,0.33047855452899283,-0.3987536254947696,0.2983403399832338,-0.5325840074463014,0.2239161411552353,-0.37009873271228255,0.25173804521523724,-0.6532495078679421,0.2529699697416585,-0.8061990059529017,0.24819592583094666,-0.9146089024712954,0.1224261326180676,-0.39785578447633263,0.15660564718049327,-0.7112862580699033,0.16838333540900796,-0.8794596980812248,0.17402931978427555,-0.9847404713199425,0.023899618364068342,-0.4058312713950901,0.05479299174354857,-0.6897170168134819,0.07372010740742593,-0.8479402713136452,0.08918455447697028,-0.9536152038905182,-0.07132797261545971,-0.39014831783462095,-0.03767265835392276,-0.624915580131084,-0.018354477963522547,-0.7435430096960225,-0.0011605466363746328,-0.8321074309114947
FULL_HAND,-0.0,0.0,-0.1577113653716389,-0.09171648498572894,-0.27598648012962745,-0.22937866888002503,-0.33047855452899283,-0.3987536254947696,-0.2983403399832338,-0.5325840074463014,-0.2239161411552353,-0.37009873271228255,-0.25173804521523724,-0.6532495078679421,-0.2529699697416585,-0.8061990059529017,-0.24819592583094666,-0.9146089024712954,-0.1224261326180676,-0.39785578447633263,-0.15660564718049327,-0.7112862580699033,-0.16838333540900796,-0.8794596980812248,-0.17402931978427555,-0.9847404713199425,-0.023899618364068342,-0.4058312713950901,-0.05479299174354857,-0.6897170168134819,-0.07372010740742593,-0.8479402713136452,-0.08918455447697028,-0.9536152038905182,0.07132797261545971,-0.39014831783462095,0.03767265835392276,-0.624915580131084,0.018354477963522547,-0.7435430096960225,0.0011605466363746328,-0.8321074309114947
FULL_HAND,0.0,0.0,0.15779164118842634,-0.09360441180514084,0.274353545018176,-0.22957925542692606,0.3326004928583537,-0.39864995336031184,0.30327462018289625,-0.5370403055552044,0.22519489738141435,-0.37315638054554207,0.25751109651420206,-0.6578317201899128,0.2585160456221836,-0.8109872918954278,0.2536057759512763,-0.9182340436369791,0.1223897416198749,-0.40042520991342456,0.15755957353919847,-0.7154862384737136,0.16876052929187546,-0.8825918802179282,0.1747014882069892,-0.9846214450326903,0.02172447176223435,-0.4073642087420594,0.04586350377676779,-0.6911620806899625,0.05995575419950971,-0.8516166067080578,0.07337225830914677,-0.9567280786753505,-0.07402632871806222,-0.3901828032863236,-0.04571597215387861,-0.6276964557045825,-0.028188565077519358,-0.7459575472111802,-0.010498520982538935,-0.8318181745074538
FULL_HAND,-0.0,0.0,-0.15779164118842634,-0.09360441180514084,-0.274353545018176,-0.22957925542692606,-0.3326004928583537,-0.39864995336031184,-0.30327462018289625,-0.5370403055552044,-0.22519489738141435,-0.37315638054554207,-0.25751109651420206,-0.6578317201899128,-0.2585160456221836,-0.8109872918954278,-0.2536057759512763,-0.9182340436369791,-0.1223897416198749,-0.40042520991342456,-0.15755957353919847,-0.7154862384737136,-0.16876052929187546,-0.8825918802179282,-0.1747014882069892,-0.9846214450326903,-0.02172447176223435,-0.4073642087420594,-0.04586350377676779,-0.6911620806899625,-0.05995575419950971,-0.8516166067080578,-0.07337225830914677,-0.9567280786753505,0.07402632871806222,-0.3901828032863236,0.04571597215387861,-0.6276964557045825,0.028188565077519358,-0.7459575472111802,0.010498520982538935,-0.8318181745074538
FULL_HAND,0.0,0.0,0.15866564910267136,-0.088432540930726,0.2744784981229347,-0.22674903644604377,0.33040108196347656,-0.3985647208910572,0.30799207050239624,-0.5416877754863443,0.22314840192542468,-0.37787795950849595,0.2544859062225364,-0.6617379619227078,0.25694332533628966,-0.8152205953933578,0.25239990273217905,-0.9229033002519827,0.1232937887833528,-0.4059354995599111,0.15601855664667721,-0.7161417475652988,0.16660013802006335,-0.8820709043750181,0.1722754843508497,-0.985048809700149,0.024786447840153644,-0.4114151906464511,0.05283168802564744,-0.6939183767035344,0.07142222963577455,-0.8521145473173494,0.08709145227100501,-0.9574758037111769,-0.07146020463165198,-0.39301163388328153,-0.04345549351255481,-0.6257855882593303,-0.02657530538931788,-0.7463119072103765,-0.011237036523468772,-0.8375044573989978
FULL_HAND,-0.0,0.0,-0.15866564910267136,-0.088432540930726,-0.2744784981229347,-0.22674903644604377,-0.33040108196347656,-0.3985647208910572,-0.30799207050239624,-0.5416877754863443,-0.22314840192542468,-0.37787795950849595,-0.2544859062225364,-0.6617379619227078,-0.25694332533628966,-0.8152205953933578,-0.25239990273217905,-0.9229033002519827,-0.1232937887833528,-0.4059354995599111,-0.15601855664667721,-0.7161417475652988,-0.16660013802006335,-0.8820709043750181,-0.1722754843508497,-0.985048809700149,-0.024786447840153644,-0.4114151906464511,-0.05283168802564744,-0.6939183767035344,-0.07142222963577455,-0.8521145473173494,-0.08709145227100501,-0.9574758037111769,0.07146020463165198,-0.39301163388328153,0.04345549351255481,-0.6257855882593303,0.02657530538931788,-0.7463119072103765,0.011237036523468772,-0.8375044573989978
FULL_HAND,0.0,0.0,0.15389887155772025,-0.07853528668051801,0.26243668283021276,-0.216086084076174,0.3166346034242986,-0.3831091601744435,0.29383307821429194,-0.5192560593871487,0.21368845876747647,-0.36081687410462027,0.23161356226583404,-0.6359477894944822,0.22878063395831824,-0.786432905649602,0.22122620078127547,-0.8987334636048381,0.1198376018595457,-0.3851223810125414,0.14409100441376668,-0.6891890462302523,0.15012406662016184,-0.8668596882590864,0.15009690381457877,-0.9886712898963321,0.028581681387783806,-0.3905763931298248,0.05699892625859164,-0.6640281013399617,0.07206412903734742,-0.8236971651491121,0.08040622011180001,-0.9362813459504946,-0.059064061056892735,-0.3745823239433267,-0.025001014352745463,-0.5986394221681491,-0.007446797386694947,-0.7150702497199873,0.0032082573547546657,-0.8076950994357367
FULL_HAND,-0.0,0.0,-0.15389887155772025,-0.07853528668051801,-0.26243668283021276,-0.216086084076174,-0.3166346034242986,-0.3831091601744435,-0.29383307821429194,-0.5192560593871487,-0.21368845876747647,-0.36081687410462027,-0.23161356226583404,-0.6359477894944822,-0.22878063395831824,-0.786432905649602,-0.22122620078127547,-0.8987334636048381,-0.1198376018595457,-0.3851223810125414,-0.14409100441376668,-0.6891890462302523,-0.15012406662016184,-0.8668596882590864,-0.15009690381457877,-0.9886712898963321,-0.028581681387783806,-0.3905763931298248,-0.05699892625859164,-0.6640281013399617,-0.07206412903734742,-0.8236971651491121,-0.08040622011180001,-0.9362813459504946,0.059064061056892735,-0.3745823239433267,0.025001014352745463,-0.5986394221681491,0.007446797386694947,-0.7150702497199873,-0.0032082573547546657,-0.8076950994357367
FULL_HAND,0.0,0.0,0.14754066167058824,-0.08485200295071152,0.24939807404713832,-0.21878099204011875,0.2930133536882607,-0.38005107410625216,0.27678523128135957,-0.5168526429133966,0.1950591614646082,-0.37213054588600347,0.21029412585957105,-0.6300566915385447,0.20638226077067784,-0.7784600799604653,0.1994668167879381,-0.8933283734173599,0.10441360005719104,-0.3953505915634307,0.11945774484302363,-0.6838668116857204,0.12058587743959474,-0.8623948993732441,0.119769909064706,-0.9928016765107883,0.016717539367355653,-0.3955316935072812,0.03262863871993455,-0.6536233549781917,0.040494142238079525,-0.8133454886873228,0.04541247980237878,-0.9309505038532055,-0.06633783133760283,-0.37371427291971765,-0.04363534598890791,-0.5810726542372329,-0.03156890839065749,-0.6957404735214401,-0.024348115172275753,-0.7926591033755698
FULL_HAND,-0.0,0.0,-0.14754066167058824,-0.08485200295071152,-0.24939807404713832,-0.21878099204011875,-0.2930133536882607,-0.38005107410625216,-0.27678523128135957,-0.5168526429133966,-0.1950591614646082,-0.37213054588600347,-0.21029412585957105,-0.6300566915385447,-0.20638226077067784,-0.7784600799604653,-0.1994668167879381,-0.8933283734173599,-0.10441360005719104,-0.3953505915634307,-0.11945774484302363,-0.6838668116857204,-0.12058587743959474,-0.8623948993732441,-0.119769909064706,-0.9928016765107883,-0.016717539367355653,-0.3955316935072812,-0.03262863871993455,-0.6536233549781917,-0.040494142238079525,-0.8133454886873228,-0.04541247980237878,-0.9309505038532055,0.06633783133760283,-0.37371427291971765,0.04363534598890791,-0.5810726542372329,0.03156890839065749,-0.6957404735214401,0.024348115172275753,-0.7926591033755698
FULL_HAND,0.0,0.0,0.15185193702956057,-0.0794303944738506,0.25723545581939705,-0.21158623032419446,0.2940457859328778,-0.38561754028200684,0.2781578028486362,-0.5273685999212497,0.19037095113380334,-0.381580006482906,0.19822645003507744,-0.6368917744523874,0.1834556131780607,-0.7758359153444214,0.16409835338560835,-0.8780115269945904,0.09964225710955676,-0.4054541080407252,0.1008047908666484,-0.6988991613225496,0.08795927215875225,-0.8735784173963917,0.0728455507729428,-0.9973432336626076,0.014945735355727671,-0.4058668997994277,0.017768239763336326,-0.6682426238001783,0.014271378392577144,-0.8224470173705659,0.0074837906825372435,-0.935309566369261,-0.0640252408021578,-0.38295141417414047,-0.053708642221036385,-0.5926219125085397,-0.05152351959060916,-0.703815426393138,-0.053419101082230816,-0.7959590897033763
FULL_HAND,-0.0,0.0,-0.15185193702956057,-0.0794303944738506,-0.25723545581939705,-0.21158623032419446,-0.2940457859328778,-0.38561754028200684,-0.2781578028486362,-0.5273685999212497,-0.19037095113380334,-0.381580006482906,-0.19822645003507744,-0.6368917744523874,-0.1834556131780607,-0.7758359153444214,-0.16409835338560835,-0.8780115269945904,-0.09964225710955676,-0.4054541080407252,-0.1008047908666484,-0.6988991613225496,-0.08795927215875225,-0.8735784173963917,-0.0728455507729428,-0.9973432336626076,-0.014945735355727671,-0.4058668997994277,-0.017768239763336326,-0.6682426238001783,-0.014271378392577144,-0.8224470173705659,-0.0074837906825372435,-0.935309566369261,0.0640252408021578,-0.38295141417414047,0.053708642221036385,-0.5926219125085397,0.05152351959060916,-0.703815426393138,0.053419101082230816,-0.7959590897033763
FULL_HAND,0.0,0.0,0.1519473651992923,-0.07908283907611625,0.25610079305499656,-0.21332447788837094,0.29170951717103666,-0.3864489150850047,0.2781660454722157,-0.527974893356812,0.1888850786520358,-0.38337473719312115,0.19651237886777892,-0.6365265665014334,0.18186954272431544,-0.7763051249387437,0.16271223788986575,-0.8796352763523491,0.09818574007074932,-0.4064480028547116,0.09930787668959733,-0.6979072229870743,0.08686987264060936,-0.8725907337935082,0.07232750969227171,-0.9973809359225363,0.01319060143742875,-0.4060424350259216,0.016150130947937484,-0.6681964263644027,0.012512292525070539,-0.8230934771948641,0.005742459825665696,-0.9374527110205169,-0.066410878828158,-0.38168250870878784,-0.05637550322250851,-0.5907856686329047,-0.053965065301560644,-0.7027286894617304,-0.055382387048871044,-0.7959364453763246
FULL_HAND,-0.0,0.0,-0.1519473651992923,-0.07908283907611625,-0.25610079305499656,-0.21332447788837094,-0.29170951717103666,-0.3864489150850047,-0.2781660454722157,-0.527974893356812,-0.1888850786520358,-0.38337473719312115,-0.19651237886777892,-0.6365265665014334,-0.18186954272431544,-0.7763051249387437,-0.16271223788986575,-0.8796352763523491,-0.09818574007074932,-0.4064480028547116,-0.09930787668959733,-0.6979072229870743,-0.08686987264060936,-0.8725907337935082,-0.07232750969227171,-0.9973809359225363,-0.01319060143742875,-0.4060424350259216,-0.016150130947937484,-0.6681964263644027,-0.012512292525070539,-0.8230934771948641,-0.005742459825665696,-0.9374527110205169,0.066410878828158,-0.38168250870878784,0.05637550322250851,-0.5907856686329047,0.053965065301560644,-0.7027286894617304,0.055382387048871044,-0.7959364453763246
FULL_HAND,0.0,0.0,0.15130757411671425,-0.07824306977103851,0.25536767713769226,-0.21287876633966965,0.29111278313674843,-0.3871753435854928,0.27603819381168837,-0.5284134335350336,0.1883694583062462,-0.38342172947740905,0.1963303925020296,-0.6357938634359651,0.18143910937962823,-0.7751757633232554,0.16170230454541845,-0.8781200377436225,0.09711290366837662,-0.4066265502193093,0.09817196946145912,-0.6985919649108181,0.08550229936479141,-0.8729512521733402,0.07060460647250615,-0.9975043807146226,0.011759152372646763,-0.40666950228554155,0.014024906906446767,-0.6679927807667881,0.010436889533713663,-0.8225313414656931,0.0037505744233965422,-0.9368699400161407,-0.06803415658886504,-0.38268453986066053,-0.05843622002881927,-0.590872874487671,-0.056436305744945695,-0.7019314550203214,-0.05762621013978169,-0.7943465920847285
FULL_HAND,-0.0,0.0,-0.15130757411671425,-0.07824306977103851,-0.25536767713769226,-0.21287876633966965,-0.29111278313674843,-0.3871753435854928,-0.27603819381168837,-0.5284134335350336,-0.1883694583062462,-0.38342172947740905,-0.1963303925020296,-0.6357938634359651,-0.18143910937962823,-0.7751757633232554,-0.16170230454541845,-0.8781200377436225,-0.09711290366837662,-0.4066265502193093,-0.09817196946145912,-0.6985919649108181,-0.08550229936479141,-0.8729512521733402,-0.07060460647250615,-0.9975043807146226,-0.011759152372646763,-0.40666950228554155,-0.014024906906446767,-0.6679927807667881,-0.010436889533713663,-0.8225313414656931,-0.0037505744233965422,-0.9368699400161407,0.06803415658886504,-0.38268453986066053,0.05843622002881927,-0.590872874487671,0.056436305744945695,-0.7019314550203214,0.05762621013978169,-0.7943465920847285
FULL_HAND,0.0,0.0,0.15210289679252065,-0.07755044274239871,0.2561765468179396,-0.21165112494725932,0.2916193325007101,-0.38563894245912267,0.2756863516610895,-0.5269061665350692,0.18923874600563403,-0.3809659416461411,0.19728412042433904,-0.6350950089789384,0.18255317832395312,-0.7749669186000013,0.1631413007250304,-0.8775452771325409,0.09793908013316774,-0.40405005784239456,0.09950022951615527,-0.6981995631995221,0.08723875992768954,-0.8732319159423493,0.07274056860358978,-0.9973508959635152,0.012519016257111923,-0.40434694732691867,0.015222628115290416,-0.666682066460914,0.011645737989381455,-0.8208372035499101,0.004875136927500541,-0.933898141291817,-0.06752648835812253,-0.3807829148993343,-0.05780372141304616,-0.5900509892848456,-0.055676828949972175,-0.7013124725875902,-0.05686055179005022,-0.7933968788614668
FULL_HAND,-0.0,0.0,-0.15210289679252065,-0.07755044274239871,-0.2561765468179396,-0.21165112494725932,-0.2916193325007101,-0.38563894245912267,-0.2756863516610895,-0.5269061665350692,-0.18923874600563403,-0.3809659416461411,-0.19728412042433904,-0.6350950089789384,-0.18255317832395312,-0.7749669186000013,-0.1631413007250304,-0.8775452771325409,-0.09793908013316774,-0.40405005784239456,-0.09950022951615527,-0.6981995631995221,-0.08723875992768954,-0.8732319159423493,-0.07274056860358978,-0.9973508959635152,-0.012519016257111923,-0.40434694732691867,-0.015222628115290416,-0.666682066460914,-0.011645737989381455,-0.8208372035499101,-0.004875136927500541,-0.933898141291817,0.06752648835812253,-0.3807829148993343,0.05780372141304616,-0.5900509892848456,0.055676828949972175,-0.7013124725875902,0.05686055179005022,-0.7933968788614668
FULL_HAND,0.0,0.0,0.15005620334588315,-0.08245102688253819,0.2525536300551343,-0.21827524436809162,0.2881869998741347,-0.3888972209921771,0.27244695690901366,-0.5285641860573028,0.1843214179423695,-0.3875946591111898,0.19214720815067374,-0.6354611501792459,0.17725312926058773,-0.7736865033426853,0.15726904638471584,-0.8771841466004519,0.0940094124155632,-0.40923626803493235,0.09460342204687167,-0.6961157259142375,0.08089506894592266,-0.8713978440661515,0.06481460898856249,-0.9978973226047155,0.008663628834438846,-0.4080692176727036,0.010227450108699947,-0.6664770370771449,0.0054004747671581275,-0.8219161537361112,-0.0026579391798273126,-0.9379933679758063,-0.07225044317746059,-0.38251179765709864,-0.06358170317355212,-0.5938350652127491,-0.06172838001830692,-0.7067782807059919,-0.06408816764574002,-0.8020411091422577
FULL_HAND,-0.0,0.0,-0.15005620334588315,-0.08245102688253819,-0.2525536300551343,-0.21827524436809162,-0.2881869998741347,-0.3888972209921771,-0.27244695690901366,-0.5285641860573028,-0.1843214179423695,-0.3875946591111898,-0.19214720815067374,-0.6354611501792459,-0.17725312926058773,-0.7736865033426853,-0.15726904638471584,-0.8771841466004519,-0.0940094124155632,-0.40923626803493235,-0.09460342204687167,-0.6961157259142375,-0.08089506894592266,-0.8713978440661515,-0.06481460898856249,-0.9978973226047155,-0.008663628834438846,-0.4080692176727036,-0.010227450108699947,-0.6664770370771449,-0.0054004747671581275,-0.8219161537361112,0.0026579391798273126,-0.9379933679758063,0.07225044317746059,-0.38251179765709864,0.06358170317355212,-0.5938350652127491,0.06172838001830692,-0.7067782807059919,0.06408816764574002,-0.8020411091422577
FULL_HAND,0.0,0.0,0.15269439942220994,-0.07352168743752868,0.2583322307057018,-0.2077000115381943,0.3016255975702375,-0.3773421331350061,0.27777410979332334,-0.5118994779870615,0.19305541135512697,-0.36989874054926714,0.2034566716795885,-0.6279541261847124,0.1913168691168939,-0.7701979197799403,0.1735212505774199,-0.8766010108238312,0.10307198960514613,-0.3944190372304559,0.11233905008794283,-0.6881267662291809,0.10557404926573215,-0.8671765798796547,0.0939787895688086,-0.9955741997014494,0.019701985267363612,-0.39763091296575914,0.03378511701506905,-0.6599177532252813,0.03653097954939418,-0.8188455536865592,0.03382413294203036,-0.9363693662152414,-0.05610776538287237,-0.3782481489189881,-0.03352457525081543,-0.5871949277818983,-0.024386510009790346,-0.6993299376393688,-0.02137960790034128,-0.7925345068521126
FULL_HAND,-0.0,0.0,-0.15269439942220994,-0.07352168743752868,-0.2583322307057018,-0.2077000115381943,-0.3016255975702375,-0.3773421331350061,-0.27777410979332334,-0.5118994779870615,-0.19305541135512697,-0.36989874054926714,-0.2034566716795885,-0.6279541261847124,-0.1913168691168939,-0.7701979197799403,-0.1735212505774199,-0.8766010108238312,-0.10307198960514613,-0.3944190372304559,-0.11233905008794283,-0.6881267662291809,-0.10557404926573215,-0.8671765798796547,-0.0939787895688086,-0.9955741997014494,-0.019701985267363612,-0.39763091296575914,-0.03378511701506905,-0.6599177532252813,-0.03653097954939418,-0.8188455536865592,-0.03382413294203036,-0.9363693662152414,0.05610776538287237,-0.3782481489189881,0.03352457525081543,-0.5871949277818983,0.024386510009790346,-0.6993299376393688,0.02137960790034128,-0.7925345068521126
FULL_HAND,0.0,0.0,0.15100154574277314,-0.07486026368859361,0.2573876864674296,-0.21219727888748746,0.30493620691058937,-0.37932939082285944,0.27971967160322586,-0.5164037520798281,0.1902960437066161,-0.37018757794117807,0.20660694134429203,-0.6415528337762482,0.20340439543032723,-0.7883423163399746,0.1952161305552,-0.8991256203699747,0.09647995844007702,-0.39379844808517245,0.11858003507865515,-0.6923937521268836,0.12296609237642098,-0.8680838272235325,0.12121648833517892,-0.9926260942347261,0.01147859217102064,-0.3959767314697571,0.037054660944038864,-0.6651055385585214,0.04833736071021236,-0.8238583246409444,0.053729421507950716,-0.9390921886567895,-0.063793409493424,-0.37718210386620377,-0.03415618120364525,-0.5920984094902851,-0.01928617824403139,-0.7055434533364353,-0.010886083529453836,-0.7966961046500751
FULL_HAND,-0.0,0.0,-0.15100154574277314,-0.07486026368859361,-0.2573876864674296,-0.21219727888748746,-0.30493620691058937,-0.37932939082285944,-0.27971967160322586,-0.5164037520798281,-0.1902960437066161,-0.37018757794117807,-0.20660694134429203,-0.6415528337762482,-0.20340439543032723,-0.7883423163399746,-0.1952161305552,-0.8991256203699747,-0.09647995844007702,-0.39379844808517245,-0.11858003507865515,-0.6923937521268836,-0.12296609237642098,-0.8680838272235325,-0.12121648833517892,-0.9926260942347261,-0.01147859217102064,-0.3959767314697571,-0.037054660944038864,-0.6651055385585214,-0.04833736071021236,-0.8238583246409444,-0.053729421507950716,-0.9390921886567895,0.063793409493424,-0.37718210386620377,0.03415618120364525,-0.5920984094902851,0.01928617824403139,-0.7055434533364353,0.010886083529453836,-0.7966961046500751
FULL_HAND,0.0,0.0,0.1531285256045852,-0.07924456501029155,0.2645934263397239,-0.2175141966972715,0.3018960735349257,-0.39329748960737565,0.2833830419742205,-0.5372702595793144,0.19018610791792884,-0.38402097369720195,0.20862762002705867,-0.6525324634438039,0.20918167425634243,-0.798498790659743,0.20620336378485452,-0.9079165262079748,0.09245623304586127,-0.405908963873663,0.11163667400201967,-0.6977355416676295,0.11536473617559752,-0.871330465942628,0.11540378706198867,-0.993318662832704,0.005401743923541241,-0.4057947859173427,0.026280550334189013,-0.668305224052822,0.03870158032632573,-0.8261132104115875,0.047580688593630696,-0.9404659779931688,-0.07211167060932638,-0.3854388310017958,-0.05038659288273698,-0.5922805533606229,-0.03626637464596001,-0.7095994161445293,-0.02408199175952263,-0.8063066261506193
FULL_HAND,-0.0,0.0,-0.1531285256045852,-0.07924456501029155,-0.2645934263397239,-0.2175141966972715,-0.3018960735349257,-0.39329748960737565,-0.2833830419742205,-0.5372702595793144,-0.19018610791792884,-0.38402097369720195,-0.20862762002705867,-0.6525324634438039,-0.20918167425634243,-0.798498790659743,-0.20620336378485452,-0.9079165262079748,-0.09245623304586127,-0.405908963873663,-0.11163667400201967,-0.6977355416676295,-0.11536473617559752,-0.871330465942628,-0.11540378706198867,-0.993318662832704,-0.005401743923541241,-0.4057947859173427,-0.026280550334189013,-0.668305224052822,-0.03870158032632573,-0.8261132104115875,-0.047580688593630696,-0.9404659779931688,0.07211167060932638,-0.3854388310017958,0.05038659288273698,-0.5922805533606229,0.03626637464596001,-0.7095994161445293,0.02408199175952263,-0.8063066261506193
FULL_HAND,0.0,0.0,0.1518028823268251,-0.08368251822286275,0.26102579689886424,-0.22333237825899083,0.3037248559775595,-0.3978185431976466,0.29103725442139083,-0.5462682881792352,0.18504445420822815,-0.38011528180479787,0.21360202100483924,-0.6507845589004357,0.21917058672712397,-0.7966109972326731,0.21952995335789832,-0.9023808341365359,0.08798198135441393,-0.4025366649662848,0.11294258431993585,-0.6965718754202305,0.12080679701604483,-0.8715526688607461,0.1244431408855513,-0.9922267405621251,0.0008579902089953904,-0.4018846431385767,0.025346476610883115,-0.6605380622319179,0.04234064365657836,-0.8163666498386879,0.055616789716049754,-0.9258141764816997,-0.07722057732952652,-0.3823658414882603,-0.06402407914163666,-0.5875129492207309,-0.053507833294722355,-0.7065786539102291,-0.04472075795918176,-0.8037564766672335
FULL_HAND,-0.0,0.0,-0.1518028823268251,-0.08368251822286275,-0.26102579689886424,-0.22333237825899083,-0.3037248559775595,-0.3978185431976466,-0.29103725442139083,-0.5462682881792352,-0.18504445420822815,-0.38011528180479787,-0.21360202100483924,-0.6507845589004357,-0.21917058672712397,-0.7966109972326731,-0.21952995335789832,-0.9023808341365359,-0.08798198135441393,-0.4025366649662848,-0.11294258431993585,-0.6965718754202305,-0.12080679701604483,-0.8715526688607461,-0.1244431408855513,-0.9922267405621251,-0.0008579902089953904,-0.4018846431385767,-0.025346476610883115,-0.6605380622319179,-0.04234064365657836,-0.8163666498386879,-0.055616789716049754,-0.9258141764816997,0.07722057732952652,-0.3823658414882603,0.06402407914163666,-0.5875129492207309,0.053507833294722355,-0.7065786539102291,0.04472075795918176,-0.8037564766672335
FULL_HAND,0.0,0.0,0.14851198247425665,-0.08820920135323108,0.2559360353023313,-0.22780170248785273,0.29665503538007354,-0.40168481316340965,0.2833723151995339,-0.5491088426829479,0.1843152911459646,-0.38594440424444115,0.2110474278998635,-0.6540543618752619,0.21430500818048479,-0.7993216979509766,0.21329377951654818,-0.9036867620956007,0.08886795033758615,-0.405897617142847,0.1101871946554176,-0.6998925422513654,0.11502829648907162,-0.8737083465114411,0.11682729902898069,-0.9931522452280884,0.001984974184177058,-0.4030681106875529,0.02085626156805691,-0.6631487645521457,0.03329105904237133,-0.81895018250902,0.04357173729211101,-0.9282453788018057,-0.07748450167598864,-0.3796707180059044,-0.0682763310654744,-0.5865629793231698,-0.059750768056743286,-0.7060194352068845,-0.05145650806539342,-0.8031716625880019
FULL_HAND,-0.0,0.0,-0.14851198247425665,-0.08820920135323108,-0.2559360353023313,-0.22780170248785273,-0.29665503538007354,-0.40168481316340965,-0.2833723151995339,-0.5491088426829479,-0.1843152911459646,-0.38594440424444115,-0.2110474278998635,-0.6540543618752619,-0.21430500818048479,-0.7993216979509766,-0.21329377951654818,-0.9036867620956007,-0.08886795033758615,-0.405897617142847,-0.1101871946554176,-0.6998925422513654,-0.11502829648907162,-0.8737083465114411,-0.11682729902898069,-0.9931522452280884,-0.001984974184177058,-0.4030681106875529,-0.02085626156805691,-0.6631487645521457,-0.03329105904237133,-0.81895018250902,-0.04357173729211101,-0.9282453788018057,0.07748450167598864,-0.3796707180059044,0.0682763310654744,-0.5865629793231698,0.059750768056743286,-0.7060194352068845,0.05145650806539342,-0.8031716625880019
FULL_HAND,0.0,0.0,0.1488967600312882,-0.09076323613696605,0.25558015606276396,-0.23035363807751466,0.28591138706768243,-0.405507946621693,0.2632917028649958,-0.5480591293231449,0.17698622331045477,-0.38849041443526244,0.17965213107974998,-0.6626860198608054,0.17039043565616147,-0.8087764859923932,0.159007853661586,-0.9167609384403912,0.07944376578331619,-0.40447231938004774,0.08898430781725412,-0.7024146114701998,0.08657500850136801,-0.8765511205689391,0.0823789540284111,-0.9966010776299536,-0.00690997926827132,-0.3995000414179114,0.005150804395227058,-0.6693078969729617,0.01266053060556202,-0.8273630505982525,0.018892059733883148,-0.9402907720159536,-0.08454605621046954,-0.3741423307302656,-0.07016082608689643,-0.5900622868338903,-0.0594211007576153,-0.7065019598687278,-0.050882393905614436,-0.8020195027591609
FULL_HAND,-0.0,0.0,-0.1488967600312882,-0.09076323613696605,-0.25558015606276396,-0.23035363807751466,-0.28591138706768243,-0.405507946621693,-0.2632917028649958,-0.5480591293231449,-0.17698622331045477,-0.38849041443526244,-0.17965213107974998,-0.6626860198608054,-0.17039043565616147,-0.8087764859923932,-0.159007853661586,-0.9167609384403912,-0.07944376578331619,-0.40447231938004774,-0.08898430781725412,-0.7024146114701998,-0.08657500850136801,-0.8765511205689391,-0.0823789540284111,-0.9966010776299536,0.00690997926827132,-0.3995000414179114,-0.005150804395227058,-0.6693078969729617,-0.01266053060556202,-0.8273630505982525,-0.018892059733883148,-0.9402907720159536,0.08454605621046954,-0.3741423307302656,0.07016082608689643,-0.5900622868338903,0.0594211007576153,-0.7065019598687278,0.050882393905614436,-0.8020195027591609
FULL_HAND,0.0,0.0,0.1493059667193075,-0.09048969717946817,0.2555774759946667,-0.22973770527649826,0.2864266027652253,-0.40426517056155836,0.264856022339766,-0.5477637687060384,0.17821818795020808,-0.3881597141981572,0.1804732816854335,-0.6603139147702756,0.17061831373975153,-0.8066874288228352,0.15873616706408686,-0.9156367534073439,0.08126161949983876,-0.4046456075779265,0.09035813144466809,-0.7010743682296516,0.08737595412226054,-0.8753925807555457,0.08292317940884311,-0.9965559423919608,-0.005197094527873096,-0.40007069125397365,0.006282976846105197,-0.668219763015246,0.012712771628123013,-0.8271305863823167,0.017966100897496423,-0.941569959357531,-0.08299751838906237,-0.3750301730745931,-0.06878748901839128,-0.5877306117010218,-0.05858134844221561,-0.703458795670246,-0.05057549287856824,-0.7991858259081647
FULL_HAND,-0.0,0.0,-0.1493059667193075,-0.09048969717946817,-0.2555774759946667,-0.22973770527649826,-0.2864266027652253,-0.40426517056155836,-0.264856022339766,-0.5477637687060384,-0.17821818795020808,-0.3881597141981572,-0.1804732816854335,-0.6603139147702756,-0.17061831373975153,-0.8066874288228352,-0.15873616706408686,-0.9156367534073439,-0.08126161949983876,-0.4046456075779265,-0.09035813144466809,-0.7010743682296516,-0.08737595412226054,-0.8753925807555457,-0.08292317940884311,-0.9965559423919608,0.005197094527873096,-0.40007069125397365,-0.006282976846105197,-0.668219763015246,-0.012712771628123013,-0.8271305863823167,-0.017966100897496423,-0.941569959357531,0.08299751838906237,-0.3750301730745931,0.06878748901839128,-0.5877306117010218,0.05858134844221561,-0.703458795670246,0.05057549287856824,-0.7991858259081647
FULL_HAND,0.0,0.0,0.1481944934490987,-0.09411876444241934,0.25180673598940256,-0.23768815569009086,0.28241735872938617,-0.41559470282237776,0.25333133347104836,-0.5552381258911668,0.17028059598361095,-0.39296172843078886,0.1726610352639402,-0.6652609390184783,0.16389879837677698,-0.8117528253253292,0.15459530839046803,-0.9210785420016533,0.07375261928068876,-0.4078841615817751,0.07808980644660185,-0.702627037639997,0.07210811380012203,-0.8769580789012672,0.06547550965795496,-0.9978541765383512,-0.01164385702601014,-0.40280134671505385,-0.004550699967287263,-0.6659817453930422,-0.0015687448653885579,-0.8237931443807274,9.872960364294502e-05,-0.9366721388747151,-0.08659913748228194,-0.3774575377278803,-0.07464038303377085,-0.5886686241773501,-0.06686124355073708,-0.7034209496122552,-0.062019541318303346,-0.7977693421947297
FULL_HAND,-0.0,0.0,-0.1481944934490987,-0.09411876444241934,-0.25180673598940256,-0.23768815569009086,-0.28241735872938617,-0.41559470282237776,-0.25333133347104836,-0.5552381258911668,-0.17028059598361095,-0.39296172843078886,-0.1726610352639402,-0.6652609390184783,-0.16389879837677698,-0.8117528253253292,-0.15459530839046803,-0.9210785420016533,-0.07375261928068876,-0.4078841615817751,-0.07808980644660185,-0.702627037639997,-0.07210811380012203,-0.8769580789012672,-0.06547550965795496,-0.9978541765383512,0.01164385702601014,-0.40280134671505385,0.004550699967287263,-0.6659817453930422,0.0015687448653885579,-0.8237931443807274,-9.872960364294502e-05,-0.9366721388747151,0.08659913748228194,-0.3774575377278803,0.07464038303377085,-0.5886686241773501,0.06686124355073708,-0.7034209496122552,0.062019541318303346,-0.7977693421947297
FULL_HAND,0.0,0.0,0.14707807772375692,-0.09986794043969704,0.2433688819921702,-0.2447185907535082,0.27289657355478464,-0.41976115548894355,0.24778182883714933,-0.5575142143053121,0.17039813504967904,-0.40327821737981384,0.1703850928922948,-0.6706804576278311,0.1593785628499257,-0.813365553515306,0.1480747210681338,-0.9172018948478141,0.07631652389534258,-0.4156272242763458,0.0722206683649661,-0.709001962881909,0.06185474931373579,-0.8803641667880905,0.05233972286227552,-0.9986293373472963,-0.010368329686955365,-0.40349974862182864,-0.013660392730958912,-0.6638287509743435,-0.013502712430071697,-0.817527361566673,-0.012486660377549535,-0.9281234345280822,-0.09038888809059521,-0.36825736692270833,-0.09093931658114819,-0.5772274660971806,-0.08952421159937167,-0.691724380339927,-0.08862442636220383,-0.7870731205292254
FULL_HAND,-0.0,0.0,-0.14707807772375692,-0.09986794043969704,-0.2433688819921702,-0.2447185907535082,-0.27289657355478464,-0.41976115548894355,-0.24778182883714933,-0.5575142143053121,-0.17039813504967904,-0.40327821737981384,-0.1703850928922948,-0.6706804576278311,-0.1593785628499257,-0.813365553515306,-0.1480747210681338,-0.9172018948478141,-0.07631652389534258,-0.4156272242763458,-0.0722206683649661,-0.709001962881909,-0.06185474931373579,-0.8803641667880905,-0.05233972286227552,-0.9986293373472963,0.010368329686955365,-0.40349974862182864,0.013660392730958912,-0.6638287509743435,0.013502712430071697,-0.817527361566673,0.012486660377549535,-0.9281234345280822,0.09038888809059521,-0.36825736692270833,0.09093931658114819,-0.5772274660971806,0.08952421159937167,-0.691724380339927,0.08862442636220383,-0.7870731205292254
FULL_HAND,0.0,0.0,0.14126419948089355,-0.10150828113792533,0.24015186454360413,-0.24990157334803617,0.2673995404721512,-0.42704609869603766,0.24166627468008733,-0.5650658217056903,0.16585284728873168,-0.40003328498851215,0.18221741518476528,-0.6678535288160757,0.18212638473409415,-0.8101117466742576,0.1785622956557414,-0.9148406644266172,0.07294148678990753,-0.4132300785612917,0.08684176953873758,-0.7067137148410202,0.08695743247572561,-0.8782077673253272,0.08375277039449697,-0.9964865646115088,-0.011907856046197067,-0.40397936051927924,0.004188864046890615,-0.6663318020994985,0.012323437795543613,-0.8216679191039302,0.01610275627166534,-0.9301156106321324,-0.08992259850187309,-0.3751041113487931,-0.07610541990861219,-0.5818130467406469,-0.07025971629940599,-0.6993541498388379,-0.06965908604517876,-0.7964276078957083
FULL_HAND,-0.0,0.0,-0.14126419948089355,-0.10150828113792533,-0.24015186454360413,-0.24990157334803617,-0.2673995404721512,-0.42704609869603766,-0.24166627468008733,-0.5650658217056903,-0.16585284728873168,-0.40003328498851215,-0.18221741518476528,-0.6678535288160757,-0.18212638473409415,-0.8101117466742576,-0.1785622956557414,-0.9148406644266172,-0.07294148678990753,-0.4132300785612917,-0.08684176953873758,-0.7067137148410202,-0.08695743247572561,-0.8782077673253272,-0.08375277039449697,-0.9964865646115088,0.011907856046197067,-0.40397936051927924,-0.004188864046890615,-0.6663318020994985,-0.012323437795543613,-0.8216679191039302,-0.01610275627166534,-0.9301156106321324,0.08992259850187309,-0.3751041113487931,0.07610541990861219,-0.5818130467406469,0.07025971629940599,-0.6993541498388379,0.06965908604517876,-0.7964276078957083
FULL_HAND,0.0,0.0,0.14718546114934972,-0.09357787655589661,0.24806595549416322,-0.24322020574230555,0.27391282798870753,-0.4258030165366749,0.2511088360698392,-0.5677651082529145,0.16895463227177873,-0.3976421458127207,0.17144290703379533,-0.6775888830656936,0.16272698662179572,-0.8205675673615346,0.14974664877871838,-0.9215303350093738,0.07161158204799972,-0.40956647871546586,0.08041168479924789,-0.7137510788361463,0.07733462631700062,-0.8835906417699599,0.06982607894326505,-0.9975591805499104,-0.012888888849819022,-0.40319485478518796,0.0021764860395474075,-0.6732424386588449,0.010050336731807021,-0.8268769936600341,0.012343335562764995,-0.9323080145421059,-0.08585194538000496,-0.376434477667079,-0.06614194694213545,-0.59399600493733,-0.05439269113557433,-0.7103847705752229,-0.047453159719890364,-0.8012669032389431
FULL_HAND,-0.0,0.0,-0.14718546114934972,-0.09357787655589661,-0.24806595549416322,-0.24322020574230555,-0.27391282798870753,-0.4258030165366749,-0.2511088360698392,-0.5677651082529145,-0.16895463227177873,-0.3976421458127207,-0.17144290703379533,-0.6775888830656936,-0.16272698662179572,-0.8205675673615346,-0.14974664877871838,-0.9215303350093738,-0.07161158204799972,-0.40956647871546586,-0.08041168479924789,-0.7137510788361463,-0.07733462631700062,-0.8835906417699599,-0.06982607894326505,-0.9975591805499104,0.012888888849819022,-0.40319485478518796,-0.0021764860395474075,-0.6732424386588449,-0.010050336731807021,-0.8268769936600341,-0.012343335562764995,-0.9323080145421059,0.08585194538000496,-0.376434477667079,0.06614194694213545,-0.59399600493733,0.05439269113557433,-0.7103847705752229,0.047453159719890364,-0.8012669032389431
FULL_HAND,0.0,0.0,0.14807385922686064,-0.09537052589633396,0.24456740971845956,-0.24474791540875265,0.2754027316583641,-0.4217222535818627,0.24686649502873112,-0.5576109118954383,0.1720934911304497,-0.39988344253762703,0.1807263083590167,-0.6695750375546168,0.17518043714364193,-0.8122153767944749,0.16602506173297682,-0.9184887877664325,0.07703350085936163,-0.413480196729783,0.08757354572268379,-0.7071553347045146,0.0844711156009693,-0.8787284012898673,0.07763226036292761,-0.9969820621008899,-0.008643119647229457,-0.40473972227424615,0.005797457498333124,-0.6662687536577114,0.011810168489548701,-0.8220549791108643,0.013485622184927168,-0.9320353100474768,-0.08455146227432503,-0.3763286996560492,-0.06542944170411924,-0.5850405224541863,-0.05503838566453107,-0.7004419373221377,-0.049641625195004625,-0.7945689795742302
FULL_HAND,-0.0,0.0,-0.14807385922686064,-0.09537052589633396,-0.24456740971845956,-0.24474791540875265,-0.2754027316583641,-0.4217222535818627,-0.24686649502873112,-0.5576109118954383,-0.1720934911304497,-0.39988344253762703,-0.1807263083590167,-0.6695750375546168,-0.17518043714364193,-0.8122153767944749,-0.16602506173297682,-0.9184887877664325,-0.07703350085936163,-0.413480196729783,-0.08757354572268379,-0.7071553347045146,-0.0844711156009693,-0.8787284012898673,-0.07763226036292761,-0.9969820621008899,0.008643119647229457,-0.40473972227424615,-0.005797457498333124,-0.6662687536577114,-0.011810168489548701,-0.8220549791108643,-0.013485622184927168,-0.9320353100474768,0.08455146227432503,-0.3763286996560492,0.06542944170411924,-0.5850405224541863,0.05503838566453107,-0.7004419373221377,0.049641625195004625,-0.7945689795742302
FULL_HAND,0.0,0.0,0.15015304921938868,-0.09177950599946424,0.24886906280706148,-0.2397290541771263,0.280351832027554,-0.41833956100106195,0.2506193919176557,-0.5548600248669173,0.17314028424728636,-0.3999660670762947,0.18115030333767046,-0.669901192800399,0.1747268760542963,-0.8136796970290661,0.16343959939598673,-0.9225245136927862,0.07622911761539677,-0.4144466193185364,0.0900639703001816,-0.7076629476425179,0.0884529373468454,-0.8786852442322167,0.08113241585808686,-0.9967033315370379,-0.009782645387100556,-0.40583610760299815,0.00863581044594617,-0.6676141385667198,0.016427023083504525,-0.823558575601326,0.018507644577535603,-0.9343129869907991,-0.08462210925423173,-0.3779631548060836,-0.06015015115701986,-0.5874633502020631,-0.04628718196555894,-0.701981085565725,-0.037516485794774505,-0.7940301179908424
FULL_HAND,-0.0,0.0,-0.15015304921938868,-0.09177950599946424,-0.24886906280706148,-0.2397290541771263,-0.280351832027554,-0.41833956100106195,-0.2506193919176557,-0.5548600248669173,-0.17314028424728636,-0.3999660670762947,-0.18115030333767046,-0.669901192800399,-0.1747268760542963,-0.8136796970290661,-0.16343959939598673,-0.9225245136927862,-0.07622911761539677,-0.4144466193185364,-0.0900639703001816,-0.7076629476425179,-0.0884529373468454,-0.8786852442322167,-0.08113241585808686,-0.9967033315370379,0.009782645387100556,-0.40583610760299815,-0.00863581044594617,-0.6676141385667198,-0.016427023083504525,-0.823558575601326,-0.018507644577535603,-0.9343129869907991,0.08462210925423173,-0.3779631548060836,0.06015015115701986,-0.5874633502020631,0.04628718196555894,-0.701981085565725,0.037516485794774505,-0.7940301179908424
FULL_HAND,0.0,0.0,0.15068236999410425,-0.08707281554756338,0.25734488932185234,-0.23220531216432064,0.2858237944967159,-0.4096301902236558,0.2679924183217933,-0.5522197213361195,0.17959010444500245,-0.3899503344891383,0.1849203691195778,-0.6643176016194374,0.17867746778062113,-0.8085914069461042,0.17007257308828563,-0.9159574638635614,0.08062573582685967,-0.4073564655964533,0.09578238127582572,-0.7031282002076004,0.09661318863934026,-0.8756600262711561,0.09360397229306265,-0.9956095099841904,-0.004782852773973611,-0.40305225652071974,0.016523747592029164,-0.6696610488911087,0.027240409290104087,-0.8253737035392388,0.033597458555065726,-0.9372572603084824,-0.07812796779832328,-0.3774085209608915,-0.05296396942405181,-0.5892450196318749,-0.03889552610309365,-0.7034996821488032,-0.029887377588075387,-0.7959367819763506
FULL_HAND,-0.0,0.0,-0.15068236999410425,-0.08707281554756338,-0.25734488932185234,-0.23220531216432064,-0.2858237944967159,-0.4096301902236558,-0.2679924183217933,-0.5522197213361195,-0.17959010444500245,-0.3899503344891383,-0.1849203691195778,-0.6643176016194374,-0.17867746778062113,-0.8085914069461042,-0.17007257308828563,-0.9159574638635614,-0.08062573582685967,-0.4073564655964533,-0.09578238127582572,-0.7031282002076004,-0.09661318863934026,-0.8756600262711561,-0.09360397229306265,-0.9956095099841904,0.004782852773973611,-0.40305225652071974,-0.016523747592029164,-0.6696610488911087,-0.027240409290104087,-0.8253737035392388,-0.033597458555065726,-0.9372572603084824,0.07812796779832328,-0.3774085209608915,0.05296396942405181,-0.5892450196318749,0.03889552610309365,-0.7034996821488032,0.029887377588075387,-0.7959367819763506
FULL_HAND,0.0,0.0,0.1529742157057893,-0.08644611035989211,0.25736712571351716,-0.23528614662264982,0.28585871945780794,-0.4149428813327269,0.26164701058655976,-0.552754156003756,0.17963915793191432,-0.3881042320506903,0.18565217374138102,-0.663888305923106,0.17920676918911138,-0.8076590175349956,0.16945468778779507,-0.9133354566156611,0.08164413456583687,-0.406403718843798,0.09725019223903719,-0.7053691993392271,0.09800938783650698,-0.8775829564219304,0.09427589832600552,-0.9955461089245564,-0.0033961971985168355,-0.4036953191576624,0.017105902336699234,-0.6710161137351484,0.027181517675369356,-0.8275363535208967,0.032246539046066704,-0.9389311852432738,-0.07691428417182865,-0.3795468866878,-0.051739549686003,-0.5903474297477626,-0.03739750480102176,-0.7048186219156749,-0.027629180032299888,-0.7966727432587569
FULL_HAND,-0.0,0.0,-0.1529742157057893,-0.08644611035989211,-0.25736712571351716,-0.23528614662264982,-0.28585871945780794,-0.4149428813327269,-0.26164701058655976,-0.552754156003756,-0.17963915793191432,-0.3881042320506903,-0.18565217374138102,-0.663888305923106,-0.17920676918911138,-0.8076590175349956,-0.16945468778779507,-0.9133354566156611,-0.08164413456583687,-0.406403718843798,-0.09725019223903719,-0.7053691993392271,-0.09800938783650698,-0.8775829564219304,-0.09427589832600552,-0.9955461089245564,0.0033961971985168355,-0.4036953191576624,-0.017105902336699234,-0.6710161137351484,-0.027181517675369356,-0.8275363535208967,-0.032246539046066704,-0.9389311852432738,0.07691428417182865,-0.3795468866878,0.051739549686003,-0.5903474297477626,0.03739750480102176,-0.7048186219156749,0.027629180032299888,-0.7966727432587569
FULL_HAND,0.0,0.0,0.159622213592106,-0.08116888353476241,0.2768726536006662,-0.22301540368866565,0.30773666900398494,-0.41470441207819825,0.2775222262286004,-0.5584519392581545,0.18907712217162997,-0.38979153939056915,0.19810164979785913,-0.6781933518200571,0.1969090671833758,-0.8222983957177136,0.19410010616914936,-0.9259938537356245,0.08309601194071779,-0.41474847223706973,0.10565733100629074,-0.722968481183875,0.11777060165558038,-0.8878745778571039,0.12603540625669668,-0.9920257438039144,-0.004662320125614103,-0.4174954343134556,0.02404923063066355,-0.6961620916972011,0.04661772520782414,-0.8458218627668719,0.06494694012762113,-0.9480844844182816,-0.0744257909348996,-0.39952102955874236,-0.04032971110601983,-0.6203447550589714,-0.017722884190641035,-0.7340180137118385,0.003012770720549182,-0.8220909353125129
FULL_HAND,-0.0,0.0,-0.159622213592106,-0.08116888353476241,-0.2768726536006662,-0.22301540368866565,-0.30773666900398494,-0.41470441207819825,-0.2775222262286004,-0.5584519392581545,-0.18907712217162997,-0.38979153939056915,-0.19810164979785913,-0.6781933518200571,-0.1969090671833758,-0.8222983957177136,-0.19410010616914936,-0.9259938537356245,-0.08309601194071779,-0.41474847223706973,-0.10565733100629074,-0.722968481183875,-0.11777060165558038,-0.8878745778571039,-0.12603540625669668,-0.9920257438039144,0.004662320125614103,-0.4174954343134556,-0.02404923063066355,-0.6961620916972011,-0.04661772520782414,-0.8458218627668719,-0.06494694012762113,-0.9480844844182816,0.0744257909348996,-0.39952102955874236,0.04032971110601983,-0.6203447550589714,0.017722884190641035,-0.7340180137118385,-0.003012770720549182,-0.8220909353125129
FULL_HAND,0.0,0.0,0.15387035619985315,-0.08106994835763384,0.2609895866270635,-0.22433947010016633,0.2897299339990628,-0.4047220998466419,0.273032504621122,-0.5482413812309481,0.18326526717981304,-0.39040332206928746,0.18849308768751197,-0.6640870862756714,0.18229608718821697,-0.8086104846323313,0.17212875274607675,-0.9154969038304998,0.08239320944843233,-0.409335494503608,0.09824664458369159,-0.7098276705873798,0.10146372253685633,-0.8798764798590679,0.09989492361106574,-0.9949979920767374,-0.004792729666774706,-0.40526163451620595,0.015061999327728006,-0.6738428863350164,0.028301279466715686,-0.8264289566747938,0.03696926064534193,-0.9332609206840405,-0.07994700893934074,-0.3791970560452469,-0.05455553331481787,-0.5902312267380586,-0.03944219926405015,-0.7039335388354586,-0.02837262188276373,-0.7934080643399118
FULL_HAND,-0.0,0.0,-0.15387035619985315,-0.08106994835763384,-0.2609895866270635,-0.22433947010016633,-0.2897299339990628,-0.4047220998466419,-0.273032504621122,-0.5482413812309481,-0.18326526717981304,-0.39040332206928746,-0.18849308768751197,-0.6640870862756714,-0.18229608718821697,-0.8086104846323313,-0.17212875274607675,-0.9154969038304998,-0.08239320944843233,-0.409335494503608,-0.09824664458369159,-0.7098276705873798,-0.10146372253685633,-0.8798764798590679,-0.09989492361106574,-0.9949979920767374,0.004792729666774706,-0.40526163451620595,-0.015061999327728006,-0.6738428863350164,-0.028301279466715686,-0.8264289566747938,-0.03696926064534193,-0.9332609206840405,0.07994700893934074,-0.3791970560452469,0.05455553331481787,-0.5902312267380586,0.03944219926405015,-0.7039335388354586,0.02837262188276373,-0.7934080643399118
FULL_HAND,0.0,0.0,0.15417757964193432,-0.0837968987969629,0.2582284334719338,-0.22987334964939027,0.28390747628624485,-0.4116174038624548,0.25958002006405784,-0.5548206001473494,0.1707639749364549,-0.3918626073723677,0.1653119999649529,-0.6674438129299789,0.15553026867010414,-0.810858431949875,0.1444139160489469,-0.9188744420043036,0.06827521173687608,-0.408709055080798,0.07357817410285704,-0.7093445896934459,0.07412663603563169,-0.8794619858890519,0.07244652350186574,-0.9973722982078927,-0.0169128388569649,-0.4042080536916737,-0.0028972019283050425,-0.6751139504720336,0.008185403900561982,-0.8295122010624645,0.016252663404884737,-0.9418657457390074,-0.08454171683878002,-0.37938388878441665,-0.06295889764545179,-0.5943663285312462,-0.0489936052962158,-0.7107013209871169,-0.03718963881472792,-0.804098845335186
FULL_HAND,-0.0,0.0,-0.15417757964193432,-0.0837968987969629,-0.2582284334719338,-0.22987334964939027,-0.28390747628624485,-0.4116174038624548,-0.25958002006405784,-0.5548206001473494,-0.1707639749364549,-0.3918626073723677,-0.1653119999649529,-0.6674438129299789,-0.15553026867010414,-0.810858431949875,-0.1444139160489469,-0.9188744420043036,-0.06827521173687608,-0.408709055080798,-0.07357817410285704,-0.7093445896934459,-0.07412663603563169,-0.8794619858890519,-0.07244652350186574,-0.9973722982078927,0.0169128388569649,-0.4042080536916737,0.0028972019283050425,-0.6751139504720336,-0.008185403900561982,-0.8295122010624645,-0.016252663404884737,-0.9418657457390074,0.08454171683878002,-0.37938388878441665,0.06295889764545179,-0.5943663285312462,0.0489936052962158,-0.7107013209871169,0.03718963881472792,-0.804098845335186
FULL_HAND,0.0,0.0,0.1531194992470913,-0.08332084390181413,0.2561345911390102,-0.22888775911749742,0.2835848572946375,-0.40964620906759114,0.25928635137927153,-0.5514119538152487,0.17286827786700834,-0.38832760928641147,0.16711110411188887,-0.6604945115982559,0.15554981497082382,-0.8028015233381243,0.1416980557728288,-0.9107321445169488,0.07200264753472707,-0.405166863617579,0.07649123442705312,-0.7036256693123717,0.07442274259047009,-0.876059905398652,0.06980440829612156,-0.9975606971921199,-0.012905949598534876,-0.40072827843631537,0.0005915747112968669,-0.6705800464445246,0.010353659076580268,-0.8259555592450842,0.01703540547431943,-0.9389882522020243,-0.08167348030736164,-0.3764454401317597,-0.06020756826360265,-0.592879774316078,-0.046572768754366924,-0.7104383871442279,-0.03569504033650432,-0.8046154164990404
FULL_HAND,-0.0,0.0,-0.1531194992470913,-0.08332084390181413,-0.2561345911390102,-0.22888775911749742,-0.2835848572946375,-0.40964620906759114,-0.25928635137927153,-0.5514119538152487,-0.17286827786700834,-0.38832760928641147,-0.16711110411188887,-0.6604945115982559,-0.15554981497082382,-0.8028015233381243,-0.1416980557728288,-0.9107321445169488,-0.07200264753472707,-0.405166863617579,-0.07649123442705312,-0.7036256693123717,-0.07442274259047009,-0.876059905398652,-0.06980440829612156,-0.9975606971921199,0.012905949598534876,-0.40072827843631537,-0.0005915747112968669,-0.6705800464445246,-0.010353659076580268,-0.8259555592450842,-0.01703540547431943,-0.9389882522020243,0.08167348030736164,-0.3764454401317597,0.06020756826360265,-0.592879774316078,0.046572768754366924,-0.7104383871442279,0.03569504033650432,-0.8046154164990404
FULL_HAND,0.0,0.0,0.16354863666856495,-0.09081130428492717,0.2714827293925353,-0.2429229747714424,0.3035782979447662,-0.430789713340316,0.2771887493524769,-0.5753002248829172,0.19532340625323616,-0.4154182481341536,0.19011814071454533,-0.7095361852010946,0.182065742119484,-0.8569977230011837,0.17275662758580834,-0.9588823672642496,0.0889326477073738,-0.4302420110811091,0.0951007830046654,-0.742874419115976,0.10066346006943709,-0.9001993936918536,0.10632563953033752,-0.9943313624634721,-0.005045980643869687,-0.4260123824109093,0.00870642588584094,-0.7113249991534945,0.023028488699701997,-0.8595061561158098,0.03633478944255985,-0.9553205462574094,-0.0856925713799369,-0.4041267189234991,-0.061909134425560966,-0.6371824740717781,-0.04708672249552509,-0.7574668204154495,-0.030899378171614717,-0.84649194523097
FULL_HAND,-0.0,0.0,-0.16354863666856495,-0.09081130428492717,-0.2714827293925353,-0.2429229747714424,-0.3035782979447662,-0.430789713340316,-0.2771887493524769,-0.5753002248829172,-0.19532340625323616,-0.4154182481341536,-0.19011814071454533,-0.7095361852010946,-0.182065742119484,-0.8569977230011837,-0.17275662758580834,-0.9588823672642496,-0.0889326477073738,-0.4302420110811091,-0.0951007830046654,-0.742874419115976,-0.10066346006943709,-0.9001993936918536,-0.10632563953033752,-0.9943313624634721,0.005045980643869687,-0.4260123824109093,-0.00870642588584094,-0.7113249991534945,-0.023028488699701997,-0.8595061561158098,-0.03633478944255985,-0.9553205462574094,0.0856925713799369,-0.4041267189234991,0.061909134425560966,-0.6371824740717781,0.04708672249552509,-0.7574668204154495,0.030899378171614717,-0.84649194523097
FULL_HAND,0.0,0.0,0.1647710322466115,-0.09099315282002156,0.27285839598377987,-0.24181361043344832,0.3047921221402651,-0.4300865126923577,0.27895275269055575,-0.5749771395997216,0.19657355669094215,-0.41465716430502325,0.19159877440890374,-0.7086562726466602,0.1834452740867939,-0.8563992017939955,0.173955219692334,-0.9578820024754224,0.0903587070341986,-0.43005028182284977,0.09606871910660524,-0.7425816151075868,0.10138134072782361,-0.9002976994411227,0.10699002803643859,-0.9942600936881467,-0.003845812165394989,-0.4261235585552142,0.00903906118297354,-0.7114904594518776,0.02306189477045666,-0.8601881666436142,0.0362026824321776,-0.9564898177956004,-0.08502195403161023,-0.40397405982322315,-0.06149277567736983,-0.6379146211987189,-0.04665805967634318,-0.7580530075263278,-0.030352343335333654,-0.8470049293810519
FULL_HAND,-0.0,0.0,-0.1647710322466115,-0.09099315282002156,-0.27285839598377987,-0.24181361043344832,-0.3047921221402651,-0.4300865126923577,-0.27895275269055575,-0.5749771395997216,-0.19657355669094215,-0.41465716430502325,-0.19159877440890374,-0.7086562726466602,-0.1834452740867939,-0.8563992017939955,-0.173955219692334,-0.9578820024754224,-0.0903587070341986,-0.43005028182284977,-0.09606871910660524,-0.7425816151075868,-0.10138134072782361,-0.9002976994411227,-0.10699002803643859,-0.9942600936881467,0.003845812165394989,-0.4261235585552142,-0.00903906118297354,-0.7114904594518776,-0.02306189477045666,-0.8601881666436142,-0.0362026824321776,-0.9564898177956004,0.08502195403161023,-0.40397405982322315,0.06149277567736983,-0.6379146211987189,0.04665805967634318,-0.7580530075263278,0.030352343335333654,-0.8470049293810519
FULL_HAND,0.0,0.0,0.15258218789771458,-0.09011964598537921,0.253427235275693,-0.242119751408756,0.27662106243587414,-0.4242667010479035,0.25024363735292493,-0.5643713741825896,0.174686044674886,-0.3834525992260067,0.16090493590537544,-0.6673178488765605,0.14601587214484404,-0.8114893640163378,0.13227247303729228,-0.9142576686151737,0.07357051910617432,-0.3955565627222813,0.06858008045741634,-0.7067018198262913,0.06310283263410697,-0.8806405685847877,0.05880683191403573,-0.9982693807386033,-0.013568580982368603,-0.3917226826288466,-0.008324875219361098,-0.6725160452013751,-0.0027362388561119966,-0.8309512883227744,0.002713484137015513,-0.9437588718494418,-0.08736258623898913,-0.36843835227996435,-0.07240570954789258,-0.5906405048517086,-0.06304681605933404,-0.7082916204978963,-0.05535643007528934,-0.8019692536652855
FULL_HAND,-0.0,0.0,-0.15258218789771458,-0.09011964598537921,-0.253427235275693,-0.242119751408756,-0.27662106243587414,-0.4242667010479035,-0.25024363735292493,-0.5643713741825896,-0.174686044674886,-0.3834525992260067,-0.16090493590537544,-0.6673178488765605,-0.14601587214484404,-0.8114893640163378,-0.13227247303729228,-0.9142576686151737,-0.07357051910617432,-0.3955565627222813,-0.06858008045741634,-0.7067018198262913,-0.06310283263410697,-0.8806405685847877,-0.05880683191403573,-0.9982693807386033,0.013568580982368603,-0.3917226826288466,0.008324875219361098,-0.6725160452013751,0.0027362388561119966,-0.8309512883227744,-0.002713484137015513,-0.9437588718494418,0.08736258623898913,-0.36843835227996435,0.07240570954789258,-0.5906405048517086,0.06304681605933404,-0.7082916204978963,0.05535643007528934,-0.8019692536652855
FULL_HAND,0.0,0.0,0.15230760598945967,-0.09426072715494797,0.25142173815771884,-0.24616927109677678,0.27774512014694713,-0.4251620219860434,0.2491812086794292,-0.5612820606203762,0.17435288020901013,-0.38700616634649276,0.16284764518151054,-0.667020080715724,0.14754415771845075,-0.8113568998359619,0.13158516050768165,-0.9165656335608913,0.07448082699459563,-0.3987159013139895,0.07258650836454975,-0.7044337609655913,0.06535654172605272,-0.8787568922088902,0.0572467542665015,-0.998360059861146,-0.013239322243530674,-0.39240473244945234,-0.005324290485750145,-0.6682195254568811,-0.0003462753796227626,-0.8253191671182392,0.0031368703323634904,-0.9372269032953934,-0.08934517842367613,-0.3663838735648964,-0.0717509560694779,-0.5882490785835809,-0.06054914758595638,-0.7047242167023937,-0.05208553457544139,-0.79775787968598
FULL_HAND,-0.0,0.0,-0.15230760598945967,-0.09426072715494797,-0.25142173815771884,-0.24616927109677678,-0.27774512014694713,-0.4251620219860434,-0.2491812086794292,-0.5612820606203762,-0.17435288020901013,-0.38700616634649276,-0.16284764518151054,-0.667020080715724,-0.14754415771845075,-0.8113568998359619,-0.13158516050768165,-0.9165656335608913,-0.07448082699459563,-0.3987159013139895,-0.07258650836454975,-0.7044337609655913,-0.06535654172605272,-0.8787568922088902,-0.0572467542665015,-0.998360059861146,0.013239322243530674,-0.39240473244945234,0.005324290485750145,-0.6682195254568811,0.0003462753796227626,-0.8253191671182392,-0.0031368703323634904,-0.9372269032953934,0.08934517842367613,-0.3663838735648964,0.0717509560694779,-0.5882490785835809,0.06054914758595638,-0.7047242167023937,0.05208553457544139,-0.79775787968598
FULL_HAND,0.0,0.0,0.15129722326545905,-0.0937027921471737,0.2517335205633504,-0.24536837415638418,0.2770427205953209,-0.42473674783877235,0.24850460483051187,-0.5604776851043561,0.1744954567206663,-0.3865036462035623,0.16322482485218123,-0.6638038896599263,0.1476784510044181,-0.8078898291699382,0.13142754198120443,-0.9135766706791739,0.07474831145306443,-0.3987962595735825,0.07300821384039272,-0.7014781776286589,0.06528445894782359,-0.8767996899350855,0.056575860941827795,-0.9983983032631271,-0.012808109644475067,-0.3927508766191687,-0.0038083260790294166,-0.666541960769342,0.0008043647074369697,-0.8256270460929785,0.0035224827833802543,-0.9396573450956639,-0.0886326619771949,-0.36740653350243696,-0.0695977255029547,-0.5870900756805754,-0.05815369533713146,-0.7050392148218779,-0.05000049967253549,-0.8004429708902677
FULL_HAND,-0.0,0.0,-0.15129722326545905,-0.0937027921471737,-0.2517335205633504,-0.24536837415638418,-0.2770427205953209,-0.42473674783877235,-0.24850460483051187,-0.5604776851043561,-0.1744954567206663,-0.3865036462035623,-0.16322482485218123,-0.6638038896599263,-0.1476784510044181,-0.8078898291699382,-0.13142754198120443,-0.9135766706791739,-0.07474831145306443,-0.3987962595735825,-0.07300821384039272,-0.7014781776286589,-0.06528445894782359,-0.8767996899350855,-0.056575860941827795,-0.9983983032631271,0.012808109644475067,-0.3927508766191687,0.0038083260790294166,-0.666541960769342,-0.0008043647074369697,-0.8256270460929785,-0.0035224827833802543,-0.9396573450956639,0.0886326619771949,-0.36740653350243696,0.0695977255029547,-0.5870900756805754,0.05815369533713146,-0.7050392148218779,0.05000049967253549,-0.8004429708902677
FULL_HAND,0.0,0.0,0.15484645903507613,-0.08881728716874936,0.2556717377453248,-0.2358187183038301,0.286399791080675,-0.41291833295962593,0.26390121581216375,-0.5497037143400479,0.18317444031966953,-0.3883940676376945,0.1828965716669701,-0.6593281243001333,0.1724191342759387,-0.8026679481580776,0.1593350670380866,-0.9090062230223224,0.0865512436165252,-0.4031728579045999,0.09465830043757527,-0.6994940925570347,0.09027903147284143,-0.8739618748780082,0.08242297347631608,-0.9965974380076051,-0.00019014090820536022,-0.3973044617798537,0.01557456042876722,-0.66372650354839,0.020677070257831606,-0.8214091082179653,0.0215657625701115,-0.9362226655676498,-0.07752169878045521,-0.37228281605858304,-0.05518754890440219,-0.5863642281398735,-0.04373029264778234,-0.7031904574639342,-0.03628363079222934,-0.7987028849694309
FULL_HAND,-0.0,0.0,-0.15484645903507613,-0.08881728716874936,-0.2556717377453248,-0.2358187183038301,-0.286399791080675,-0.41291833295962593,-0.26390121581216375,-0.5497037143400479,-0.18317444031966953,-0.3883940676376945,-0.1828965716669701,-0.6593281243001333,-0.1724191342759387,-0.8026679481580776,-0.1593350670380866,-0.9090062230223224,-0.0865512436165252,-0.4031728579045999,-0.09465830043757527,-0.6994940925570347,-0.09027903147284143,-0.8739618748780082,-0.08242297347631608,-0.9965974380076051,0.00019014090820536022,-0.3973044617798537,-0.01557456042876722,-0.66372650354839,-0.020677070257831606,-0.8214091082179653,-0.0215657625701115,-0.9362226655676498,0.07752169878045521,-0.37228281605858304,0.05518754890440219,-0.5863642281398735,0.04373029264778234,-0.7031904574639342,0.03628363079222934,-0.7987028849694309
FULL_HAND,0.0,0.0,0.14914817083901466,-0.09060823807280208,0.2500276931468295,-0.23820335755367253,0.27491042238312347,-0.41697336335037083,0.247300078274117,-0.5536471379048901,0.16947052820005057,-0.3931868099810418,0.16176182562595637,-0.6605232839743789,0.14432548499216755,-0.8021314139295936,0.12505476079650543,-0.9086015457668828,0.07321856717972527,-0.406454028817874,0.07137623850113557,-0.7007348959954464,0.05905955591145916,-0.8758027276422047,0.044455993466920224,-0.9990113436016976,-0.009911063903887112,-0.3986975929835073,-0.004468846633084223,-0.6628918045955003,-0.007052010525496423,-0.8214155885196969,-0.013016415900485809,-0.935570525020957,-0.08099345820646466,-0.3702760962497396,-0.06669055899766554,-0.5810001728402391,-0.060615109668569166,-0.6957220903871733,-0.0596603193431715,-0.7898153569396587
FULL_HAND,-0.0,0.0,-0.14914817083901466,-0.09060823807280208,-0.2500276931468295,-0.23820335755367253,-0.27491042238312347,-0.41697336335037083,-0.247300078274117,-0.5536471379048901,-0.16947052820005057,-0.3931868099810418,-0.16176182562595637,-0.6605232839743789,-0.14432548499216755,-0.8021314139295936,-0.12505476079650543,-0.9086015457668828,-0.07321856717972527,-0.406454028817874,-0.07137623850113557,-0.7007348959954464,-0.05905955591145916,-0.8758027276422047,-0.044455993466920224,-0.9990113436016976,0.009911063903887112,-0.3986975929835073,0.004468846633084223,-0.6628918045955003,0.007052010525496423,-0.8214155885196969,0.013016415900485809,-0.935570525020957,0.08099345820646466,-0.3702760962497396,0.06669055899766554,-0.5810001728402391,0.060615109668569166,-0.6957220903871733,0.0596603193431715,-0.7898153569396587
FULL_HAND,0.0,0.0,0.14846535707128344,-0.0916952735353422,0.2443816858289191,-0.24196247645402066,0.26987628727805285,-0.4216411315339988,0.24239689442371634,-0.5574622268981482,0.1642121068036188,-0.39487984041370827,0.15402610607243797,-0.6591623589451288,0.13525490933293277,-0.7992862815942898,0.11437293624596842,-0.9057642650989854,0.06889056875313161,-0.40827217658053877,0.06278421665061583,-0.6997106685760314,0.047807554541628744,-0.8744828755247573,0.030724033682103587,-0.999527905440514,-0.014203029993186365,-0.3997962379974585,-0.010367329502957627,-0.6611663652304683,-0.015552424488233033,-0.8198590132607995,-0.024331634820269146,-0.9358395944782169,-0.08500059786980167,-0.37109828594842453,-0.07178797368871707,-0.5764260699116467,-0.06778605515769295,-0.689491337178982,-0.06906599003748769,-0.7829328639958865
FULL_HAND,-0.0,0.0,-0.14846535707128344,-0.0916952735353422,-0.2443816858289191,-0.24196247645402066,-0.26987628727805285,-0.4216411315339988,-0.24239689442371634,-0.5574622268981482,-0.1642121068036188,-0.39487984041370827,-0.15402610607243797,-0.6591623589451288,-0.13525490933293277,-0.7992862815942898,-0.11437293624596842,-0.9057642650989854,-0.06889056875313161,-0.40827217658053877,-0.06278421665061583,-0.6997106685760314,-0.047807554541628744,-0.8744828755247573,-0.030724033682103587,-0.999527905440514,0.014203029993186365,-0.3997962379974585,0.010367329502957627,-0.6611663652304683,0.015552424488233033,-0.8198590132607995,0.024331634820269146,-0.9358395944782169,0.08500059786980167,-0.37109828594842453,0.07178797368871707,-0.5764260699116467,0.06778605515769295,-0.689491337178982,0.06906599003748769,-0.7829328639958865
FULL_HAND,0.0,0.0,0.1439897540570955,-0.09445970769031586,0.23526977842883956,-0.24947900745820956,0.2524897351573882,-0.4327032053819303,0.22794988373584416,-0.5711665747246939,0.14986056248136123,-0.3989414490618735,0.13151732735667993,-0.6709738813648202,0.10934359186752442,-0.811926980714961,0.08617006918041091,-0.9146937754227846,0.0532683276822687,-0.4055071258698979,0.03656537514906303,-0.7057464837961044,0.017862110959056703,-0.8792413570174695,-0.0018767590202189823,-0.9999982388862392,-0.028351490195053262,-0.3930663399491141,-0.03391584384494336,-0.6638985115318919,-0.0434533578404825,-0.8234644991752657,-0.05629908430214634,-0.936770561105612,-0.09612518002868284,-0.3603610784767244,-0.08878064853445959,-0.5728894305352474,-0.08764932170700312,-0.6895452372948858,-0.09204050897423433,-0.7838765387144628
FULL_HAND,-0.0,0.0,-0.1439897540570955,-0.09445970769031586,-0.23526977842883956,-0.24947900745820956,-0.2524897351573882,-0.4327032053819303,-0.22794988373584416,-0.5711665747246939,-0.14986056248136123,-0.3989414490618735,-0.13151732735667993,-0.6709738813648202,-0.10934359186752442,-0.811926980714961,-0.08617006918041091,-0.9146937754227846,-0.0532683276822687,-0.4055071258698979,-0.03656537514906303,-0.7057464837961044,-0.017862110959056703,-0.8792413570174695,0.0018767590202189823,-0.9999982388862392,0.028351490195053262,-0.3930663399491141,0.03391584384494336,-0.6638985115318919,0.0434533578404825,-0.8234644991752657,0.05629908430214634,-0.936770561105612,0.09612518002868284,-0.3603610784767244,0.08878064853445959,-0.5728894305352474,0.08764932170700312,-0.6895452372948858,0.09204050897423433,-0.7838765387144628
FULL_HAND,0.0,0.0,0.145486830861299,-0.0898287355453505,0.24074450321431448,-0.2451558386491561,0.26378016998221476,-0.43153827504642484,0.23808185905778473,-0.570109193287171,0.15905030423744232,-0.39534142137620504,0.14730978948353363,-0.6670593888460433,0.13050268533674483,-0.8090612653171265,0.11287918338494944,-0.9172490572067229,0.0635108865585784,-0.40722021456412755,0.05750011850412919,-0.7052726823504883,0.04563785598414724,-0.8770522645421241,0.03268625864542459,-0.99946566148906,-0.016297850978590406,-0.39847874909242975,-0.014218244686942669,-0.6642393413586488,-0.016134173233616794,-0.8210292879133851,-0.02134996095429628,-0.934038001751139,-0.07952795750579866,-0.3702735684079026,-0.0647035682174001,-0.5787056835944119,-0.05819844872826098,-0.6936356350984705,-0.05718030437729355,-0.786970501181654
FULL_HAND,-0.0,0.0,-0.145486830861299,-0.0898287355453505,-0.24074450321431448,-0.2451558386491561,-0.26378016998221476,-0.43153827504642484,-0.23808185905778473,-0.570109193287171,-0.15905030423744232,-0.39534142137620504,-0.14730978948353363,-0.6670593888460433,-0.13050268533674483,-0.8090612653171265,-0.11287918338494944,-0.9172490572067229,-0.0635108865585784,-0.40722021456412755,-0.05750011850412919,-0.7052726823504883,-0.04563785598414724,-0.8770522645421241,-0.03268625864542459,-0.99946566148906,0.016297850978590406,-0.39847874909242975,0.014218244686942669,-0.6642393413586488,0.016134173233616794,-0.8210292879133851,0.02134996095429628,-0.934038001751139,0.07952795750579866,-0.3702735684079026,0.0647035682174001,-0.5787056835944119,0.05819844872826098,-0.6936356350984705,0.05718030437729355,-0.786970501181654
FULL_HAND,0.0,0.0,0.14620346021316405,-0.08750670546833074,0.24338933435386603,-0.24094098444972178,0.2701320676251566,-0.42412245185397496,0.24908117823727174,-0.5640054957923363,0.16359412421422193,-0.39306831637423123,0.16045138313654306,-0.6631652081213308,0.14714958254152255,-0.8037991543087996,0.13157319604478723,-0.9103791637182355,0.06955933182331542,-0.40772952564495374,0.07127297730536143,-0.7025343288651553,0.061930094862387576,-0.8754272750153003,0.049258619408701604,-0.9987860573786304,-0.010383955466225111,-0.39929746877297534,-0.0009053860022237287,-0.6628566636926692,-0.0013892054246403475,-0.8191033206083376,-0.006374751522866711,-0.9334698913955096,-0.07690861231145953,-0.3706948864989859,-0.060813593152168686,-0.5729444600341846,-0.05350190612820236,-0.6853694069681232,-0.052156579891653766,-0.7785981157067161
FULL_HAND,-0.0,0.0,-0.14620346021316405,-0.08750670546833074,-0.24338933435386603,-0.24094098444972178,-0.2701320676251566,-0.42412245185397496,-0.24908117823727174,-0.5640054957923363,-0.16359412421422193,-0.39306831637423123,-0.16045138313654306,-0.6631652081213308,-0.14714958254152255,-0.8037991543087996,-0.13157319604478723,-0.9103791637182355,-0.06955933182331542,-0.40772952564495374,-0.07127297730536143,-0.7025343288651553,-0.061930094862387576,-0.8754272750153003,-0.049258619408701604,-0.9987860573786304,0.010383955466225111,-0.39929746877297534,0.0009053860022237287,-0.6628566636926692,0.0013892054246403475,-0.8191033206083376,0.006374751522866711,-0.9334698913955096,0.07690861231145953,-0.3706948864989859,0.060813593152168686,-0.5729444600341846,0.05350190612820236,-0.6853694069681232,0.052156579891653766,-0.7785981157067161
FULL_HAND,0.0,0.0,0.14638423358237135,-0.0875091829998877,0.2435243659388435,-0.24170286790000572,0.2701706314449764,-0.4243666069310192,0.2485573860014155,-0.5631440457714124,0.1636224599095497,-0.39221051781849253,0.15955642877870835,-0.6621473889419847,0.14638676528260403,-0.8032205976648047,0.13124707733401125,-0.9107382898321946,0.06943260222422976,-0.4060756755356608,0.07042406425820963,-0.7005973451115359,0.06150578851712518,-0.8741253835743391,0.04955706759752028,-0.9987712936659396,-0.010555381612975227,-0.3974489672713736,-0.001509737238756082,-0.6598583702601782,-0.0011563239419890572,-0.8165380642316361,-0.005239233074381634,-0.9315368100294477,-0.07685645148510815,-0.36926535693823304,-0.060699020042977156,-0.5722449053221348,-0.05310964580974293,-0.685075671820693,-0.05175072557056234,-0.7783824483534226
FULL_HAND,-0.0,0.0,-0.14638423358237135,-0.0875091829998877,-0.2435243659388435,-0.24170286790000572,-0.2701706314449764,-0.4243666069310192,-0.2485573860014155,-0.5631440457714124,-0.1636224599095497,-0.39221051781849253,-0.15955642877870835,-0.6621473889419847,-0.14638676528260403,-0.8032205976648047,-0.13124707733401125,-0.9107382898321946,-0.06943260222422976,-0.4060756755356608,-0.07042406425820963,-0.7005973451115359,-0.06150578851712518,-0.8741253835743391,-0.04955706759752028,-0.9987712936659396,0.010555381612975227,-0.3974489672713736,0.001509737238756082,-0.6598583702601782,0.0011563239419890572,-0.8165380642316361,0.005239233074381634,-0.9315368100294477,0.07685645148510815,-0.36926535693823304,0.060699020042977156,-0.5722449053221348,0.05310964580974293,-0.685075671820693,0.05175072557056234,-0.7783824483534226
FULL_HAND,0.0,0.0,0.14915197444482783,-0.08212075802670743,0.24816053705597702,-0.22776958758002291,0.28391365648644995,-0.40284355300432956,0.2685804371244725,-0.5429747692012991,0.18404064150141758,-0.38075893226770197,0.1873429801553028,-0.6516620076750598,0.17699542241097563,-0.7971121868859374,0.16328861037976708,-0.9045179612592089,0.09044497733742232,-0.39890824352288107,0.09817903573933184,-0.696273207662111,0.09365288778201845,-0.8720634230652913,0.08614519837498001,-0.9962825928404728,0.005035863177057101,-0.3968010099679043,0.018030675422765027,-0.6614059763634028,0.02322447332168592,-0.819625461183193,0.024406335064431864,-0.9348806035524961,-0.07206061190960976,-0.37395640537856395,-0.05208322472795888,-0.5827844826168671,-0.042767601615216776,-0.6963582731265782,-0.038214227781513455,-0.789223212015429
FULL_HAND,-0.0,0.0,-0.14915197444482783,-0.08212075802670743,-0.24816053705597702,-0.22776958758002291,-0.28391365648644995,-0.40284355300432956,-0.2685804371244725,-0.5429747692012991,-0.18404064150141758,-0.38075893226770197,-0.1873429801553028,-0.6516620076750598,-0.17699542241097563,-0.7971121868859374,-0.16328861037976708,-0.9045179612592089,-0.09044497733742232,-0.39890824352288107,-0.09817903573933184,-0.696273207662111,-0.09365288778201845,-0.8720634230652913,-0.08614519837498001,-0.9962825928404728,-0.005035863177057101,-0.3968010099679043,-0.018030675422765027,-0.6614059763634028,-0.02322447332168592,-0.819625461183193,-0.024406335064431864,-0.9348806035524961,0.07206061190960976,-0.37395640537856395,0.05208322472795888,-0.5827844826168671,0.042767601615216776,-0.6963582731265782,0.038214227781513455,-0.789223212015429
FULL_HAND,0.0,0.0,0.14474125918836506,-0.08556158362437352,0.2452195123490492,-0.22869817832493144,0.2847634254290779,-0.39762544962884766,0.26936292495391756,-0.5356912722096203,0.18881912836450926,-0.3772521870030058,0.19065743717587147,-0.6445638677812139,0.18062609196247595,-0.7915578015322979,0.16694399977809912,-0.903112735928373,0.09686985694411884,-0.3955392551976583,0.10218683557893062,-0.693036078598754,0.09836121295241645,-0.8699910255763743,0.09225592570823976,-0.9957353283738183,0.010671457276837708,-0.3950033098209222,0.023172143761300865,-0.6612228883989837,0.02897127423016172,-0.8223377203890107,0.03171157326479856,-0.9387627427866618,-0.06864677937530689,-0.375632783706393,-0.046486389539988834,-0.5816808954848878,-0.03519117592424845,-0.698157907942292,-0.027955913338310878,-0.793497913845832
FULL_HAND,-0.0,0.0,-0.14474125918836506,-0.08556158362437352,-0.2452195123490492,-0.22869817832493144,-0.2847634254290779,-0.39762544962884766,-0.26936292495391756,-0.5356912722096203,-0.18881912836450926,-0.3772521870030058,-0.19065743717587147,-0.6445638677812139,-0.18062609196247595,-0.7915578015322979,-0.16694399977809912,-0.903112735928373,-0.09686985694411884,-0.3955392551976583,-0.10218683557893062,-0.693036078598754,-0.09836121295241645,-0.8699910255763743,-0.09225592570823976,-0.9957353283738183,-0.010671457276837708,-0.3950033098209222,-0.023172143761300865,-0.6612228883989837,-0.02897127423016172,-0.8223377203890107,-0.03171157326479856,-0.9387627427866618,0.06864677937530689,-0.375632783706393,0.046486389539988834,-0.5816808954848878,0.03519117592424845,-0.698157907942292,0.027955913338310878,-0.793497913845832
FULL_HAND,0.0,0.0,0.1453339417075204,-0.08364202122412003,0.24567224357599995,-0.2158112476866334,0.3087024945673329,-0.35500679119691153,0.31010495436738367,-0.48412558571319586,0.23702874168266516,-0.3487205484518545,0.26837440601519613,-0.6048851695800604,0.2766197691572601,-0.7512669930914768,0.27844303240222096,-0.8651598298345805,0.15839954804652664,-0.37944758455684324,0.19307941153004238,-0.6711288286961617,0.20906247487860774,-0.8476598041296594,0.21844198977116577,-0.9758499357507864,0.07031367475162459,-0.39400185513760355,0.10653473740261318,-0.6578905514541693,0.12996125296973846,-0.817250073735621,0.14844476916685764,-0.9352804616609015,-0.025591648858628194,-0.3901113884190321,0.011710768597556005,-0.6042426320658756,0.03784807323079526,-0.7232681048497536,0.06145800250367214,-0.8228064609415764
FULL_HAND,-0.0,0.0,-0.1453339417075204,-0.08364202122412003,-0.24567224357599995,-0.2158112476866334,-0.3087024945673329,-0.35500679119691153,-0.31010495436738367,-0.48412558571319586,-0.23702874168266516,-0.3487205484518545,-0.26837440601519613,-0.6048851695800604,-0.2766197691572601,-0.7512669930914768,-0.27844303240222096,-0.8651598298345805,-0.15839954804652664,-0.37944758455684324,-0.19307941153004238,-0.6711288286961617,-0.20906247487860774,-0.8476598041296594,-0.21844198977116577,-0.9758499357507864,-0.07031367475162459,-0.39400185513760355,-0.10653473740261318,-0.6578905514541693,-0.12996125296973846,-0.817250073735621,-0.14844476916685764,-0.9352804616609015,0.025591648858628194,-0.3901113884190321,-0.011710768597556005,-0.6042426320658756,-0.03784807323079526,-0.7232681048497536,-0.06145800250367214,-0.8228064609415764
FULL_HAND,0.0,0.0,0.14614053652311623,-0.08419656690498505,0.24115921945991392,-0.21967147014160665,0.30464763488830454,-0.3568983901308632,0.3092961244615172,-0.4774244310032756,0.25409445595742186,-0.34905816209423635,0.28615330528420385,-0.5957383261251449,0.2944165865011892,-0.7390016317076775,0.2961952871152794,-0.8492603529139613,0.18262407962025254,-0.3828573623648764,0.218982382885232,-0.6708912764777735,0.2370846340426233,-0.8436714248366459,0.24630022070712232,-0.9691935829748476,0.09611694508377891,-0.3972362091760892,0.13155934827001406,-0.6648933075996076,0.15525113090862297,-0.8181050003634883,0.17553971553851644,-0.9325085029743583,-0.001811753738958175,-0.3918428510079824,0.029732459104078776,-0.606032866011753,0.05492611405539914,-0.7229070394228431,0.08022214653546869,-0.8216502664687457
FULL_HAND,-0.0,0.0,-0.14614053652311623,-0.08419656690498505,-0.24115921945991392,-0.21967147014160665,-0.30464763488830454,-0.3568983901308632,-0.3092961244615172,-0.4774244310032756,-0.25409445595742186,-0.34905816209423635,-0.28615330528420385,-0.5957383261251449,-0.2944165865011892,-0.7390016317076775,-0.2961952871152794,-0.8492603529139613,-0.18262407962025254,-0.3828573623648764,-0.218982382885232,-0.6708912764777735,-0.2370846340426233,-0.8436714248366459,-0.24630022070712232,-0.9691935829748476,-0.09611694508377891,-0.3972362091760892,-0.13155934827001406,-0.6648933075996076,-0.15525113090862297,-0.8181050003634883,-0.17553971553851644,-0.9325085029743583,0.001811753738958175,-0.3918428510079824,-0.029732459104078776,-0.606032866011753,-0.05492611405539914,-0.7229070394228431,-0.08022214653546869,-0.8216502664687457
FULL_HAND,0.0,0.0,0.1470336319311977,-0.08446054592584656,0.2409485334748733,-0.22054809375760576,0.30557674983690636,-0.3567022206245077,0.30998117847845064,-0.47611636211761227,0.25772804186156417,-0.352311187366528,0.2894467186117573,-0.5967569106584557,0.2979935038361964,-0.7389425410735376,0.2996176609365111,-0.8486190344805564,0.18658622077058645,-0.38653559660865694,0.22347286302550468,-0.6718612453609067,0.24181180626320814,-0.8433586275664798,0.25093963282820564,-0.9680027379486307,0.09973904190172476,-0.40050592064602836,0.13696786326155985,-0.6663371085436801,0.16089984333393356,-0.8181706645004772,0.18058044696905526,-0.9317339411821834,0.000903525252808589,-0.3931867361173686,0.03547575027115635,-0.6079737539217267,0.06121657132120784,-0.7233861240455846,0.08655844867064308,-0.8211553814255166
FULL_HAND,-0.0,0.0,-0.1470336319311977,-0.08446054592584656,-0.2409485334748733,-0.22054809375760576,-0.30557674983690636,-0.3567022206245077,-0.30998117847845064,-0.47611636211761227,-0.25772804186156417,-0.352311187366528,-0.2894467186117573,-0.5967569106584557,-0.2979935038361964,-0.7389425410735376,-0.2996176609365111,-0.8486190344805564,-0.18658622077058645,-0.38653559660865694,-0.22347286302550468,-0.6718612453609067,-0.24181180626320814,-0.8433586275664798,-0.25093963282820564,-0.9680027379486307,-0.09973904190172476,-0.40050592064602836,-0.13696786326155985,-0.6663371085436801,-0.16089984333393356,-0.8181706645004772,-0.18058044696905526,-0.9317339411821834,-0.000903525252808589,-0.3931867361173686,-0.03547575027115635,-0.6079737539217267,-0.06121657132120784,-0.7233861240455846,-0.08655844867064308,-0.8211553814255166
FULL_HAND,0.0,0.0,0.14542319663953251,-0.08177413501109766,0.2408574088093257,-0.2133245420953941,0.30686044834407505,-0.349142291133065,0.3122468054657079,-0.47007488626101945,0.24613953751135478,-0.3518211972092874,0.2789274937707223,-0.6017384257002627,0.28498491954872346,-0.7460945249710003,0.28237122170486617,-0.8564036777129106,0.17106024529663896,-0.382684724972529,0.20737808815861677,-0.6723442760464579,0.2233251672982156,-0.8463269107688836,0.22969501645457674,-0.9732626569513143,0.0828629684573476,-0.39629085475826376,0.11901477911322296,-0.6617599847878779,0.14283581778102744,-0.8130636414904688,0.16140497493892406,-0.9268475549999979,-0.01559845078885139,-0.38953185125132184,0.019092132419074207,-0.6041582010699577,0.043237902846448156,-0.7202114396299297,0.06526126315653928,-0.8173889899637986
FULL_HAND,-0.0,0.0,-0.14542319663953251,-0.08177413501109766,-0.2408574088093257,-0.2133245420953941,-0.30686044834407505,-0.349142291133065,-0.3122468054657079,-0.47007488626101945,-0.24613953751135478,-0.3518211972092874,-0.2789274937707223,-0.6017384257002627,-0.28498491954872346,-0.7460945249710003,-0.28237122170486617,-0.8564036777129106,-0.17106024529663896,-0.382684724972529,-0.20737808815861677,-0.6723442760464579,-0.2233251672982156,-0.8463269107688836,-0.22969501645457674,-0.9732626569513143,-0.0828629684573476,-0.39629085475826376,-0.11901477911322296,-0.6617599847878779,-0.14283581778102744,-0.8130636414904688,-0.16140497493892406,-0.9268475549999979,0.01559845078885139,-0.38953185125132184,-0.019092132419074207,-0.6041582010699577,-0.043237902846448156,-0.7202114396299297,-0.06526126315653928,-0.8173889899637986
FULL_HAND,0.0,0.0,0.15043865034478943,-0.07632072372850732,0.25127385831120386,-0.20859108572839444,0.30081102789545827,-0.36705453562740037,0.29950742163335203,-0.5063889061970286,0.2163484248701917,-0.36427779110948916,0.23349326910251256,-0.6292021997068038,0.23162446844526458,-0.7777580972271619,0.2248770161215216,-0.888917448224442,0.126334965293477,-0.3915952130848308,0.14692533669897576,-0.6895903382573115,0.1528473735471868,-0.8642846338139144,0.15528294809020105,-0.9878700349906439,0.03640818026478296,-0.39832621238123495,0.06033851622005402,-0.6639269720263922,0.07459493278488802,-0.8201457024995137,0.08588934374397618,-0.9348527210636908,-0.05270174486259533,-0.38218421307126743,-0.025096592345153122,-0.5912896204342721,-0.00831740019240933,-0.7055172635939065,0.005207054092177038,-0.7994583898569347
FULL_HAND,-0.0,0.0,-0.15043865034478943,-0.07632072372850732,-0.25127385831120386,-0.20859108572839444,-0.30081102789545827,-0.36705453562740037,-0.29950742163335203,-0.5063889061970286,-0.2163484248701917,-0.36427779110948916,-0.23349326910251256,-0.6292021997068038,-0.23162446844526458,-0.7777580972271619,-0.2248770161215216,-0.888917448224442,-0.126334965293477,-0.3915952130848308,-0.14692533669897576,-0.6895903382573115,-0.1528473735471868,-0.8642846338139144,-0.15528294809020105,-0.9878700349906439,-0.03640818026478296,-0.39832621238123495,-0.06033851622005402,-0.6639269720263922,-0.07459493278488802,-0.8201457024995137,-0.08588934374397618,-0.9348527210636908,0.05270174486259533,-0.38218421307126743,0.025096592345153122,-0.5912896204342721,0.00831740019240933,-0.7055172635939065,-0.005207054092177038,-0.7994583898569347
FULL_HAND,0.0,0.0,0.14993709515258546,-0.07868387848442855,0.24965741489498883,-0.2117854883893452,0.3006615164886704,-0.3725814577323755,0.29150630422841445,-0.5119259744018335,0.210637539750697,-0.36837984485056646,0.22434487152676444,-0.6348785254624505,0.2194862557676517,-0.7816669727525409,0.21018232779911583,-0.8923264363830561,0.1195031874240471,-0.39275595220410964,0.13793828615582907,-0.689848423068363,0.14101375853288955,-0.8650460373661351,0.14073590188711926,-0.9900471735831677,0.028330736550223036,-0.3965003825198285,0.049647202129928084,-0.6612251159507024,0.06243773834925412,-0.8179675969358509,0.07205302341021347,-0.9331148723620335,-0.060371877472309377,-0.3780194341571369,-0.03307558216501562,-0.5898916952720288,-0.017713656760033655,-0.7027770993647706,-0.005818173650699645,-0.7949368281076084
FULL_HAND,-0.0,0.0,-0.14993709515258546,-0.07868387848442855,-0.24965741489498883,-0.2117854883893452,-0.3006615164886704,-0.3725814577323755,-0.29150630422841445,-0.5119259744018335,-0.210637539750697,-0.36837984485056646,-0.22434487152676444,-0.6348785254624505,-0.2194862557676517,-0.7816669727525409,-0.21018232779911583,-0.8923264363830561,-0.1195031874240471,-0.39275595220410964,-0.13793828615582907,-0.689848423068363,-0.14101375853288955,-0.8650460373661351,-0.14073590188711926,-0.9900471735831677,-0.028330736550223036,-0.3965003825198285,-0.049647202129928084,-0.6612251159507024,-0.06243773834925412,-0.8179675969358509,-0.07205302341021347,-0.9331148723620335,0.060371877472309377,-0.3780194341571369,0.03307558216501562,-0.5898916952720288,0.017713656760033655,-0.7027770993647706,0.005818173650699645,-0.7949368281076084
FULL_HAND,0.0,0.0,0.15196319341708864,-0.07770159467491382,0.25236105360181815,-0.2104349971636478,0.29808378123595897,-0.3743217096156716,0.29440062741520295,-0.516231274710797,0.20914003394223526,-0.36912127679017326,0.222697102087935,-0.6359492416108589,0.21726439121523114,-0.7827299604939091,0.20713696349113653,-0.8922059336353066,0.11842890238752314,-0.39406613012265423,0.1349354560525065,-0.6934588348576936,0.1370884847914174,-0.8679035152403844,0.13648970029952423,-0.9906414900013759,0.02890524647030225,-0.3982190833345979,0.048218209193776465,-0.6643469369531817,0.05990604203860137,-0.8196124897626222,0.06825559890815425,-0.9326452532724586,-0.05836654456376796,-0.37863982667607965,-0.03283037843730056,-0.5908038009518269,-0.018345967715441006,-0.7042686121160591,-0.007824833944629872,-0.7969755390475924
FULL_HAND,-0.0,0.0,-0.15196319341708864,-0.07770159467491382,-0.25236105360181815,-0.2104349971636478,-0.29808378123595897,-0.3743217096156716,-0.29440062741520295,-0.516231274710797,-0.20914003394223526,-0.36912127679017326,-0.222697102087935,-0.6359492416108589,-0.21726439121523114,-0.7827299604939091,-0.20713696349113653,-0.8922059336353066,-0.11842890238752314,-0.39406613012265423,-0.1349354560525065,-0.6934588348576936,-0.1370884847914174,-0.8679035152403844,-0.13648970029952423,-0.9906414900013759,-0.02890524647030225,-0.3982190833345979,-0.048218209193776465,-0.6643469369531817,-0.05990604203860137,-0.8196124897626222,-0.06825559890815425,-0.9326452532724586,0.05836654456376796,-0.37863982667607965,0.03283037843730056,-0.5908038009518269,0.018345967715441006,-0.7042686121160591,0.007824833944629872,-0.7969755390475924
FULL_HAND,0.0,0.0,0.1523675094542532,-0.08201247142781948,0.2551402014575171,-0.22389531962214074,0.28975662372693045,-0.40203594898167744,0.274655077681085,-0.5431199154963362,0.1939870195039026,-0.3890987777437993,0.19502587242252595,-0.6564143380180932,0.18450290191122876,-0.7980718990987641,0.17071901137656592,-0.9025877599333152,0.09812970210568751,-0.40714210882293206,0.10400465748541322,-0.7025485966042753,0.10040580679157192,-0.8741277061473531,0.0939210360034019,-0.9955796497498569,0.009502913273071097,-0.4038664394114769,0.02153782658910174,-0.6671802165934133,0.029148902419965674,-0.8212240005303176,0.033184491631926556,-0.9334913826964789,-0.07194255512943115,-0.3801738316429439,-0.051585723791957014,-0.5884752628132777,-0.04078891065931647,-0.7005123326317934,-0.032720734323235925,-0.791028087344334
FULL_HAND,-0.0,0.0,-0.1523675094542532,-0.08201247142781948,-0.2551402014575171,-0.22389531962214074,-0.28975662372693045,-0.40203594898167744,-0.274655077681085,-0.5431199154963362,-0.1939870195039026,-0.3890987777437993,-0.19502587242252595,-0.6564143380180932,-0.18450290191122876,-0.7980718990987641,-0.17071901137656592,-0.9025877599333152,-0.09812970210568751,-0.40714210882293206,-0.10400465748541322,-0.7025485966042753,-0.10040580679157192,-0.8741277061473531,-0.0939210360034019,-0.9955796497498569,-0.009502913273071097,-0.4038664394114769,-0.02153782658910174,-0.6671802165934133,-0.029148902419965674,-0.8212240005303176,-0.033184491631926556,-0.9334913826964789,0.07194255512943115,-0.3801738316429439,0.051585723791957014,-0.5884752628132777,0.04078891065931647,-0.7005123326317934,0.032720734323235925,-0.791028087344334
FULL_HAND,0.0,0.0,0.15192930755707212,-0.09270854017229228,0.24747449370533717,-0.2406992152583707,0.2761077432784092,-0.41689299062733587,0.25948962922522956,-0.5570015380999521,0.17327840668452282,-0.3949810044207946,0.17112371752699532,-0.6696826471016809,0.1594556716115573,-0.8135118610820241,0.14534722173356193,-0.9162401986751444,0.07849573999291984,-0.4085815022650087,0.07933343372211046,-0.7069460871540063,0.06906879422135115,-0.8796924912944808,0.05657790543825351,-0.9983981874063175,-0.006343880633024156,-0.4015185376597118,0.003821796932046332,-0.6695290129677895,0.004263445783151618,-0.8205620118908673,0.0018034597111418773,-0.9278119111259611,-0.08090571940287168,-0.37332700264952173,-0.06348618452123203,-0.5839426437115881,-0.05342518581642203,-0.6926773662526742,-0.04727916334299882,-0.7790882868827291
FULL_HAND,-0.0,0.0,-0.15192930755707212,-0.09270854017229228,-0.24747449370533717,-0.2406992152583707,-0.2761077432784092,-0.41689299062733587,-0.25948962922522956,-0.5570015380999521,-0.17327840668452282,-0.3949810044207946,-0.17112371752699532,-0.6696826471016809,-0.1594556716115573,-0.8135118610820241,-0.14534722173356193,-0.9162401986751444,-0.07849573999291984,-0.4085815022650087,-0.07933343372211046,-0.7069460871540063,-0.06906879422135115,-0.8796924912944808,-0.05657790543825351,-0.9983981874063175,0.006343880633024156,-0.4015185376597118,-0.003821796932046332,-0.6695290129677895,-0.004263445783151618,-0.8205620118908673,-0.0018034597111418773,-0.9278119111259611,0.08090571940287168,-0.37332700264952173,0.06348618452123203,-0.5839426437115881,0.05342518581642203,-0.6926773662526742,0.04727916334299882,-0.7790882868827291
FULL_HAND,0.0,0.0,0.15189263117931423,-0.09000648398522902,0.24723620247951714,-0.24199481448052867,0.26582138955903667,-0.4290739422122764,0.24234787355866794,-0.5729092936096469,0.1594478334410469,-0.4111557027271194,0.14991117716934896,-0.6820486975151006,0.1336062015126691,-0.8185852238737137,0.11352460726430143,-0.9198633973146393,0.059258116902058205,-0.4206340616742266,0.0569585822087081,-0.7158885913721005,0.04515121239289588,-0.8830456892180681,0.02945888266531374,-0.9995659929349895,-0.024640117518302,-0.40646165455316463,-0.01854758858028912,-0.6704367874931969,-0.01795668951834212,-0.8201202120809707,-0.022332329495852534,-0.9260966258630127,-0.0941838475565191,-0.3717827377403417,-0.07882610517052052,-0.5801817865984206,-0.07147566407358621,-0.689546650494033,-0.0691773739298622,-0.7751341972752859
FULL_HAND,-0.0,0.0,-0.15189263117931423,-0.09000648398522902,-0.24723620247951714,-0.24199481448052867,-0.26582138955903667,-0.4290739422122764,-0.24234787355866794,-0.5729092936096469,-0.1594478334410469,-0.4111557027271194,-0.14991117716934896,-0.6820486975151006,-0.1336062015126691,-0.8185852238737137,-0.11352460726430143,-0.9198633973146393,-0.059258116902058205,-0.4206340616742266,-0.0569585822087081,-0.7158885913721005,-0.04515121239289588,-0.8830456892180681,-0.02945888266531374,-0.9995659929349895,0.024640117518302,-0.40646165455316463,0.01854758858028912,-0.6704367874931969,0.01795668951834212,-0.8201202120809707,0.022332329495852534,-0.9260966258630127,0.0941838475565191,-0.3717827377403417,0.07882610517052052,-0.5801817865984206,0.07147566407358621,-0.689546650494033,0.0691773739298622,-0.7751341972752859
FULL_HAND,0.0,0.0,0.14985286605438397,-0.09037102477574831,0.246482839310361,-0.24372232059253937,0.2632568396211352,-0.4331107783016615,0.2367276277252989,-0.5759129466733381,0.15458313913190036,-0.41411326206990384,0.14243403355301035,-0.6834138945085659,0.12507155591394895,-0.8189587448525482,0.10412529533533287,-0.9215749303596225,0.05500296613596384,-0.42378285785265796,0.05149133945924391,-0.7158115969273261,0.03930382495063753,-0.8826572957074326,0.023020145814430827,-0.9997350013311939,-0.0266196206073226,-0.41016810690956457,-0.021363768927447745,-0.6695707253321677,-0.021346435666857785,-0.819043704091955,-0.026810746067842964,-0.9246303114763438,-0.09163760026832761,-0.37696440787337127,-0.07774118384064735,-0.5795950170791927,-0.07286915883277593,-0.6884555097138004,-0.0733722829839156,-0.7737912222881651
FULL_HAND,-0.0,0.0,-0.14985286605438397,-0.09037102477574831,-0.246482839310361,-0.24372232059253937,-0.2632568396211352,-0.4331107783016615,-0.2367276277252989,-0.5759129466733381,-0.15458313913190036,-0.41411326206990384,-0.14243403355301035,-0.6834138945085659,-0.12507155591394895,-0.8189587448525482,-0.10412529533533287,-0.9215749303596225,-0.05500296613596384,-0.42378285785265796,-0.05149133945924391,-0.7158115969273261,-0.03930382495063753,-0.8826572957074326,-0.023020145814430827,-0.9997350013311939,0.0266196206073226,-0.41016810690956457,0.021363768927447745,-0.6695707253321677,0.021346435666857785,-0.819043704091955,0.026810746067842964,-0.9246303114763438,0.09163760026832761,-0.37696440787337127,0.07774118384064735,-0.5795950170791927,0.07286915883277593,-0.6884555097138004,0.0733722829839156,-0.7737912222881651
FULL_HAND,0.0,0.0,0.14981525501068685,-0.09051119734342446,0.2455042169585217,-0.24374764381176134,0.2628429431119317,-0.4318707332890342,0.2384112505659843,-0.5744160546945608,0.1578205653232232,-0.41680022642043424,0.14598380351607534,-0.6830601038216886,0.12849031292024202,-0.8179315190952384,0.10749625105117798,-0.9205432916923114,0.05864799528056969,-0.4272026499757532,0.05444551519250563,-0.7161494358577164,0.04244213436651519,-0.8821790006242151,0.026782566391205225,-0.9996412827297103,-0.023902100806025495,-0.41241848679834026,-0.01867842427857712,-0.6708331234161665,-0.018042665310060983,-0.8207576894105201,-0.022927405743755267,-0.9276870166302903,-0.09089977856936514,-0.37756354331971864,-0.07644007711339335,-0.5801835353546546,-0.07126434285080062,-0.6895057841437774,-0.07165469243896959,-0.7761984324873671
FULL_HAND,-0.0,0.0,-0.14981525501068685,-0.09051119734342446,-0.2455042169585217,-0.24374764381176134,-0.2628429431119317,-0.4318707332890342,-0.2384112505659843,-0.5744160546945608,-0.1578205653232232,-0.41680022642043424,-0.14598380351607534,-0.6830601038216886,-0.12849031292024202,-0.8179315190952384,-0.10749625105117798,-0.9205432916923114,-0.05864799528056969,-0.4272026499757532,-0.05444551519250563,-0.7161494358577164,-0.04244213436651519,-0.8821790006242151,-0.026782566391205225,-0.9996412827297103,0.023902100806025495,-0.41241848679834026,0.01867842427857712,-0.6708331234161665,0.018042665310060983,-0.8207576894105201,0.022927405743755267,-0.9276870166302903,0.09089977856936514,-0.37756354331971864,0.07644007711339335,-0.5801835353546546,0.07126434285080062,-0.6895057841437774,0.07165469243896959,-0.7761984324873671
